FamilyMembers,FanHoursPerDay,RefrigeratorHoursPerDay,AirConditionerHoursPerDay,TelevisionHoursPerDay,MonitorHoursPerDay,WashingMachineHoursPerWeek,LightingHoursPerDay,City,Month,TariffRateINRPerKWh,MonthlyConsumptionKWh,ElectricityBillINR
6,5.4,16.2,4.9,4.1,1.5,1.7,11.3,Hyderabad,7,8.2,406.5,3333.67
5,5.5,20.3,1.8,3.2,2.5,2.9,7.1,Lucknow,4,7.4,255.7,1892.32
6,8.1,19.8,8.0,3.7,5.7,2.0,8.6,Bengaluru,11,8.1,590.9,4785.95
6,7.8,24.0,2.7,1.9,2.5,4.4,9.3,Bengaluru,8,8.1,350.4,2837.88
2,4.0,16.6,6.1,6.0,2.4,1.9,5.0,Bengaluru,5,7.7,438.5,3376.17
1,8.1,20.7,9.5,2.7,2.0,3.4,10.7,Kolkata,7,7.5,582.0,4364.92
1,6.5,17.4,3.0,1.0,1.4,3.6,2.5,Ahmedabad,10,7.6,266.3,2023.94
6,2.4,14.8,0.2,3.4,2.5,3.9,7.0,Pune,3,8.2,165.5,1357.5
4,5.9,21.8,12.0,5.3,4.5,5.4,6.7,Hyderabad,7,7.9,707.6,5589.95
1,11.2,22.0,3.6,4.6,4.4,1.0,3.8,Hyderabad,11,8.2,360.6,2957.29
6,6.0,21.7,2.9,2.5,3.6,3.9,4.5,Lucknow,11,7.2,316.4,2278.03
1,2.4,16.1,5.7,7.0,5.4,3.9,4.8,Mumbai,8,8.9,412.8,3673.89
4,9.0,20.3,14.0,3.4,0.0,1.4,3.1,Delhi,5,7.6,782.3,5945.64
5,4.7,21.8,2.3,0.1,3.1,3.4,3.2,Jaipur,4,7.6,275.8,2096.19
6,7.5,22.9,1.5,4.7,1.6,2.4,5.4,Mumbai,8,8.9,272.9,2429.05
3,6.6,21.9,1.6,3.2,7.0,5.1,5.0,Ahmedabad,8,7.8,260.2,2029.24
3,11.4,22.9,5.6,3.4,2.5,2.1,4.7,Jaipur,3,7.4,443.9,3284.82
6,6.6,23.2,5.2,5.3,4.5,2.7,7.7,Hyderabad,6,8.2,440.0,3608.1
2,4.1,20.3,9.0,3.0,5.0,2.4,4.5,Ahmedabad,5,7.8,560.3,4369.98
5,5.8,21.5,2.6,2.9,2.3,1.7,6.5,Jaipur,2,7.5,302.8,2271.06
2,3.9,23.0,2.1,1.0,4.9,0.7,6.0,Lucknow,8,7.0,234.7,1642.76
3,6.5,21.2,1.9,2.4,5.1,1.8,5.4,Lucknow,12,7.0,284.1,1989.0
4,11.4,23.6,2.7,4.0,4.6,3.2,3.3,Chennai,6,8.4,339.5,2851.78
6,10.1,22.6,2.3,2.3,2.0,3.4,5.7,Pune,2,7.8,308.4,2405.41
1,12.1,18.1,6.1,0.2,0.1,4.2,4.7,Lucknow,12,7.2,448.3,3227.91
3,8.2,16.1,4.6,4.8,7.3,4.6,7.9,Hyderabad,5,7.9,367.3,2901.58
5,7.4,20.1,3.1,4.9,2.4,3.6,7.3,Delhi,1,7.5,308.4,2312.73
3,4.5,16.5,1.2,4.9,5.0,4.2,4.8,Bengaluru,12,8.1,199.9,1619.2
5,7.7,20.2,1.3,1.6,2.1,3.8,4.2,Chennai,10,8.3,244.3,2027.48
5,6.7,20.0,6.7,3.5,7.2,1.3,4.2,Bengaluru,6,8.1,493.2,3994.76
6,8.9,23.9,2.8,4.0,2.0,3.6,5.5,Pune,12,7.8,343.8,2681.35
5,4.2,21.5,8.9,4.7,3.2,3.0,8.1,Jaipur,9,7.6,620.6,4716.9
2,7.1,22.9,1.0,4.7,7.6,2.2,8.4,Kolkata,1,7.5,224.0,1679.99
4,3.1,18.5,10.6,0.7,0.0,3.0,2.0,Lucknow,11,7.4,588.4,4354.19
3,7.8,24.0,1.1,6.9,5.4,3.5,9.0,Delhi,11,7.5,263.5,1976.24
4,8.7,22.7,4.0,1.1,2.9,2.7,5.8,Pune,10,8.1,381.3,3088.63
1,2.9,21.3,0.3,0.2,4.4,4.5,3.2,Bengaluru,12,8.0,173.2,1385.41
3,3.7,14.6,3.0,0.0,2.3,3.5,5.9,Chennai,12,8.4,302.6,2541.96
4,3.8,23.5,1.6,4.9,6.3,4.3,4.3,Lucknow,3,7.4,259.9,1923.44
4,6.6,24.0,2.9,6.4,1.4,4.9,9.3,Hyderabad,12,8.2,351.9,2885.73
6,3.5,20.0,2.9,2.2,3.1,2.4,4.8,Lucknow,7,7.0,316.5,2215.62
6,10.4,20.1,1.6,0.0,4.9,2.3,4.1,Chennai,4,8.1,275.7,2232.82
1,8.1,18.4,1.3,5.2,1.4,4.7,10.2,Chennai,9,8.3,233.4,1937.34
5,8.5,15.1,4.7,0.9,3.3,1.8,6.8,Kolkata,3,7.9,349.2,2758.74
3,3.0,18.3,4.0,4.7,0.9,2.9,5.0,Lucknow,5,7.2,349.2,2514.47
6,10.2,24.0,2.3,1.7,2.2,2.3,9.7,Lucknow,3,7.3,318.7,2326.69
3,8.6,23.2,2.9,2.6,8.2,1.5,8.6,Kolkata,7,7.9,346.0,2733.75
1,5.3,17.7,3.8,4.1,5.7,3.7,4.8,Ahmedabad,5,7.6,352.5,2679.03
6,3.1,18.3,1.2,4.2,4.3,2.6,4.4,Ahmedabad,9,7.4,228.2,1688.38
6,6.8,24.0,0.3,3.7,3.7,1.6,6.2,Jaipur,7,7.5,209.7,1572.92
5,5.8,16.9,1.7,6.4,0.0,4.4,5.7,Ahmedabad,2,7.7,255.7,1969.07
3,5.9,17.9,9.7,6.9,2.6,1.0,4.6,Mumbai,4,8.9,611.2,5439.85
3,5.2,18.7,6.6,7.1,4.8,2.8,6.0,Lucknow,9,7.2,474.0,3412.63
3,8.8,15.9,6.1,3.1,2.1,4.3,9.5,Delhi,12,7.6,424.6,3226.69
5,1.0,18.4,4.8,3.7,3.7,4.4,8.1,Lucknow,2,7.0,394.2,2759.34
6,10.6,18.4,11.4,6.3,1.0,3.6,6.8,Mumbai,10,8.9,738.5,6572.92
1,9.5,17.3,4.7,2.2,0.8,1.7,5.3,Mumbai,9,8.8,335.6,2953.4
3,7.5,24.0,3.1,2.6,7.6,3.2,5.7,Bengaluru,10,7.9,347.6,2745.95
4,6.6,16.5,0.8,3.5,7.3,3.5,7.4,Lucknow,5,7.3,222.2,1621.72
5,9.7,19.6,3.6,3.5,2.8,2.3,7.2,Pune,2,8.1,383.1,3102.77
2,6.9,17.4,2.9,2.9,1.4,3.6,6.1,Mumbai,4,8.8,290.2,2553.43
1,6.3,19.4,2.9,1.6,1.1,0.8,8.2,Delhi,12,7.3,305.2,2228.13
4,9.8,17.2,6.6,5.2,3.8,0.4,3.7,Kolkata,12,7.5,485.9,3643.95
3,12.2,20.2,5.1,2.7,6.9,2.0,8.0,Jaipur,7,7.5,446.1,3345.59
2,4.6,21.0,4.6,3.8,1.6,4.0,7.2,Bengaluru,12,8.0,366.2,2929.42
1,8.1,24.0,2.3,3.5,3.4,4.3,3.1,Kolkata,8,7.8,326.1,2543.45
5,4.3,18.2,4.1,4.9,3.3,1.1,4.7,Bengaluru,3,7.9,354.0,2796.27
2,8.3,24.0,12.0,4.4,6.3,5.2,9.0,Delhi,1,7.7,762.4,5870.31
6,5.1,17.6,9.4,3.0,3.6,3.1,7.1,Chennai,4,8.5,597.8,5081.09
2,10.0,19.3,1.9,2.7,0.2,0.7,5.8,Lucknow,2,7.2,264.0,1901.01
4,6.7,24.0,3.2,3.3,4.5,3.5,6.7,Hyderabad,8,8.2,378.4,3103.01
1,7.1,24.0,5.1,1.3,3.3,4.9,6.0,Pune,4,8.2,428.5,3513.92
4,11.1,24.0,2.8,1.9,1.3,2.3,6.7,Kolkata,2,7.7,319.1,2457.1
4,5.2,19.3,14.0,4.6,5.1,4.5,7.9,Lucknow,6,7.2,882.0,6350.72
3,8.7,21.5,4.1,4.1,2.4,5.2,9.6,Pune,6,7.8,361.5,2819.44
5,5.4,22.0,3.8,1.6,3.7,3.1,4.0,Chennai,10,8.3,342.9,2846.25
2,10.0,21.0,8.5,3.3,3.3,1.9,8.3,Hyderabad,4,8.2,532.1,4363.07
1,11.5,17.0,3.8,0.4,2.4,4.8,5.3,Pune,6,7.8,325.3,2537.73
6,6.3,20.7,1.1,3.8,1.4,4.8,3.5,Pune,2,8.2,246.6,2022.16
5,1.5,18.5,1.7,2.8,4.1,1.1,8.6,Kolkata,10,7.7,240.8,1853.97
5,5.3,17.1,1.7,7.7,0.6,2.8,4.6,Ahmedabad,12,7.4,248.1,1836.15
1,13.1,19.1,2.9,4.7,4.9,4.1,8.0,Hyderabad,2,8.1,329.4,2668.32
5,5.5,20.9,3.5,1.6,1.3,4.2,8.2,Lucknow,10,7.2,337.7,2431.53
3,11.4,23.0,1.1,1.6,0.7,2.6,9.9,Chennai,4,8.1,231.4,1873.96
5,5.5,19.2,8.2,4.8,5.8,1.6,8.5,Hyderabad,8,8.3,517.0,4291.07
3,5.4,19.8,2.9,5.3,3.2,5.4,8.6,Delhi,7,7.5,337.7,2532.54
2,8.9,22.4,4.1,7.2,0.0,3.1,8.4,Ahmedabad,12,7.7,370.1,2849.8
2,8.6,20.2,2.3,5.8,3.0,2.7,6.5,Delhi,9,7.7,278.8,2146.89
4,9.1,21.1,3.9,4.5,4.2,2.1,8.7,Chennai,8,8.5,351.6,2988.8
3,7.0,20.2,3.5,6.3,4.3,2.7,5.5,Kolkata,5,7.7,344.0,2648.48
6,9.6,20.6,2.4,3.6,1.5,0.6,4.8,Kolkata,2,7.9,301.8,2383.84
2,9.4,16.8,1.0,3.6,1.7,4.5,7.2,Chennai,5,8.1,207.6,1681.74
5,9.9,20.4,4.3,1.1,3.3,2.6,8.5,Bengaluru,8,7.7,388.6,2992.05
1,5.4,24.0,1.6,6.5,5.1,0.0,5.7,Chennai,10,8.5,240.2,2041.94
1,9.6,20.5,1.2,3.8,0.4,1.5,5.2,Ahmedabad,9,7.6,223.7,1699.9
3,5.7,17.5,1.9,3.3,0.5,4.4,3.1,Mumbai,12,8.9,234.3,2085.5
6,6.6,24.0,1.6,1.9,5.7,2.8,4.4,Kolkata,12,7.7,258.3,1988.64
4,6.6,22.2,0.3,6.0,5.4,1.8,4.6,Jaipur,12,7.4,198.5,1469.17
5,4.5,22.3,7.1,5.5,1.1,3.2,8.5,Ahmedabad,9,7.6,497.4,3780.25
3,2.7,22.2,5.6,1.7,2.2,2.6,5.2,Ahmedabad,1,7.8,396.1,3089.72
1,10.1,16.6,2.5,4.5,7.2,3.2,7.0,Ahmedabad,9,7.8,295.8,2307.29
3,5.2,21.9,4.9,5.1,4.8,3.5,3.0,Pune,7,8.0,416.7,3333.95
5,6.3,24.0,5.1,1.0,2.9,1.8,8.6,Ahmedabad,9,7.7,430.9,3317.93
6,5.2,18.6,2.1,4.8,5.3,2.1,6.5,Kolkata,8,7.7,288.5,2221.57
6,6.4,14.2,7.2,4.4,2.0,1.9,3.3,Mumbai,1,8.9,447.0,3978.49
2,5.7,21.1,1.3,4.7,3.3,1.9,5.0,Mumbai,12,8.8,239.1,2104.21
5,10.2,20.1,1.1,7.5,2.4,2.1,4.4,Ahmedabad,8,7.7,257.1,1979.78
2,5.5,15.4,6.5,9.4,4.4,2.6,6.5,Delhi,8,7.5,471.0,3532.59
2,11.3,21.8,3.7,6.0,4.4,2.1,5.3,Kolkata,11,7.5,365.5,2741.44
2,9.8,21.6,1.6,4.0,3.4,3.2,5.4,Kolkata,3,7.9,250.9,1981.9
3,5.8,15.6,3.0,4.8,4.0,2.5,4.3,Hyderabad,1,8.1,298.1,2414.98
1,7.8,24.0,2.8,4.4,5.3,1.9,3.5,Lucknow,8,7.4,312.3,2310.68
6,8.3,22.3,2.6,8.2,3.9,0.1,7.6,Bengaluru,3,7.9,345.6,2730.61
3,9.1,14.3,1.5,3.8,3.5,1.6,8.0,Bengaluru,3,8.1,232.1,1880.03
1,9.4,22.5,1.5,2.7,3.9,2.5,4.7,Delhi,1,7.3,249.2,1818.96
6,7.5,22.4,5.8,4.6,5.4,4.4,7.0,Bengaluru,11,8.1,467.8,3789.37
5,4.6,24.0,3.2,7.7,1.2,2.9,4.2,Hyderabad,5,7.9,345.6,2730.21
6,8.6,18.1,6.1,1.6,3.8,0.7,7.6,Chennai,10,8.5,449.3,3819.34
6,6.4,22.5,0.6,2.2,0.0,3.1,5.7,Bengaluru,7,7.9,214.8,1696.79
6,1.0,19.3,5.2,2.0,2.4,2.3,4.5,Kolkata,10,7.8,374.1,2918.36
4,8.0,18.3,1.2,1.1,6.8,3.9,4.0,Chennai,9,8.5,232.9,1979.47
5,5.2,17.4,9.7,1.6,1.4,0.8,8.2,Bengaluru,12,7.7,600.6,4624.85
3,5.9,14.3,4.5,5.4,0.0,4.8,3.2,Kolkata,7,7.5,332.7,2495.16
3,7.0,21.6,1.3,3.9,1.1,3.7,5.8,Kolkata,9,7.9,244.7,1933.28
1,3.1,19.2,5.2,0.9,4.4,2.7,2.2,Ahmedabad,8,7.4,378.8,2802.85
3,7.3,12.0,1.0,4.9,2.7,0.7,4.1,Mumbai,12,8.6,175.0,1504.66
2,6.2,20.2,2.6,4.2,1.0,0.8,3.5,Delhi,2,7.3,286.8,2093.54
6,4.8,23.5,0.4,5.4,5.4,4.0,2.0,Hyderabad,1,7.9,237.9,1879.31
3,7.1,16.1,0.7,2.3,3.9,4.2,4.9,Pune,7,8.2,186.4,1528.15
1,2.8,17.9,1.9,1.0,0.7,4.6,5.3,Lucknow,7,7.2,227.7,1639.22
1,7.2,21.3,5.9,4.9,2.6,5.5,3.7,Bengaluru,8,7.9,471.6,3725.76
2,8.2,12.3,1.0,5.2,7.3,4.1,4.8,Bengaluru,5,7.7,180.6,1390.44
1,7.8,18.4,5.9,1.3,2.4,3.6,5.5,Chennai,3,8.4,455.6,3827.44
4,9.0,21.0,0.5,4.0,0.0,6.6,2.2,Chennai,12,8.5,210.6,1790.04
6,9.9,18.3,5.8,2.3,3.9,2.2,6.1,Lucknow,8,7.4,463.8,3431.81
6,6.8,16.1,2.8,5.4,3.8,2.8,7.2,Bengaluru,6,8.0,284.5,2275.7
6,9.7,16.2,1.5,4.8,5.7,0.7,6.6,Jaipur,11,7.6,235.9,1792.72
5,6.8,15.2,7.7,5.9,2.2,3.9,6.6,Hyderabad,3,8.2,495.9,4066.08
3,5.3,18.1,12.0,1.8,3.9,2.7,5.7,Bengaluru,1,7.9,667.8,5275.51
4,6.0,23.2,2.7,2.1,3.5,2.1,6.7,Mumbai,3,8.8,277.0,2437.74
3,7.7,24.0,5.6,2.8,3.0,2.1,8.1,Lucknow,5,7.2,424.8,3058.73
4,9.7,20.1,2.0,2.4,3.6,1.8,11.0,Jaipur,3,7.4,273.4,2023.45
3,7.0,22.3,6.8,4.2,4.2,2.7,3.9,Hyderabad,1,7.9,461.1,3642.7
2,5.3,17.2,5.9,1.3,4.1,0.8,4.3,Bengaluru,5,7.7,437.3,3367.21
1,10.6,13.7,4.6,6.5,4.8,1.0,4.1,Pune,10,8.2,374.8,3073.35
1,3.4,24.0,2.9,7.0,0.0,1.3,8.5,Ahmedabad,7,7.7,303.3,2335.48
2,5.3,18.2,3.9,5.7,0.0,2.1,9.1,Mumbai,7,8.9,349.3,3108.71
4,9.2,22.2,2.9,4.5,3.4,2.3,7.5,Pune,11,7.8,336.4,2623.97
5,11.4,20.5,2.7,3.3,3.2,0.0,3.3,Chennai,9,8.4,285.8,2400.6
4,8.2,23.0,5.8,3.9,1.0,2.2,5.4,Chennai,10,8.3,459.9,3817.18
1,7.6,22.9,4.4,2.0,2.3,1.7,6.7,Bengaluru,10,8.0,369.6,2956.52
5,6.3,20.8,2.0,3.8,1.3,4.2,6.7,Chennai,12,8.3,285.3,2367.72
3,8.4,21.2,5.8,4.2,4.2,1.7,9.9,Mumbai,3,9.0,433.3,3899.61
5,7.3,23.6,4.2,1.8,1.2,4.5,8.1,Hyderabad,7,8.2,397.7,3261.04
4,5.1,18.8,4.1,6.7,3.4,5.6,8.0,Kolkata,1,7.7,393.8,3032.08
2,6.2,24.0,3.8,3.3,5.1,4.8,5.2,Delhi,4,7.7,372.0,2864.74
3,4.8,17.9,1.4,1.4,1.3,1.5,6.8,Lucknow,4,7.4,198.6,1469.39
4,7.0,20.2,7.4,3.1,0.3,3.8,2.7,Hyderabad,5,8.3,558.2,4632.93
3,7.4,21.9,7.3,2.3,1.5,1.6,6.2,Kolkata,7,7.8,518.6,4044.96
5,11.1,15.1,1.6,1.8,1.3,1.8,6.4,Jaipur,7,7.4,230.1,1702.43
1,5.5,24.0,2.1,6.6,3.1,1.9,3.5,Mumbai,11,8.6,291.3,2505.5
4,6.5,21.4,2.1,3.5,0.0,3.2,5.4,Pune,4,7.8,301.0,2347.61
2,10.1,24.0,0.8,5.6,6.2,1.7,8.9,Kolkata,7,7.7,235.1,1810.47
5,11.5,24.0,8.9,4.3,0.5,3.1,5.9,Mumbai,11,9.0,642.5,5782.85
4,8.2,20.0,2.1,4.5,0.3,4.9,7.2,Ahmedabad,3,7.4,279.5,2068.07
2,6.4,24.0,7.7,3.5,3.1,1.3,10.8,Pune,6,8.1,534.9,4332.75
4,5.8,22.5,6.5,2.6,2.8,0.6,5.1,Chennai,12,8.5,468.1,3978.73
5,2.4,20.7,1.3,6.1,5.7,2.0,7.7,Chennai,2,8.1,226.8,1836.72
4,4.7,15.0,8.2,4.8,2.5,5.1,5.6,Pune,10,8.0,542.4,4339.16
3,7.3,15.7,2.3,3.1,2.4,4.0,8.2,Jaipur,9,7.2,237.3,1708.45
5,6.5,20.0,7.1,5.5,4.3,1.7,5.9,Jaipur,5,7.5,498.7,3740.37
4,8.6,18.5,8.9,6.5,4.9,1.4,8.1,Jaipur,6,7.4,579.2,4286.15
1,6.5,20.7,2.1,4.2,0.0,3.5,8.7,Kolkata,12,7.5,260.8,1956.1
4,5.2,24.0,1.2,6.6,3.1,3.1,5.6,Lucknow,12,7.0,234.5,1641.54
3,7.9,22.6,1.7,2.5,7.3,3.9,8.1,Kolkata,12,7.5,292.8,2195.92
2,13.3,17.9,5.7,1.7,1.8,1.3,2.6,Bengaluru,12,8.1,380.5,3082.1
2,6.2,22.8,12.9,2.8,3.3,2.9,6.3,Delhi,4,7.7,734.0,5651.69
2,7.3,17.3,2.6,3.6,5.0,4.3,8.6,Pune,11,8.1,285.8,2315.09
1,9.1,16.6,2.2,6.6,4.0,4.7,10.8,Hyderabad,10,7.9,276.9,2187.83
3,5.6,21.1,12.0,2.7,0.9,1.1,3.5,Delhi,7,7.6,715.9,5440.47
5,10.2,17.6,4.8,4.3,2.9,2.9,3.7,Ahmedabad,12,7.6,397.8,3022.95
2,3.1,18.1,1.0,5.7,0.5,2.6,5.0,Kolkata,9,7.8,214.6,1673.53
3,6.0,23.0,1.5,4.4,0.9,1.7,6.3,Kolkata,7,7.9,255.3,2017.01
4,6.2,22.0,0.7,2.5,5.2,1.9,4.7,Mumbai,1,8.6,220.1,1892.76
1,7.4,18.9,3.7,0.9,4.7,3.9,7.8,Delhi,1,7.7,326.5,2514.01
3,2.1,15.1,2.9,5.9,6.6,1.9,5.4,Mumbai,9,8.8,289.9,2550.69
3,10.4,17.8,2.4,1.4,4.8,2.8,4.6,Hyderabad,11,8.3,272.7,2263.69
5,8.0,24.0,0.9,2.7,2.7,3.7,3.9,Mumbai,9,8.6,237.3,2041.02
3,9.8,22.9,2.1,3.6,1.0,5.6,6.1,Delhi,4,7.7,333.0,2563.85
5,11.0,24.0,2.9,6.0,5.8,3.4,6.9,Pune,9,7.8,384.0,2995.59
1,5.1,20.8,2.9,5.5,4.3,4.1,7.8,Ahmedabad,3,7.7,303.7,2338.43
1,1.0,18.9,4.9,3.8,4.6,3.4,5.2,Kolkata,7,7.5,385.1,2888.18
4,9.9,22.7,0.7,5.9,4.1,2.7,6.9,Hyderabad,6,8.2,243.9,1999.86
5,6.3,23.8,5.5,6.4,5.4,2.7,9.2,Kolkata,8,7.7,453.7,3493.25
5,4.2,18.6,1.7,2.5,0.0,2.8,8.5,Bengaluru,11,7.9,267.5,2113.07
2,8.4,17.9,3.8,2.7,0.6,0.0,5.2,Ahmedabad,9,7.8,319.1,2488.93
2,13.2,15.4,11.2,5.0,1.3,2.5,7.4,Lucknow,5,7.2,715.1,5148.57
4,6.7,17.8,2.7,6.9,3.7,3.7,5.6,Mumbai,1,8.6,297.0,2553.87
1,9.4,22.0,7.9,2.1,2.1,1.9,5.1,Chennai,3,8.5,555.1,4718.48
6,4.5,18.2,12.0,0.0,5.3,5.2,4.1,Delhi,10,7.7,755.3,5815.44
2,2.8,22.8,3.1,4.8,3.0,3.2,9.5,Kolkata,12,7.8,313.0,2441.76
3,9.3,24.0,11.5,6.2,7.6,2.8,4.6,Mumbai,8,8.6,726.1,6244.35
1,8.4,20.1,1.5,3.8,6.4,4.3,5.7,Hyderabad,11,7.9,251.2,1984.47
6,5.8,20.0,5.3,8.8,3.3,3.8,2.2,Kolkata,6,7.8,469.2,3659.82
3,11.3,21.6,2.4,1.8,0.3,4.7,8.2,Lucknow,8,7.0,319.4,2235.49
5,2.6,18.3,3.2,2.0,4.4,5.0,5.9,Ahmedabad,9,7.6,310.6,2360.84
1,3.9,18.1,3.3,2.0,0.8,5.2,8.4,Ahmedabad,4,7.7,297.5,2290.86
4,5.6,18.1,0.4,3.7,1.1,3.7,6.7,Kolkata,1,7.7,191.1,1471.64
5,6.1,16.6,3.7,3.7,2.2,1.4,6.3,Hyderabad,1,7.9,308.4,2436.67
5,10.7,22.7,1.9,2.0,2.2,2.6,7.7,Ahmedabad,10,7.8,303.0,2363.75
3,7.1,18.5,7.7,5.7,4.1,5.5,6.0,Ahmedabad,4,7.4,512.4,3791.47
5,6.5,23.3,7.1,4.0,3.7,3.4,2.3,Lucknow,12,7.2,516.6,3719.44
2,3.8,21.6,1.5,1.4,1.0,2.3,6.5,Delhi,7,7.7,243.1,1871.81
1,9.7,19.9,0.9,4.7,2.4,2.2,8.2,Hyderabad,2,7.9,223.4,1764.64
2,4.2,22.4,1.5,2.7,0.3,1.4,4.3,Hyderabad,3,7.9,226.0,1785.57
3,3.8,17.2,1.2,3.7,3.8,4.4,2.0,Pune,1,8.2,201.4,1651.47
6,6.0,17.7,2.3,5.3,0.0,2.3,4.6,Pune,5,8.1,275.0,2227.15
3,7.4,22.1,2.7,5.5,2.5,1.5,6.7,Ahmedabad,1,7.7,307.7,2369.25
1,5.2,13.4,5.4,5.3,1.7,1.7,3.6,Chennai,8,8.3,416.5,3456.82
5,8.8,20.0,7.7,3.6,4.1,0.0,5.8,Pune,1,8.2,511.8,4196.77
4,6.3,21.8,6.1,1.6,1.4,4.1,6.8,Ahmedabad,11,7.4,446.9,3307.41
3,9.6,23.9,10.3,2.9,1.3,2.6,4.2,Jaipur,1,7.4,625.0,4625.07
1,8.3,24.0,1.0,3.5,3.8,1.2,8.6,Bengaluru,2,8.1,235.2,1905.05
4,11.5,19.6,2.8,6.6,3.9,5.1,7.4,Bengaluru,2,7.7,342.8,2639.4
5,5.9,22.3,1.5,2.4,0.9,3.1,4.0,Hyderabad,12,8.2,238.7,1957.19
6,9.1,17.6,8.0,3.9,4.2,0.0,7.4,Chennai,6,8.4,550.2,4621.27
3,2.5,18.7,3.5,1.0,7.9,4.1,4.3,Lucknow,7,7.0,306.1,2142.43
6,14.0,24.0,2.1,4.2,2.1,1.5,5.0,Delhi,5,7.6,327.2,2486.73
1,9.0,19.9,5.4,3.4,0.5,3.9,6.1,Pune,1,8.1,402.8,3262.76
6,6.3,20.5,5.8,3.2,3.1,3.8,7.6,Jaipur,1,7.2,450.2,3241.77
6,6.4,16.9,2.4,5.2,0.2,3.2,5.9,Ahmedabad,3,7.7,299.0,2302.2
1,6.4,21.3,4.7,2.1,2.5,1.1,6.8,Chennai,2,8.1,368.2,2982.36
1,11.6,22.3,4.2,6.3,2.0,1.2,8.9,Hyderabad,5,8.3,393.2,3263.35
3,9.2,22.2,2.4,2.0,4.4,2.9,6.5,Pune,12,8.0,307.5,2460.06
6,5.9,16.4,2.4,6.2,0.0,1.6,4.7,Chennai,10,8.5,291.0,2473.74
4,3.9,23.0,2.4,0.3,0.0,4.8,7.4,Pune,6,7.8,291.2,2271.74
1,10.0,17.0,3.5,4.1,3.8,2.8,4.9,Delhi,7,7.5,319.5,2396.15
5,9.1,19.9,3.8,4.7,4.1,1.5,5.4,Delhi,4,7.7,353.8,2724.46
6,8.8,15.1,4.4,2.8,0.0,4.5,7.1,Lucknow,7,7.0,373.1,2611.74
1,6.8,19.5,0.2,4.1,6.0,0.1,7.2,Bengaluru,11,7.7,175.3,1350.1
4,6.3,17.0,4.6,2.8,4.8,2.8,5.6,Mumbai,8,9.0,381.4,3432.99
3,11.2,18.7,0.1,4.4,1.7,3.8,5.4,Mumbai,11,8.6,185.6,1596.25
6,11.4,20.2,4.5,4.0,3.2,1.5,9.7,Pune,1,7.8,387.5,3022.43
1,8.6,22.5,4.3,7.9,0.0,2.4,2.0,Lucknow,6,7.4,356.5,2638.09
1,9.4,22.4,0.4,0.7,4.4,2.0,6.7,Mumbai,8,8.6,196.9,1693.0
5,7.6,13.0,4.2,3.9,1.3,1.3,6.0,Hyderabad,5,8.3,335.8,2787.37
5,3.6,22.0,6.4,2.7,2.3,3.1,5.2,Mumbai,4,8.8,488.9,4302.66
6,4.6,20.6,3.1,3.7,2.8,4.3,6.6,Kolkata,2,7.8,316.8,2470.66
1,9.9,18.3,3.8,3.2,5.4,6.0,4.0,Ahmedabad,6,7.4,359.9,2663.12
6,10.2,17.4,2.9,2.8,3.9,4.1,3.4,Lucknow,6,7.2,323.9,2331.79
1,9.6,19.8,3.6,2.5,2.3,2.6,8.1,Hyderabad,11,8.1,315.8,2557.86
5,7.9,20.7,4.2,4.9,1.8,4.7,4.7,Chennai,1,8.1,378.7,3067.33
4,9.7,21.1,2.6,2.8,3.5,1.3,5.8,Hyderabad,9,8.3,324.8,2696.12
2,6.9,19.4,2.9,3.5,2.8,2.2,2.0,Bengaluru,12,7.7,296.6,2283.52
2,8.6,12.4,1.4,3.9,2.5,4.4,2.5,Chennai,11,8.5,201.4,1711.48
1,6.5,18.5,7.4,2.1,3.0,2.0,6.5,Jaipur,6,7.2,510.0,3671.85
5,4.4,16.4,1.4,4.7,2.5,3.1,8.2,Ahmedabad,3,7.6,229.7,1745.74
3,9.2,24.0,4.9,1.6,0.0,1.9,4.6,Ahmedabad,4,7.4,399.4,2955.71
3,10.2,20.2,2.9,4.5,2.9,2.7,9.3,Ahmedabad,12,7.4,325.0,2405.14
2,13.2,22.2,1.5,4.3,3.0,2.9,8.6,Ahmedabad,11,7.7,287.9,2217.13
4,7.7,21.9,8.5,3.2,3.3,3.7,7.8,Pune,4,8.0,556.7,4453.37
2,4.4,20.9,0.5,1.3,1.0,3.2,8.2,Ahmedabad,3,7.4,193.0,1428.16
1,6.2,18.8,2.4,3.5,1.4,4.1,8.6,Ahmedabad,10,7.6,267.6,2033.9
4,6.7,18.4,3.2,1.4,6.3,3.6,5.0,Ahmedabad,3,7.8,338.0,2636.03
3,7.4,13.9,8.5,3.3,1.5,2.7,5.1,Lucknow,3,7.0,544.4,3810.47
5,8.2,20.4,6.3,5.1,4.0,2.1,7.4,Pune,4,7.8,478.0,3728.36
5,7.9,20.9,0.8,3.5,1.4,1.6,3.5,Delhi,7,7.5,222.3,1667.34
1,8.9,19.9,0.8,6.0,0.0,0.0,6.7,Hyderabad,4,8.1,200.2,1621.67
2,7.5,20.4,7.4,4.1,2.8,2.8,6.9,Hyderabad,9,8.1,499.6,4046.39
1,1.4,16.4,7.2,5.0,4.2,1.3,7.4,Chennai,1,8.3,526.4,4369.37
5,7.6,19.1,5.0,4.9,2.3,1.7,7.1,Lucknow,8,7.3,403.7,2947.12
3,7.2,18.1,1.7,6.3,0.0,2.5,3.4,Kolkata,7,7.7,242.6,1867.86
5,8.4,22.0,1.7,0.9,0.0,2.2,2.6,Hyderabad,2,7.9,248.1,1960.21
4,6.1,20.1,0.6,2.5,5.3,3.8,6.1,Mumbai,8,8.6,200.9,1727.74
6,7.6,18.1,5.5,3.6,3.0,2.8,10.9,Kolkata,1,7.9,417.8,3300.58
5,8.4,19.5,1.1,5.1,4.2,5.4,4.1,Ahmedabad,11,7.6,247.9,1884.32
5,6.6,16.9,3.8,3.8,3.5,6.3,5.4,Ahmedabad,12,7.6,328.1,2493.86
6,8.7,19.0,3.1,3.5,0.7,2.5,6.6,Pune,9,8.0,311.6,2492.44
4,7.2,21.7,2.2,5.6,2.5,1.7,4.9,Kolkata,9,7.7,298.7,2299.66
2,7.4,16.0,1.9,2.8,0.0,0.4,7.3,Mumbai,2,8.8,231.3,2035.65
5,1.0,19.8,3.8,2.7,4.9,5.7,7.4,Pune,7,7.8,348.6,2718.98
1,4.1,17.8,7.6,4.5,3.6,1.9,9.1,Chennai,10,8.4,491.1,4125.52
5,4.1,16.0,4.2,8.3,4.5,2.2,7.1,Kolkata,3,7.9,352.8,2787.31
1,7.5,24.0,2.8,3.5,5.6,2.0,5.3,Lucknow,7,7.2,348.2,2506.97
4,10.2,23.8,5.5,2.2,2.3,2.5,7.7,Ahmedabad,12,7.6,428.4,3255.65
5,6.7,18.2,8.3,2.4,1.5,2.3,5.9,Ahmedabad,10,7.6,568.3,4318.94
4,9.1,19.1,1.6,2.8,2.8,4.2,5.2,Bengaluru,9,7.9,227.6,1798.14
4,8.6,13.9,4.7,6.2,5.5,0.0,5.2,Pune,4,8.1,390.4,3161.89
2,7.3,15.2,1.3,2.8,0.0,2.7,5.0,Delhi,12,7.6,210.7,1601.4
5,8.4,16.6,7.8,4.1,3.0,4.1,8.2,Delhi,1,7.3,509.5,3719.56
1,7.6,19.9,4.4,3.3,4.6,2.0,8.1,Pune,2,8.2,361.5,2963.9
1,6.6,19.7,3.1,0.9,3.6,3.9,6.6,Lucknow,1,7.2,317.1,2283.26
5,8.0,21.0,2.2,2.8,5.1,3.1,5.1,Jaipur,12,7.4,278.1,2057.62
6,10.6,22.0,5.8,0.0,0.0,1.9,6.4,Pune,5,7.8,457.5,3568.25
2,8.2,20.8,14.0,3.9,5.2,0.3,4.5,Lucknow,5,7.4,783.3,5796.27
2,7.5,16.8,2.0,4.5,1.8,3.6,5.8,Chennai,11,8.5,259.8,2208.48
2,4.8,21.0,0.3,1.8,0.0,3.5,3.0,Ahmedabad,7,7.4,182.4,1349.53
1,10.5,21.9,3.7,2.4,2.3,1.9,5.8,Mumbai,9,8.8,327.9,2885.46
4,3.5,18.7,2.5,0.8,1.3,4.1,7.7,Jaipur,9,7.5,283.4,2125.26
6,2.7,14.5,1.6,0.0,2.7,2.3,4.9,Kolkata,3,7.5,223.4,1675.29
2,7.9,23.6,5.4,0.5,0.0,4.6,8.1,Jaipur,3,7.4,388.6,2875.84
1,4.8,20.3,4.3,4.8,2.8,3.5,7.2,Mumbai,3,8.8,381.7,3359.26
1,9.7,12.0,2.5,2.9,1.9,5.2,6.9,Bengaluru,4,7.9,257.1,2030.96
4,2.8,24.0,9.0,3.9,7.0,3.5,4.9,Ahmedabad,8,7.4,624.1,4618.18
5,9.4,18.6,13.3,7.6,3.3,3.0,4.2,Delhi,6,7.3,726.1,5300.71
5,9.1,24.0,1.5,5.5,3.5,0.2,8.0,Lucknow,8,7.0,291.9,2043.5
2,7.3,21.1,2.6,4.6,2.5,3.1,3.6,Pune,1,8.0,290.4,2322.81
2,1.8,19.4,9.0,2.5,5.5,2.6,5.2,Pune,8,7.8,535.4,4175.75
6,2.7,20.6,2.1,6.6,4.0,5.4,6.5,Delhi,4,7.5,303.8,2278.33
4,7.6,17.9,3.3,6.0,6.0,3.3,10.8,Jaipur,11,7.5,356.8,2676.07
2,6.4,20.2,4.0,5.3,5.1,4.2,7.4,Ahmedabad,1,7.7,366.1,2819.09
4,8.8,24.0,4.7,3.5,2.2,5.1,4.7,Hyderabad,8,8.2,423.1,3469.22
1,6.8,17.3,13.5,1.7,4.5,5.0,6.0,Lucknow,4,7.4,762.7,5643.68
2,6.6,21.6,9.8,6.5,4.6,2.9,5.5,Chennai,6,8.5,592.1,5032.91
1,1.0,17.8,2.7,5.2,4.9,6.2,6.7,Mumbai,8,8.6,282.3,2427.44
3,9.1,19.5,5.2,3.1,3.8,2.2,8.0,Jaipur,4,7.6,439.7,3341.4
4,5.4,24.0,4.3,2.9,0.3,5.0,4.8,Kolkata,3,7.7,402.5,3099.01
3,6.0,21.6,1.3,1.1,2.9,1.9,6.4,Bengaluru,9,8.1,222.6,1803.39
2,4.3,22.2,1.0,5.0,3.2,4.3,8.0,Pune,3,7.8,238.3,1858.97
1,3.1,20.2,2.3,3.8,3.1,1.6,3.6,Jaipur,9,7.5,258.6,1939.32
2,10.7,24.0,3.8,4.3,5.3,3.9,5.7,Bengaluru,2,7.9,388.0,3065.04
3,9.0,17.2,2.7,5.4,1.7,1.7,5.3,Mumbai,2,8.9,290.9,2589.35
2,9.0,15.3,0.2,4.9,3.3,1.4,6.0,Pune,2,8.0,170.9,1367.09
6,6.5,24.0,1.9,1.8,2.9,1.6,2.0,Pune,6,7.8,271.0,2113.66
5,2.7,18.9,11.9,3.5,4.4,3.7,4.6,Hyderabad,3,8.1,744.0,6026.57
3,12.3,21.2,11.8,4.3,6.6,3.7,2.0,Jaipur,9,7.6,715.9,5440.83
2,8.1,24.0,6.2,4.5,4.2,3.7,3.9,Ahmedabad,4,7.7,482.0,3711.65
1,7.3,21.3,8.7,0.3,4.1,3.3,6.3,Delhi,1,7.5,580.2,4351.72
2,6.1,24.0,10.2,1.5,1.0,2.3,6.8,Delhi,4,7.7,645.6,4970.78
1,1.9,20.4,6.9,4.8,0.0,1.9,5.2,Chennai,1,8.3,416.4,3455.91
5,9.9,17.9,4.5,4.8,3.5,1.4,2.0,Kolkata,5,7.9,386.8,3055.46
2,4.4,12.9,1.8,6.7,2.6,1.4,4.8,Bengaluru,4,8.1,224.8,1821.09
5,8.4,20.9,5.2,0.4,3.9,4.8,3.5,Jaipur,8,7.6,426.0,3237.89
3,8.9,13.3,3.5,5.3,1.8,1.4,5.5,Lucknow,8,7.3,321.5,2346.68
1,7.8,21.0,1.1,4.3,5.8,1.6,6.2,Kolkata,7,7.8,241.7,1885.16
6,8.2,24.0,3.8,1.4,0.6,1.5,2.8,Hyderabad,3,8.2,348.5,2857.31
3,10.4,19.9,2.9,0.0,2.6,1.0,5.2,Pune,1,8.2,276.9,2270.37
1,5.0,20.6,1.7,5.4,2.2,3.5,2.0,Ahmedabad,1,7.7,230.2,1772.49
5,7.4,22.7,2.4,1.5,5.2,2.2,5.6,Jaipur,12,7.4,305.8,2262.89
4,6.4,22.0,8.6,0.9,2.5,2.8,5.6,Kolkata,11,7.9,581.6,4594.59
2,2.4,23.5,1.8,4.4,1.8,2.8,3.0,Kolkata,3,7.7,251.9,1939.67
5,7.7,19.9,3.5,3.5,3.2,3.4,3.1,Ahmedabad,6,7.7,318.7,2454.01
1,10.1,13.2,2.7,4.6,1.4,3.2,9.5,Chennai,7,8.3,276.9,2298.61
1,10.4,23.5,2.3,4.4,3.0,4.8,6.7,Bengaluru,6,8.0,306.8,2454.4
1,11.6,19.3,0.5,10.0,2.7,2.0,4.6,Bengaluru,6,7.9,214.2,1691.91
1,2.6,17.4,6.8,4.9,8.8,2.1,5.3,Kolkata,6,7.5,509.3,3819.93
2,11.1,21.0,4.0,4.8,2.1,2.9,3.6,Mumbai,3,8.8,377.3,3319.87
3,7.5,20.6,1.5,1.7,2.8,2.9,6.4,Kolkata,6,7.9,242.4,1914.71
6,11.0,17.8,4.0,6.6,3.4,0.8,5.8,Kolkata,8,7.8,350.7,2735.81
4,6.0,16.1,9.0,2.5,3.5,0.6,7.5,Ahmedabad,11,7.8,595.0,4640.87
2,5.7,21.4,5.7,1.7,5.1,2.8,8.1,Pune,11,7.8,399.9,3119.49
1,4.0,17.5,3.8,3.1,6.8,5.1,8.7,Ahmedabad,2,7.4,335.1,2480.09
2,8.9,20.3,3.6,4.4,1.4,5.2,7.7,Jaipur,5,7.6,330.1,2508.51
5,8.3,21.1,2.8,2.6,3.9,1.3,5.6,Kolkata,1,7.8,307.5,2398.31
6,4.2,22.9,9.1,1.7,2.7,2.4,3.3,Bengaluru,12,8.0,593.1,4744.93
1,1.6,24.0,1.4,1.7,3.7,3.2,5.4,Lucknow,1,7.2,218.7,1574.29
4,8.0,20.7,2.0,3.9,5.2,3.5,5.9,Bengaluru,5,7.9,251.4,1985.99
1,8.3,18.7,0.7,4.6,6.3,1.5,6.8,Delhi,12,7.3,198.7,1450.42
6,4.5,24.0,4.6,4.8,4.7,5.6,4.9,Chennai,3,8.5,393.8,3347.14
4,4.0,23.1,14.0,0.4,3.6,2.1,3.6,Hyderabad,4,8.1,770.5,6241.4
6,8.6,20.5,7.4,1.8,5.1,3.6,6.5,Jaipur,3,7.4,522.6,3867.56
4,11.6,20.7,2.1,5.4,1.3,2.5,10.8,Jaipur,1,7.4,321.2,2376.87
3,5.8,20.1,3.4,2.7,1.5,2.5,8.9,Chennai,1,8.1,318.5,2580.13
3,4.8,20.5,2.1,3.9,3.3,4.1,8.4,Lucknow,12,7.2,270.5,1947.48
2,7.7,19.7,4.6,8.8,5.3,4.5,5.3,Hyderabad,12,8.1,402.8,3262.99
2,8.6,17.1,2.3,0.0,2.4,4.0,4.5,Pune,5,8.1,263.6,2135.4
4,6.1,20.0,1.4,3.2,2.6,1.7,7.5,Kolkata,6,7.5,247.0,1852.14
1,12.1,24.0,5.1,4.9,0.0,1.0,8.5,Hyderabad,3,8.2,387.6,3178.04
5,9.3,17.6,6.7,1.5,7.8,7.0,5.5,Lucknow,12,7.0,473.2,3312.52
5,6.0,19.2,4.5,3.2,2.5,3.5,4.8,Mumbai,9,8.9,398.5,3547.01
1,3.0,17.3,13.4,1.1,0.0,1.7,4.9,Delhi,5,7.6,717.5,5452.73
1,10.3,23.5,1.7,4.7,3.3,4.4,6.4,Hyderabad,8,8.2,289.3,2372.19
3,10.0,22.5,4.4,2.2,3.9,1.6,5.9,Hyderabad,1,8.2,402.6,3300.93
5,6.2,16.2,1.7,2.6,2.5,6.0,6.0,Delhi,5,7.5,220.5,1653.57
4,7.9,13.9,2.2,5.3,1.2,2.4,8.5,Kolkata,3,7.9,241.3,1906.39
6,6.6,22.6,2.2,4.6,4.8,4.3,7.7,Hyderabad,12,8.1,306.7,2484.3
2,8.3,16.0,4.5,5.4,4.6,2.9,5.7,Delhi,1,7.5,374.4,2808.06
6,4.4,22.5,0.9,7.0,4.1,0.7,6.0,Delhi,4,7.6,242.5,1843.2
3,4.1,18.1,6.9,3.6,1.5,1.5,8.0,Delhi,5,7.3,468.2,3417.79
5,9.0,22.1,4.4,7.7,1.8,1.8,7.1,Ahmedabad,7,7.4,407.5,3015.55
1,9.3,21.3,6.6,3.9,2.3,2.0,9.3,Lucknow,1,7.4,479.1,3545.4
5,5.8,18.4,3.7,6.1,2.2,3.3,7.4,Ahmedabad,3,7.7,349.8,2693.34
4,5.1,17.4,3.9,3.4,4.3,0.0,6.5,Mumbai,2,8.9,303.2,2698.81
3,9.9,21.7,3.4,5.2,2.2,3.3,5.0,Pune,9,8.2,343.8,2819.39
1,5.2,17.9,1.2,2.6,1.1,0.0,2.9,Ahmedabad,10,7.6,187.5,1424.73
6,7.1,23.3,6.9,6.2,3.8,3.5,8.1,Ahmedabad,6,7.7,504.6,3885.58
4,6.8,17.5,8.6,5.8,7.8,1.8,8.1,Lucknow,10,7.4,556.2,4115.53
6,3.3,21.1,3.5,3.1,1.4,3.2,8.7,Pune,3,8.0,317.3,2538.56
2,7.5,18.8,6.0,3.8,1.6,1.0,3.6,Chennai,8,8.3,434.4,3605.39
3,7.2,20.0,7.0,1.6,2.8,2.1,6.8,Delhi,8,7.6,460.0,3495.62
4,7.9,17.9,1.1,5.4,4.5,0.0,4.7,Jaipur,2,7.2,221.0,1591.5
4,7.4,19.5,3.5,5.2,4.1,1.1,5.8,Pune,6,8.2,332.1,2723.3
6,12.3,12.3,2.8,1.0,2.8,5.1,2.9,Mumbai,7,8.6,282.2,2426.54
1,9.9,17.6,2.7,7.8,2.1,5.1,4.6,Kolkata,2,7.9,311.2,2458.59
2,7.1,18.2,2.9,4.3,7.2,1.1,5.8,Mumbai,11,8.9,292.4,2602.12
6,7.3,19.8,3.9,3.0,5.3,2.5,6.8,Delhi,10,7.5,366.9,2751.54
4,11.4,23.9,5.7,5.9,6.5,3.7,7.5,Pune,2,8.0,500.8,4006.41
3,9.2,17.9,1.8,2.5,4.4,3.1,9.2,Mumbai,10,8.6,261.8,2251.85
4,3.9,24.0,3.2,6.1,2.8,2.1,5.8,Mumbai,1,8.8,327.6,2882.87
5,9.4,17.4,3.4,1.1,3.8,0.7,5.1,Chennai,8,8.1,299.2,2423.23
3,10.1,16.7,2.8,3.1,6.6,4.3,6.7,Chennai,1,8.4,295.2,2479.41
3,11.0,14.3,4.3,3.3,4.0,2.2,6.6,Pune,9,8.2,357.9,2934.79
4,6.0,21.8,7.2,2.4,0.0,0.5,3.8,Delhi,11,7.6,491.7,3736.99
1,5.8,20.3,5.5,2.0,5.8,2.9,3.6,Ahmedabad,6,7.6,423.7,3220.45
3,4.6,21.6,4.8,2.5,6.0,2.5,10.6,Bengaluru,7,8.0,401.9,3214.82
5,7.8,20.4,1.0,2.4,5.5,2.2,6.5,Hyderabad,10,8.2,227.4,1864.47
6,8.8,20.0,2.6,2.6,0.3,3.2,7.6,Jaipur,7,7.4,284.0,2101.65
1,5.7,20.9,2.8,6.4,3.8,2.7,7.1,Hyderabad,10,8.1,292.9,2372.8
1,6.6,24.0,1.3,4.4,5.1,4.7,6.9,Lucknow,3,7.0,247.7,1734.17
1,1.9,18.6,0.7,3.3,3.0,1.6,8.5,Chennai,2,8.5,195.1,1658.46
3,10.8,24.0,1.8,5.0,3.8,1.8,10.5,Pune,9,8.1,281.6,2281.0
1,3.1,22.6,2.4,3.3,4.1,4.2,7.1,Hyderabad,8,8.2,273.2,2240.1
4,7.9,21.1,2.4,1.9,1.3,6.7,6.2,Delhi,12,7.5,285.2,2138.75
1,7.6,21.7,5.8,0.3,3.9,6.5,8.0,Jaipur,10,7.6,463.5,3522.53
5,7.1,12.0,1.7,5.5,1.0,4.1,5.5,Hyderabad,7,8.2,236.0,1934.97
2,7.2,19.2,6.9,0.0,2.8,2.5,3.6,Jaipur,9,7.2,457.1,3291.06
5,4.5,18.0,0.4,0.5,1.8,2.2,7.3,Kolkata,4,7.5,163.9,1229.47
3,6.2,24.0,9.1,4.5,4.8,2.4,4.2,Delhi,4,7.5,602.2,4516.43
1,9.4,19.0,5.9,3.5,4.3,0.4,4.4,Bengaluru,1,8.0,444.6,3556.65
1,10.2,19.9,0.2,6.4,4.1,4.0,3.5,Mumbai,8,8.6,204.8,1761.58
4,5.9,19.9,4.7,2.2,3.6,5.0,2.0,Jaipur,12,7.5,342.6,2569.58
6,3.1,16.1,3.6,5.0,3.9,2.8,3.4,Delhi,3,7.5,311.3,2334.67
1,5.1,18.3,1.7,3.1,7.0,6.1,6.2,Jaipur,7,7.4,249.5,1846.4
5,11.6,22.5,8.9,4.6,5.6,7.1,8.4,Jaipur,12,7.6,662.3,5033.37
3,5.2,13.6,2.1,3.8,1.1,4.3,4.9,Ahmedabad,2,7.7,219.8,1692.65
2,6.8,20.9,5.2,4.5,1.9,2.0,4.6,Ahmedabad,2,7.4,382.4,2829.85
1,10.5,17.3,2.6,3.9,2.6,1.7,5.9,Delhi,7,7.5,271.2,2033.63
2,5.7,23.9,7.8,4.1,2.5,4.2,5.9,Ahmedabad,6,7.7,505.2,3890.22
1,6.6,21.2,2.2,1.3,1.3,4.6,5.9,Lucknow,3,7.3,241.3,1761.19
3,9.0,15.4,2.2,3.7,4.2,2.0,8.1,Bengaluru,9,7.7,286.5,2205.87
6,11.3,18.8,4.7,4.7,2.9,1.3,5.4,Pune,10,8.0,394.1,3152.41
5,5.4,21.4,3.1,3.4,3.4,0.4,5.0,Delhi,6,7.7,309.8,2385.82
3,10.5,19.1,2.2,3.3,0.0,1.4,6.0,Delhi,10,7.6,254.0,1930.25
2,6.3,20.4,3.2,0.0,0.0,2.4,7.3,Lucknow,10,7.2,298.6,2149.72
1,4.8,19.9,5.0,6.6,1.9,4.6,11.7,Chennai,6,8.5,398.3,3385.55
2,7.6,22.6,3.8,0.8,4.2,2.1,9.5,Chennai,1,8.3,366.1,3038.33
5,4.1,21.3,6.8,2.3,4.0,0.0,6.5,Ahmedabad,4,7.6,456.8,3471.91
3,8.2,19.9,3.9,1.9,5.0,2.0,5.0,Pune,10,8.1,347.2,2811.94
2,14.0,20.1,5.0,4.1,1.6,2.5,5.8,Ahmedabad,6,7.7,408.0,3141.27
2,9.8,16.8,1.2,4.2,4.4,2.5,4.7,Kolkata,6,7.5,222.8,1670.93
5,6.7,24.0,6.1,4.8,6.1,0.0,6.4,Kolkata,11,7.5,475.9,3569.24
1,9.6,24.0,2.8,4.9,4.9,2.5,6.6,Mumbai,12,8.8,334.4,2942.75
2,4.7,19.0,0.9,6.9,0.4,5.0,7.2,Kolkata,5,7.8,217.7,1698.0
5,5.1,20.1,6.4,2.9,5.2,2.3,2.1,Chennai,1,8.3,478.3,3969.63
1,6.8,23.0,2.0,1.8,3.7,2.0,4.2,Bengaluru,8,8.0,267.0,2135.98
6,7.2,23.0,1.6,3.0,3.9,1.8,8.9,Kolkata,5,7.9,274.0,2164.59
1,3.8,20.5,4.8,1.3,8.0,3.2,3.8,Ahmedabad,12,7.7,408.8,3147.57
6,6.2,17.1,2.9,2.8,3.5,0.7,4.5,Jaipur,12,7.4,287.6,2128.23
3,6.6,24.0,4.4,0.4,4.3,1.3,5.4,Delhi,12,7.3,404.0,2949.28
5,10.9,22.0,2.9,1.8,3.2,4.7,8.8,Bengaluru,5,8.0,352.9,2822.93
1,3.8,20.7,0.6,0.1,2.5,4.0,7.3,Bengaluru,7,7.9,191.1,1509.73
6,3.5,17.8,2.3,5.9,3.7,2.2,5.4,Ahmedabad,4,7.8,280.4,2187.32
6,7.4,20.2,9.6,3.7,2.1,3.7,5.1,Delhi,6,7.3,598.1,4366.05
3,9.9,14.6,1.4,7.3,3.3,1.6,4.6,Chennai,4,8.1,229.3,1857.44
4,8.4,22.2,6.0,5.7,2.4,1.6,3.5,Bengaluru,3,8.1,466.6,3779.21
5,7.8,23.0,4.3,5.9,0.0,1.6,4.4,Mumbai,7,8.9,386.6,3440.82
4,6.3,20.7,3.5,3.2,2.0,0.6,9.5,Ahmedabad,8,7.8,344.4,2686.12
1,8.7,17.1,6.5,4.5,4.9,2.9,9.0,Bengaluru,4,7.9,483.5,3819.26
5,9.1,21.4,6.8,1.7,4.0,6.0,5.3,Pune,2,8.2,486.1,3986.25
3,6.4,22.4,6.7,2.4,2.5,0.0,5.0,Delhi,12,7.3,461.7,3370.72
1,4.6,17.8,2.4,3.5,3.2,5.5,8.3,Kolkata,10,7.8,256.5,2000.62
5,4.6,22.8,2.2,0.0,1.4,0.0,4.8,Bengaluru,3,7.9,272.6,2153.37
5,9.2,21.6,5.1,2.5,1.6,3.7,7.3,Ahmedabad,1,7.7,452.6,3484.69
4,3.1,19.2,1.9,5.1,3.0,0.2,3.8,Kolkata,8,7.9,233.0,1840.76
1,11.2,18.3,1.0,2.5,2.6,3.8,6.3,Mumbai,3,9.0,208.2,1873.58
3,5.9,19.5,1.7,2.0,1.5,1.8,5.1,Kolkata,12,7.7,220.9,1700.64
3,7.8,17.1,0.7,2.7,2.9,4.1,6.9,Pune,10,8.2,192.7,1580.45
1,8.8,20.8,2.4,5.0,0.8,1.8,8.6,Chennai,7,8.4,257.5,2162.65
1,5.3,21.7,4.9,4.2,6.1,3.7,4.8,Bengaluru,10,8.1,423.5,3430.38
6,5.9,23.5,4.1,3.0,4.8,2.7,3.9,Hyderabad,5,8.2,396.0,3246.92
2,7.3,20.9,1.8,3.5,0.0,4.8,5.4,Hyderabad,10,8.3,258.5,2145.6
4,4.9,21.2,3.3,5.2,4.7,2.7,8.7,Kolkata,5,7.7,358.1,2757.69
1,4.3,19.2,4.0,6.1,2.3,3.3,6.3,Lucknow,7,7.3,360.6,2632.74
1,4.6,17.4,3.2,2.6,1.9,3.1,5.9,Delhi,9,7.5,288.8,2165.82
2,10.0,18.7,1.8,3.3,4.5,4.3,8.3,Hyderabad,12,7.9,251.3,1985.47
2,8.0,24.0,7.2,6.0,2.7,4.4,7.0,Lucknow,5,7.0,511.5,3580.6
5,5.0,21.9,3.6,4.5,2.2,3.1,10.6,Hyderabad,1,8.3,359.8,2986.73
3,9.2,21.2,3.0,0.7,0.3,0.4,3.8,Lucknow,10,7.3,289.8,2115.36
4,5.2,14.6,9.2,1.7,4.8,1.5,6.0,Delhi,10,7.7,604.7,4656.51
5,2.1,20.9,3.5,1.8,5.1,4.2,3.2,Jaipur,1,7.4,335.1,2479.93
1,8.7,16.0,1.2,2.7,3.3,0.7,3.8,Hyderabad,2,8.3,199.0,1651.35
2,11.1,16.2,0.5,4.2,0.7,1.9,8.6,Pune,6,7.8,194.3,1515.52
6,8.4,16.6,0.3,7.3,3.6,2.1,4.2,Bengaluru,9,7.9,200.9,1587.22
3,2.3,17.7,3.3,3.3,4.3,2.6,9.1,Lucknow,8,7.0,311.0,2177.08
5,6.9,22.5,5.6,4.8,2.9,2.4,3.8,Bengaluru,5,7.9,476.5,3764.53
6,6.3,20.7,7.8,5.8,4.8,3.0,5.8,Ahmedabad,1,7.6,565.1,4294.95
3,7.9,17.2,7.3,6.5,3.3,1.4,3.6,Ahmedabad,7,7.4,485.0,3588.74
6,4.9,18.3,3.8,5.8,3.6,1.7,7.3,Delhi,5,7.7,359.9,2770.99
2,6.2,21.5,3.4,2.0,6.0,5.7,6.4,Lucknow,6,7.0,333.6,2335.15
5,3.4,22.1,1.9,0.6,2.0,5.1,8.5,Mumbai,7,8.9,262.2,2333.47
5,7.6,20.4,6.2,2.2,0.0,3.8,7.7,Ahmedabad,3,7.6,478.6,3637.41
3,3.5,16.6,2.9,3.8,2.7,3.9,6.2,Delhi,12,7.6,282.7,2148.54
6,8.1,18.8,1.7,2.0,1.9,3.4,6.2,Ahmedabad,10,7.4,246.7,1825.24
2,5.1,24.0,2.9,0.2,0.2,2.9,3.5,Ahmedabad,3,7.4,301.0,2227.2
1,1.0,16.4,3.6,1.1,4.2,1.7,6.8,Mumbai,5,9.0,311.1,2800.14
5,9.0,21.1,3.2,9.5,3.0,5.1,5.8,Hyderabad,6,8.1,329.2,2666.33
1,8.2,24.0,1.9,3.1,0.0,5.8,7.3,Kolkata,9,7.9,265.1,2094.36
2,10.4,19.2,6.9,7.1,6.1,2.1,7.5,Jaipur,12,7.4,457.2,3383.29
5,1.8,24.0,3.7,3.0,1.5,4.6,4.7,Ahmedabad,5,7.4,299.7,2218.09
5,5.4,17.9,2.0,5.1,1.8,2.3,4.6,Ahmedabad,1,7.7,260.1,2002.58
6,7.3,14.1,2.1,3.2,4.9,1.8,6.2,Pune,4,8.0,244.6,1956.57
1,8.4,18.3,5.8,3.5,3.9,2.3,5.5,Jaipur,5,7.4,439.0,3248.53
6,3.3,17.7,5.2,5.1,5.2,2.4,3.1,Mumbai,12,8.9,385.1,3427.78
4,8.1,15.0,2.3,2.7,0.0,3.8,4.0,Bengaluru,10,7.7,261.5,2013.28
1,5.6,18.7,2.0,1.1,2.4,2.3,8.2,Lucknow,10,7.0,247.0,1728.72
1,2.4,23.0,8.6,1.9,3.3,4.2,6.9,Ahmedabad,5,7.4,536.1,3967.45
4,5.1,18.2,1.4,1.9,5.6,1.8,5.9,Kolkata,7,7.9,225.8,1784.12
2,8.3,18.9,3.5,3.7,1.3,2.9,8.5,Lucknow,4,7.0,334.2,2339.2
2,2.5,24.0,3.1,0.0,2.3,1.2,5.9,Jaipur,1,7.5,313.3,2349.62
5,8.6,17.8,5.3,4.1,3.3,1.0,7.4,Lucknow,5,7.4,442.0,3270.8
3,7.7,21.9,3.0,6.0,4.5,3.5,5.9,Hyderabad,7,7.9,338.1,2671.34
6,6.4,14.9,0.1,2.5,0.8,3.1,6.1,Ahmedabad,10,7.6,159.4,1211.29
3,2.9,17.1,4.4,2.2,4.6,2.2,12.0,Lucknow,10,7.2,362.1,2606.91
5,3.1,19.4,0.1,7.4,1.8,1.5,4.6,Bengaluru,6,7.9,178.7,1411.88
3,6.0,23.6,2.5,6.4,3.8,1.2,7.1,Bengaluru,5,8.0,306.4,2450.91
1,4.2,17.3,9.3,4.4,2.6,3.5,7.1,Ahmedabad,4,7.7,552.0,4250.69
1,6.2,17.2,1.5,2.0,3.5,1.9,8.3,Chennai,2,8.3,225.8,1874.54
4,9.3,20.8,2.4,4.7,3.4,5.4,5.9,Bengaluru,4,8.1,296.0,2397.65
4,6.3,21.3,4.1,1.5,5.6,3.2,10.0,Lucknow,10,7.0,379.6,2657.46
5,6.2,16.9,4.4,0.9,2.5,3.7,5.3,Delhi,10,7.3,357.8,2611.71
5,6.3,18.4,0.6,4.4,2.4,5.1,5.1,Bengaluru,3,7.7,214.8,1653.76
5,9.5,23.3,4.9,2.5,5.1,1.7,7.7,Jaipur,10,7.2,433.4,3120.4
1,10.2,16.5,4.1,0.0,5.8,3.6,8.5,Chennai,1,8.3,334.1,2773.14
3,8.1,21.0,1.4,4.7,2.2,3.7,3.5,Lucknow,8,7.0,233.3,1633.31
6,7.3,18.4,5.3,6.4,4.4,2.2,4.5,Mumbai,5,8.9,449.7,4002.23
5,7.6,24.0,2.8,4.8,1.3,0.7,6.3,Pune,4,7.8,318.7,2486.07
5,10.6,21.7,5.2,2.5,4.4,0.0,7.2,Mumbai,8,9.0,458.1,4122.78
1,8.2,22.6,6.8,0.0,4.8,1.6,8.7,Hyderabad,7,7.9,427.0,3373.14
6,10.8,18.4,5.3,3.8,2.4,4.6,6.2,Pune,2,8.2,438.1,3592.02
1,6.0,22.5,7.6,2.2,5.2,1.8,8.3,Hyderabad,1,8.1,541.3,4384.59
6,3.7,22.4,3.4,1.7,2.5,4.4,2.4,Pune,12,8.2,336.5,2759.23
1,5.3,21.6,1.2,0.0,3.0,1.8,3.6,Pune,11,7.8,211.8,1651.68
3,5.6,19.2,3.9,7.3,3.8,3.0,6.0,Delhi,4,7.7,370.0,2849.21
5,11.0,20.5,2.6,1.3,1.1,3.8,8.1,Kolkata,8,7.7,321.6,2476.56
2,8.8,14.4,3.0,0.0,0.3,4.5,5.4,Jaipur,12,7.4,278.6,2061.64
2,5.4,24.0,2.4,6.9,3.6,2.3,5.4,Mumbai,2,8.6,322.9,2776.93
5,9.0,18.2,4.9,3.6,1.5,2.0,6.8,Bengaluru,3,7.9,389.3,3075.66
5,6.7,19.0,2.7,3.3,0.6,0.0,5.5,Lucknow,12,7.4,307.9,2278.83
5,11.1,16.0,3.3,4.1,4.5,2.3,8.8,Chennai,1,8.4,319.4,2683.31
5,6.2,22.0,0.9,4.4,6.0,7.9,6.2,Jaipur,1,7.4,263.8,1952.43
6,3.2,21.6,3.1,3.9,4.7,2.6,10.9,Hyderabad,3,8.3,346.4,2875.17
3,6.5,19.1,1.2,0.5,0.6,0.8,6.3,Delhi,11,7.5,229.0,1717.86
2,6.2,13.0,1.2,0.3,3.4,2.7,5.2,Hyderabad,5,7.9,185.9,1468.92
4,3.6,17.9,5.8,2.0,2.4,4.1,6.2,Kolkata,12,7.5,434.5,3258.7
2,8.5,21.4,5.3,2.5,1.3,2.1,8.2,Chennai,3,8.3,384.0,3187.17
2,10.6,20.8,6.2,2.8,3.2,1.3,5.7,Delhi,1,7.6,478.1,3633.66
1,4.2,19.9,4.9,4.0,2.9,6.8,2.0,Hyderabad,1,8.2,389.3,3192.24
5,9.4,18.7,7.0,2.9,2.5,3.6,5.1,Kolkata,8,7.9,513.5,4057.01
5,5.5,15.3,1.3,2.1,5.0,5.3,2.0,Lucknow,10,7.4,210.2,1555.79
5,6.9,22.9,0.7,4.3,5.6,2.4,7.0,Lucknow,11,7.2,233.0,1677.63
1,6.7,15.7,1.3,4.9,2.4,5.7,3.8,Hyderabad,12,8.3,215.3,1787.37
3,6.9,19.4,4.8,1.9,2.6,4.4,6.1,Jaipur,12,7.4,384.8,2847.6
3,8.2,16.9,2.7,0.8,2.5,3.8,3.1,Chennai,2,8.3,276.9,2298.44
4,4.4,23.0,3.6,3.9,4.0,1.2,5.8,Ahmedabad,3,7.6,351.5,2671.2
3,10.2,21.7,8.6,2.7,3.7,1.9,6.3,Jaipur,2,7.2,564.6,4065.48
3,8.3,18.9,1.7,5.2,1.6,3.7,5.0,Lucknow,3,7.2,251.5,1811.03
5,9.1,22.1,1.1,1.5,2.7,2.5,5.9,Chennai,7,8.3,235.0,1950.18
6,5.0,15.5,7.4,1.1,0.0,3.6,2.6,Kolkata,1,7.8,536.8,4187.28
2,4.2,19.8,3.0,2.2,0.0,2.3,6.1,Delhi,10,7.7,294.2,2265.58
3,10.0,16.8,2.5,4.5,0.6,3.6,4.7,Pune,8,8.0,300.4,2403.51
3,4.1,23.1,6.2,2.8,2.5,2.0,6.2,Hyderabad,10,8.1,438.7,3553.68
1,7.4,21.1,5.7,3.3,4.2,3.7,5.8,Mumbai,10,8.8,431.9,3800.71
4,9.5,21.9,11.5,2.5,1.4,1.5,5.5,Chennai,10,8.3,690.0,5727.03
6,6.7,18.3,4.8,5.5,2.7,2.5,5.1,Bengaluru,2,7.9,405.9,3206.6
1,9.9,22.2,1.7,4.5,3.4,2.7,6.5,Kolkata,3,7.8,271.5,2117.45
5,6.3,16.6,1.4,0.5,6.1,1.6,9.3,Ahmedabad,9,7.4,223.6,1654.87
2,3.8,17.1,1.8,5.3,3.1,2.0,5.7,Pune,7,7.8,242.2,1888.91
4,7.9,19.5,9.5,4.7,3.2,3.4,7.1,Bengaluru,4,8.0,621.8,4974.16
1,7.5,17.2,4.9,5.7,1.8,4.1,9.1,Ahmedabad,10,7.6,397.1,3018.31
3,13.7,22.1,1.9,2.4,6.7,3.4,6.8,Mumbai,5,8.9,311.4,2771.26
3,4.6,18.6,5.7,1.6,4.5,3.8,7.5,Lucknow,2,7.2,444.2,3198.14
4,6.4,16.8,2.6,3.3,0.8,3.1,4.3,Jaipur,11,7.6,292.2,2220.36
3,5.2,16.4,3.1,3.8,6.0,2.0,6.7,Hyderabad,8,7.9,306.7,2422.98
1,6.6,22.1,8.7,5.9,4.4,0.4,6.7,Delhi,4,7.3,600.4,4383.25
1,6.5,12.4,3.6,4.8,3.5,2.2,9.6,Ahmedabad,9,7.8,301.8,2354.15
3,4.8,17.0,10.8,3.8,4.3,2.8,3.5,Pune,5,8.2,648.8,5320.55
3,8.2,24.0,0.5,3.2,5.3,2.1,10.3,Chennai,9,8.1,237.2,1920.92
5,6.5,19.0,9.4,3.5,1.5,5.3,8.3,Lucknow,4,7.4,595.0,4403.27
2,10.4,22.1,3.7,2.7,2.2,3.4,7.9,Chennai,10,8.5,360.8,3067.1
4,5.4,21.3,8.4,4.9,2.9,2.9,3.7,Pune,5,8.0,529.7,4237.3
1,11.7,19.4,0.5,0.6,0.5,3.8,4.2,Chennai,9,8.5,194.0,1649.16
4,7.7,15.0,1.1,3.5,4.5,6.0,7.3,Ahmedabad,8,7.6,235.8,1792.0
5,10.2,16.0,6.1,5.6,2.4,2.6,2.0,Kolkata,3,7.9,421.9,3333.27
1,7.3,16.0,0.9,1.2,2.2,1.6,3.0,Chennai,1,8.4,185.0,1554.23
5,5.0,21.4,2.1,7.4,1.7,3.5,7.6,Jaipur,3,7.4,306.8,2269.95
5,6.3,22.0,4.1,1.3,2.9,1.3,8.4,Mumbai,4,8.8,375.8,3307.2
6,3.5,17.4,5.1,2.5,3.3,1.6,10.3,Delhi,2,7.3,406.5,2967.24
3,6.7,19.8,6.0,5.6,5.0,5.1,5.3,Ahmedabad,1,7.8,472.0,3681.67
6,7.4,20.0,4.0,6.4,5.0,4.9,4.3,Bengaluru,7,7.9,364.5,2879.66
4,7.1,20.2,8.0,4.2,0.7,4.0,4.5,Pune,8,8.1,592.8,4801.66
4,10.3,17.7,4.4,4.2,3.9,3.6,6.9,Lucknow,7,7.3,346.7,2531.02
3,6.6,24.0,3.0,7.1,5.5,1.2,5.6,Ahmedabad,5,7.4,319.3,2362.99
6,2.3,22.0,5.7,0.8,2.6,1.8,3.3,Kolkata,12,7.9,450.7,3560.21
4,14.0,20.2,2.2,0.1,2.7,5.0,7.0,Lucknow,1,7.2,304.2,2190.26
6,5.3,18.4,4.2,0.0,2.2,2.2,3.9,Jaipur,7,7.2,376.0,2707.4
3,9.4,17.5,2.5,1.8,4.1,1.8,7.5,Pune,7,8.2,282.3,2314.9
1,3.2,21.2,0.4,2.1,3.6,2.7,7.4,Lucknow,9,7.4,174.7,1292.75
5,7.6,18.6,4.7,4.3,5.0,3.9,5.4,Chennai,3,8.1,400.0,3240.28
5,5.0,20.4,2.9,5.5,2.8,2.7,6.6,Ahmedabad,9,7.7,333.0,2564.05
6,1.0,14.3,1.3,5.3,5.5,2.7,5.4,Mumbai,1,8.6,210.2,1807.53
4,6.3,18.4,12.0,5.3,4.2,0.0,5.9,Pune,1,7.8,680.1,5304.84
6,6.9,19.7,6.5,1.6,5.4,2.9,3.4,Hyderabad,4,8.2,476.7,3908.89
6,6.5,22.9,4.6,4.3,1.8,4.5,2.0,Jaipur,9,7.2,389.3,2802.96
2,7.6,17.2,0.7,2.0,6.1,2.9,5.7,Delhi,6,7.3,194.6,1420.44
5,6.3,15.5,2.3,4.7,1.9,6.1,4.0,Pune,11,8.0,265.3,2122.05
3,7.2,21.3,2.7,3.6,2.0,1.9,4.3,Kolkata,3,7.7,305.0,2348.15
6,7.4,19.8,3.4,5.3,2.2,2.3,4.2,Ahmedabad,1,7.6,332.6,2527.4
2,6.9,14.8,1.8,8.3,2.0,2.0,7.9,Chennai,4,8.3,237.3,1969.46
2,6.6,15.0,2.3,3.4,6.8,2.0,8.2,Delhi,12,7.6,272.9,2073.85
5,4.8,18.1,2.4,1.3,4.0,3.8,6.7,Delhi,9,7.6,265.9,2021.05
5,8.5,19.7,2.5,0.2,4.0,2.6,5.3,Jaipur,3,7.4,277.7,2054.93
5,6.3,24.0,2.2,1.7,0.0,5.9,6.7,Lucknow,12,7.0,302.7,2118.99
3,6.1,16.8,8.4,5.6,5.6,3.4,8.2,Kolkata,9,7.5,534.8,4011.23
2,8.3,21.6,4.8,4.5,0.9,1.7,9.3,Lucknow,7,7.0,425.7,2979.91
4,7.5,14.1,1.2,4.0,2.9,1.5,4.5,Chennai,12,8.3,196.4,1630.08
3,5.3,21.1,4.9,4.3,1.6,5.5,3.0,Delhi,4,7.7,397.0,3056.64
1,10.1,24.0,1.2,4.9,3.5,3.3,6.6,Kolkata,3,7.9,246.7,1948.82
6,4.0,20.4,3.4,0.4,6.1,5.0,2.4,Kolkata,10,7.9,354.6,2801.57
5,4.4,18.0,2.9,5.5,1.1,3.1,6.6,Bengaluru,5,7.7,290.8,2239.18
2,8.7,23.7,4.8,4.3,1.6,3.0,6.4,Ahmedabad,5,7.7,443.2,3412.99
6,11.4,21.0,2.8,0.6,3.3,5.0,5.7,Delhi,3,7.5,327.9,2459.24
3,5.6,20.5,0.5,4.2,6.1,3.6,9.6,Delhi,12,7.5,216.4,1623.32
1,8.0,16.9,3.5,0.9,2.2,3.5,6.2,Kolkata,9,7.5,278.7,2090.27
3,4.0,21.1,2.8,4.5,1.6,2.4,7.1,Lucknow,4,7.4,324.2,2398.91
3,4.7,17.9,3.9,3.7,3.3,4.3,8.3,Delhi,11,7.7,354.8,2732.24
4,9.8,20.9,6.0,1.5,3.0,2.9,5.9,Kolkata,5,7.9,432.9,3419.58
6,7.9,20.1,1.7,4.3,1.0,2.2,5.2,Delhi,4,7.5,255.8,1918.36
4,9.9,23.3,3.7,5.1,2.2,6.2,5.3,Kolkata,5,7.5,350.3,2626.95
3,9.7,18.3,0.4,2.4,0.0,2.6,6.8,Bengaluru,7,8.1,178.3,1444.28
1,1.8,19.6,4.3,5.1,2.9,1.8,6.6,Ahmedabad,9,7.6,350.0,2659.82
2,4.0,22.4,3.9,2.9,0.5,4.7,9.4,Kolkata,7,7.5,379.8,2848.19
2,7.7,19.3,0.9,5.2,7.9,4.0,4.7,Delhi,5,7.3,254.0,1853.84
6,2.8,19.9,0.7,3.3,4.1,2.0,5.5,Chennai,10,8.1,217.3,1759.75
5,4.4,18.8,1.6,5.8,3.5,2.9,7.9,Ahmedabad,10,7.4,240.0,1775.77
5,10.6,19.5,2.8,1.7,4.1,4.0,7.3,Bengaluru,7,7.7,350.3,2697.26
2,5.6,22.0,3.3,1.7,2.0,3.3,5.9,Kolkata,10,7.8,295.2,2302.77
3,8.8,24.0,4.4,1.9,2.7,4.2,5.6,Chennai,5,8.4,411.3,3454.58
3,6.9,15.0,0.9,3.8,4.0,3.0,5.0,Kolkata,3,7.5,199.6,1497.1
4,5.3,16.2,2.8,3.2,1.0,4.2,4.2,Lucknow,7,7.3,296.2,2162.11
6,2.8,19.6,0.4,4.1,4.4,2.5,6.0,Delhi,11,7.3,192.8,1407.14
4,7.6,20.1,3.2,1.2,7.2,2.0,7.2,Pune,11,8.2,344.9,2828.11
5,10.6,19.3,3.8,2.1,0.0,4.6,6.7,Jaipur,2,7.2,379.1,2729.47
2,5.4,18.3,1.5,6.0,4.1,3.4,5.8,Mumbai,12,8.9,247.0,2198.22
3,7.2,16.3,11.3,4.2,1.4,4.0,6.6,Lucknow,9,7.3,670.6,4895.1
2,3.2,18.2,1.1,4.7,4.4,4.8,4.1,Chennai,10,8.5,224.3,1906.96
1,5.3,22.5,5.0,3.0,3.7,2.1,7.1,Lucknow,10,7.0,426.9,2988.53
2,7.9,20.3,1.1,4.1,6.8,3.8,3.1,Hyderabad,12,8.2,230.8,1892.47
1,8.9,22.0,1.4,2.6,6.4,6.5,6.5,Kolkata,1,7.7,253.7,1953.4
4,8.4,16.4,4.4,0.0,0.1,2.8,7.2,Kolkata,6,7.8,341.0,2660.07
4,1.9,24.0,12.0,5.6,4.5,1.2,6.2,Mumbai,7,8.6,660.4,5679.07
5,5.9,18.3,5.8,3.9,4.5,4.2,6.0,Mumbai,8,8.8,463.9,4082.25
2,4.6,21.4,0.9,2.0,5.4,0.5,3.9,Hyderabad,10,8.2,208.5,1709.78
2,6.2,19.6,4.5,3.5,3.9,1.4,5.9,Delhi,9,7.6,364.7,2771.79
1,6.7,18.4,5.2,2.6,4.2,3.0,10.0,Jaipur,2,7.5,395.6,2966.86
4,9.7,21.3,3.2,6.5,0.9,3.0,5.9,Pune,11,8.1,346.7,2807.89
1,7.7,21.8,5.3,4.8,3.8,3.3,5.4,Pune,10,8.1,412.9,3344.21
4,10.5,24.0,6.7,1.2,2.6,6.3,2.8,Bengaluru,2,7.7,523.7,4032.35
1,5.3,21.9,1.8,0.9,4.4,3.1,6.7,Bengaluru,5,8.0,249.1,1993.18
4,3.5,21.9,4.5,4.0,2.8,2.1,6.9,Delhi,5,7.7,366.9,2824.8
1,10.6,23.4,2.4,3.8,3.9,2.0,5.0,Bengaluru,6,7.9,308.5,2437.19
4,8.1,21.6,1.6,4.5,4.2,2.3,5.5,Bengaluru,3,8.0,254.8,2038.04
6,5.1,19.9,1.0,3.2,4.3,1.2,3.3,Hyderabad,8,8.2,222.3,1822.94
1,8.1,21.0,10.8,2.2,1.5,3.8,6.2,Hyderabad,1,7.9,684.2,5405.5
2,9.1,22.6,4.7,4.5,7.8,3.5,7.0,Bengaluru,6,7.7,418.4,3221.36
5,7.3,24.0,7.8,4.7,3.5,3.7,2.0,Lucknow,4,7.2,555.6,4000.41
6,5.2,15.5,3.5,6.0,4.3,4.2,5.9,Ahmedabad,1,7.4,329.8,2440.29
6,5.9,14.3,4.6,5.0,3.1,3.9,9.5,Ahmedabad,7,7.8,383.7,2993.1
1,7.7,24.0,1.1,1.8,0.8,0.9,6.3,Delhi,9,7.5,217.8,1633.82
5,7.5,17.6,1.0,4.0,4.6,2.6,7.0,Pune,4,8.2,233.6,1915.87
2,10.0,15.0,0.4,2.9,3.5,2.6,8.1,Mumbai,4,8.9,175.1,1558.27
6,6.3,14.7,5.1,1.6,4.8,5.1,7.1,Delhi,6,7.3,394.5,2880.12
2,4.6,24.0,0.5,0.0,1.7,5.2,5.3,Bengaluru,12,8.0,188.8,1510.18
4,13.4,22.6,0.7,8.0,2.3,2.4,2.8,Hyderabad,3,8.3,251.8,2090.27
5,7.4,17.6,3.7,2.4,3.5,1.5,11.4,Kolkata,12,7.8,339.4,2647.46
3,9.1,17.7,6.3,3.2,3.1,3.2,7.5,Lucknow,6,7.0,435.2,3046.5
4,8.3,20.2,12.0,3.9,2.4,2.5,7.7,Chennai,7,8.1,710.4,5754.24
5,7.5,22.6,0.5,3.7,3.5,2.9,8.1,Hyderabad,11,7.9,236.8,1870.77
1,6.4,19.1,1.2,0.0,5.9,4.8,8.2,Ahmedabad,10,7.7,228.7,1760.63
1,1.0,17.6,1.6,3.2,3.9,3.4,7.6,Hyderabad,10,7.9,201.5,1591.62
2,4.3,23.4,3.3,7.0,5.3,2.3,6.1,Lucknow,3,7.2,336.3,2421.48
6,7.8,19.9,0.4,3.1,2.7,2.0,5.4,Mumbai,7,8.8,215.0,1892.33
3,1.0,19.4,8.4,6.8,3.1,0.8,7.5,Bengaluru,3,7.7,579.7,4463.47
1,7.2,21.8,2.0,3.6,3.5,3.8,6.3,Kolkata,2,7.7,258.5,1990.34
5,8.7,13.6,1.6,2.8,2.1,3.4,6.2,Ahmedabad,12,7.8,237.5,1852.46
6,9.1,21.4,0.7,3.8,3.5,3.8,8.0,Ahmedabad,10,7.4,224.0,1657.31
6,8.5,21.2,0.8,3.6,6.1,3.0,10.2,Jaipur,4,7.5,241.2,1808.71
5,9.4,15.9,3.2,3.5,6.5,1.4,4.1,Pune,12,8.0,304.3,2434.21
6,11.0,14.2,4.5,2.3,5.8,3.1,7.0,Mumbai,8,8.8,393.6,3463.71
1,9.7,18.3,1.9,0.8,3.6,4.7,4.0,Ahmedabad,9,7.6,247.5,1881.32
5,7.5,20.5,0.7,4.6,1.6,3.1,6.4,Pune,7,8.0,228.8,1830.55
5,6.7,20.9,0.9,3.7,7.9,5.5,2.6,Ahmedabad,1,7.8,219.9,1714.9
2,7.3,24.0,4.0,6.8,2.0,3.4,4.6,Bengaluru,3,8.1,393.0,3183.57
3,6.3,20.6,8.3,3.4,6.0,6.0,6.0,Pune,12,8.2,606.1,4970.39
2,9.8,15.8,12.0,0.5,3.7,6.1,8.1,Lucknow,9,7.2,712.0,5126.05
3,8.4,19.2,2.4,4.1,0.9,1.7,3.0,Jaipur,12,7.6,299.1,2273.21
5,6.0,16.1,2.4,3.7,0.0,2.0,6.9,Bengaluru,1,8.0,275.4,2203.52
6,10.3,19.5,5.3,2.6,5.8,2.3,5.9,Lucknow,9,7.4,470.5,3481.66
3,6.3,24.0,3.0,4.7,1.9,0.4,8.9,Kolkata,8,7.7,325.5,2506.64
5,4.6,21.4,0.7,4.5,0.5,3.7,5.2,Mumbai,1,8.6,219.1,1884.17
5,7.0,17.8,3.4,1.1,2.5,3.7,6.9,Mumbai,6,8.8,313.9,2762.25
2,4.9,21.8,4.8,2.6,3.0,3.3,5.7,Chennai,5,8.1,365.6,2961.53
2,9.3,17.7,4.3,5.7,3.7,1.2,4.0,Chennai,6,8.5,351.2,2985.27
6,4.9,12.0,2.3,1.5,3.6,5.4,4.9,Pune,10,8.2,255.7,2096.47
4,6.7,16.3,5.3,3.2,1.5,0.2,4.5,Mumbai,12,8.6,366.0,3147.87
1,9.3,21.4,4.6,4.0,3.0,1.0,2.5,Pune,5,8.1,379.5,3073.97
4,5.2,22.3,0.4,1.2,6.4,4.3,9.1,Chennai,6,8.3,193.4,1605.2
4,8.0,24.0,3.0,3.3,0.9,3.5,5.3,Kolkata,5,7.8,328.3,2560.97
6,4.6,21.0,3.1,3.2,3.9,2.1,7.0,Ahmedabad,11,7.6,333.2,2532.0
3,7.6,24.0,0.4,2.9,0.9,3.1,3.8,Lucknow,12,7.2,196.4,1414.06
6,8.4,21.9,4.3,0.4,2.2,3.2,6.1,Hyderabad,5,8.2,377.0,3091.24
6,6.9,22.8,8.4,3.5,5.3,4.8,7.0,Pune,4,8.1,592.5,4799.06
5,7.1,23.3,0.6,2.3,0.0,1.2,6.2,Kolkata,3,7.5,209.7,1572.61
5,8.1,21.5,1.7,5.6,7.2,3.4,4.3,Lucknow,3,7.4,289.1,2139.48
5,6.3,23.2,4.3,4.3,0.4,4.6,7.6,Mumbai,4,9.0,366.1,3294.94
1,9.2,17.9,4.7,1.9,0.0,1.5,2.0,Ahmedabad,9,7.4,337.6,2498.3
3,10.4,12.7,2.7,2.7,3.0,2.9,2.8,Lucknow,2,7.0,255.6,1789.07
3,4.7,22.0,1.0,3.8,2.1,2.9,5.8,Jaipur,9,7.6,224.2,1703.99
5,11.4,21.1,7.6,2.7,1.8,0.6,2.0,Chennai,1,8.4,569.1,4780.69
4,6.2,17.4,8.7,0.5,4.3,3.4,4.4,Lucknow,1,7.4,564.9,4180.61
1,12.0,16.2,2.5,4.1,1.1,3.5,5.1,Hyderabad,5,8.1,252.8,2047.73
4,6.3,20.4,2.4,4.6,4.1,5.2,9.0,Kolkata,6,7.5,308.2,2311.29
2,8.8,22.2,4.2,5.0,4.7,3.0,4.7,Ahmedabad,6,7.8,371.9,2901.0
3,8.8,21.6,1.9,5.4,0.3,3.7,5.0,Bengaluru,3,8.0,267.5,2140.33
3,6.0,16.9,3.1,1.8,5.1,5.2,2.3,Lucknow,7,7.4,290.9,2152.56
4,7.2,17.6,4.8,5.1,4.5,2.0,6.2,Delhi,9,7.3,387.1,2826.17
1,10.6,22.0,3.7,1.2,6.1,1.2,6.0,Hyderabad,11,8.1,320.1,2592.93
3,6.2,20.2,2.7,4.2,3.0,3.2,3.8,Hyderabad,12,8.2,294.4,2413.69
4,6.0,23.2,1.3,2.1,1.3,2.7,7.8,Delhi,10,7.6,252.3,1917.79
6,4.1,19.0,8.7,4.3,5.5,2.9,7.7,Jaipur,8,7.4,561.5,4155.41
6,10.9,22.2,6.1,0.5,3.1,2.4,4.9,Bengaluru,6,8.0,457.5,3660.1
1,5.8,19.9,5.2,4.6,6.6,1.7,2.2,Chennai,12,8.4,382.1,3209.9
4,10.0,17.8,9.0,1.9,4.4,4.4,3.9,Kolkata,8,7.9,572.1,4519.76
6,5.5,22.8,2.7,4.5,2.9,3.0,9.1,Ahmedabad,12,7.7,329.3,2535.79
1,9.9,17.0,10.1,4.2,1.2,6.4,6.3,Kolkata,5,7.5,617.4,4630.58
5,9.0,20.2,7.9,4.3,2.8,1.4,4.5,Bengaluru,8,7.9,559.1,4416.73
1,6.4,20.5,2.6,3.6,4.9,6.0,8.7,Kolkata,10,7.5,317.2,2378.84
2,5.2,19.6,10.5,1.2,0.0,3.4,5.6,Delhi,12,7.5,611.0,4582.21
5,5.4,23.0,5.1,6.5,2.2,3.0,6.0,Hyderabad,4,8.2,425.8,3491.3
4,5.3,21.7,5.4,3.2,0.0,1.3,10.8,Kolkata,10,7.7,405.6,3123.12
5,9.7,21.4,3.4,3.2,0.9,2.0,7.8,Pune,8,8.1,336.7,2727.42
5,7.4,20.2,4.6,6.3,1.8,4.9,5.4,Lucknow,10,7.3,402.8,2940.7
4,4.2,24.0,1.2,1.7,2.5,0.0,6.7,Bengaluru,12,7.9,243.8,1925.96
4,6.4,24.0,6.3,3.4,3.7,0.3,7.1,Jaipur,2,7.5,479.4,3595.5
6,6.7,22.8,1.9,3.8,4.4,0.6,7.6,Pune,12,7.8,292.9,2284.61
2,1.7,22.3,12.0,3.0,5.8,4.8,3.9,Delhi,12,7.5,674.1,5055.44
4,6.5,18.2,1.9,4.0,6.2,4.0,9.3,Mumbai,5,8.8,277.8,2444.96
3,8.8,19.9,3.0,2.3,5.4,1.5,8.8,Delhi,9,7.5,306.2,2296.6
3,6.7,21.9,3.2,3.4,2.2,2.3,4.1,Jaipur,4,7.5,345.5,2591.46
2,7.6,23.2,0.9,3.8,3.5,3.2,6.0,Jaipur,11,7.2,249.6,1797.28
1,8.2,22.7,10.9,6.2,1.9,4.5,6.1,Pune,6,8.0,733.5,5868.18
1,6.1,21.7,1.8,6.8,3.5,1.5,6.3,Lucknow,1,7.3,252.2,1841.14
3,8.8,24.0,3.5,3.8,2.7,3.2,7.6,Bengaluru,9,8.1,370.7,3002.48
4,10.6,19.6,1.5,5.9,0.7,2.5,5.3,Chennai,1,8.5,227.2,1930.92
2,3.2,23.0,8.7,2.0,5.9,2.8,6.9,Hyderabad,5,8.3,602.5,5000.65
1,6.1,22.7,3.6,8.0,6.4,1.7,7.3,Pune,4,7.8,363.9,2838.74
1,12.8,21.3,3.8,3.0,1.5,3.3,7.0,Jaipur,12,7.5,327.8,2458.53
5,7.4,21.4,3.0,3.4,4.0,1.8,7.0,Mumbai,3,8.9,336.4,2993.57
3,6.9,21.4,5.6,4.6,1.6,3.1,7.1,Ahmedabad,6,7.8,431.2,3363.53
4,6.4,17.9,7.8,5.2,2.8,5.3,6.4,Jaipur,2,7.2,523.4,3768.18
2,10.2,21.2,3.0,3.2,1.9,4.6,2.2,Lucknow,3,7.3,320.3,2338.46
1,4.7,22.2,6.4,0.0,1.7,5.1,4.0,Lucknow,5,7.4,470.7,3482.83
5,9.3,21.0,2.8,4.8,3.4,3.5,3.4,Jaipur,9,7.2,324.4,2335.52
3,6.3,14.5,1.3,1.7,0.0,4.7,3.9,Lucknow,2,7.4,175.9,1301.75
3,5.1,15.2,3.8,5.0,2.0,0.3,4.0,Pune,10,8.0,320.2,2561.91
2,6.4,17.5,1.4,5.0,10.0,0.5,8.1,Jaipur,8,7.4,234.0,1731.65
1,6.9,19.7,2.6,3.9,0.0,1.5,8.7,Jaipur,2,7.2,285.9,2058.34
2,5.8,17.7,0.7,5.3,2.2,1.6,7.3,Bengaluru,11,8.0,195.8,1566.13
2,9.8,21.9,4.8,2.5,3.6,4.6,4.0,Hyderabad,5,8.3,398.1,3304.41
6,5.1,23.6,2.8,6.2,2.6,0.7,4.2,Mumbai,7,8.8,326.4,2872.13
5,7.4,24.0,3.5,3.8,1.5,1.0,4.7,Lucknow,8,7.4,321.1,2376.36
3,8.3,21.0,3.5,3.1,4.9,2.8,4.5,Bengaluru,1,7.7,368.2,2834.9
6,7.3,23.3,5.9,5.8,3.3,3.2,8.6,Chennai,6,8.1,490.1,3970.14
4,8.9,18.3,4.9,2.2,1.8,4.3,3.3,Chennai,1,8.4,391.9,3292.01
3,5.9,19.5,12.0,0.0,4.7,2.6,6.6,Kolkata,2,7.8,714.3,5571.52
3,8.6,16.5,8.9,1.0,1.9,2.7,3.5,Pune,1,8.2,502.3,4118.79
5,8.6,23.6,4.8,6.4,1.3,4.3,7.0,Pune,11,8.0,447.5,3579.83
4,9.4,24.0,3.4,4.0,4.2,1.7,5.2,Delhi,5,7.5,348.8,2615.83
1,2.3,19.0,2.5,3.8,0.4,3.2,3.8,Mumbai,10,8.8,259.8,2286.59
4,8.3,13.5,0.3,5.3,6.5,3.9,4.9,Jaipur,9,7.5,178.3,1337.6
1,9.3,17.1,1.9,4.1,6.0,2.4,7.0,Lucknow,6,7.2,243.0,1749.76
4,6.0,18.0,2.8,2.9,4.1,4.3,2.7,Mumbai,11,8.6,284.9,2450.28
2,5.6,16.0,3.8,2.6,1.8,1.7,4.7,Kolkata,11,7.5,309.2,2318.85
4,5.2,16.9,12.0,1.1,0.9,5.3,5.6,Delhi,1,7.5,692.8,5196.12
6,4.4,20.6,4.3,1.4,0.0,2.5,3.2,Bengaluru,1,8.0,350.6,2805.19
6,8.7,22.0,4.9,3.8,6.2,2.3,4.1,Mumbai,2,8.8,423.8,3729.56
5,12.7,13.8,1.2,3.2,1.1,0.8,8.9,Bengaluru,9,7.7,217.6,1675.3
1,5.6,18.4,2.0,4.5,3.7,1.3,3.4,Chennai,3,8.3,230.7,1914.48
3,5.8,20.1,2.8,3.3,3.4,1.8,4.9,Lucknow,1,7.4,295.2,2184.48
5,7.0,16.8,1.2,1.4,0.0,1.3,7.0,Kolkata,5,7.5,208.8,1566.37
6,3.0,20.7,4.2,4.0,1.8,1.2,5.9,Jaipur,7,7.6,354.9,2697.21
6,5.3,19.6,2.4,3.9,0.7,3.1,4.9,Lucknow,6,7.3,296.0,2160.86
1,6.9,18.7,1.1,3.5,4.6,3.9,7.6,Hyderabad,12,8.3,220.6,1830.71
6,4.8,17.4,5.7,3.8,4.7,3.4,2.0,Pune,1,7.8,435.1,3394.07
6,10.0,20.8,3.8,7.4,2.5,0.0,7.4,Kolkata,5,7.7,360.3,2774.46
1,3.8,17.7,5.3,1.1,1.3,1.4,4.1,Mumbai,5,8.9,360.6,3209.67
6,9.3,14.8,1.5,1.6,3.4,4.7,2.0,Lucknow,6,7.3,227.2,1658.67
3,10.7,20.1,5.3,0.1,5.2,1.0,10.3,Ahmedabad,3,7.8,398.9,3111.71
2,8.0,16.3,6.1,3.7,0.0,2.8,6.1,Pune,5,8.1,390.1,3159.75
5,6.7,15.1,3.3,0.0,7.2,1.4,7.5,Pune,7,8.2,330.0,2705.86
3,7.6,20.4,7.0,3.9,2.5,5.0,8.2,Ahmedabad,5,7.6,490.9,3731.12
3,5.9,19.5,2.7,3.4,2.8,1.8,4.2,Delhi,5,7.3,287.0,2094.86
2,1.9,17.4,3.2,2.4,6.2,4.0,5.5,Delhi,5,7.5,303.9,2279.61
5,4.6,20.7,2.3,4.4,2.9,1.9,5.9,Ahmedabad,10,7.4,283.9,2101.01
3,7.0,21.3,0.7,4.1,2.8,0.0,4.6,Hyderabad,10,8.3,196.5,1630.85
6,4.6,20.7,2.7,6.7,1.2,3.7,8.4,Chennai,3,8.4,334.1,2806.67
2,6.0,20.6,3.1,4.7,1.8,0.1,8.7,Ahmedabad,1,7.4,307.4,2274.69
5,8.2,15.2,2.6,3.4,1.6,1.6,5.7,Chennai,5,8.5,283.3,2408.37
4,7.4,23.9,2.8,0.0,0.0,5.8,7.0,Lucknow,9,7.3,335.8,2451.59
1,9.6,21.7,2.9,5.4,0.0,7.7,7.7,Hyderabad,1,8.2,308.2,2527.05
6,7.7,17.1,5.0,5.4,2.5,3.0,6.6,Kolkata,3,7.9,423.9,3348.78
2,7.9,20.0,7.0,6.1,0.2,1.7,4.8,Chennai,4,8.4,488.8,4105.54
1,5.2,20.5,8.2,0.0,4.3,3.0,2.0,Pune,1,8.2,500.1,4100.57
4,3.7,19.9,2.0,3.9,2.6,1.0,6.2,Lucknow,1,7.3,266.9,1948.53
3,6.0,24.0,6.7,4.8,0.0,2.4,7.6,Pune,8,8.0,496.9,3974.86
3,5.2,14.2,6.0,5.9,6.0,5.4,4.1,Hyderabad,2,7.9,419.9,3317.43
5,6.6,15.6,1.0,4.7,2.1,3.3,6.3,Chennai,12,8.5,231.4,1967.21
2,4.3,13.1,6.3,3.6,4.0,0.9,6.9,Bengaluru,8,8.1,426.1,3451.3
2,9.1,20.2,1.0,1.5,6.3,3.6,6.9,Hyderabad,7,8.1,218.6,1770.6
5,5.2,21.6,3.4,3.3,2.9,0.4,6.2,Hyderabad,10,8.2,341.5,2800.23
1,6.1,21.1,7.0,4.3,3.0,0.2,4.0,Bengaluru,10,7.7,478.3,3683.04
3,6.9,19.1,0.4,5.1,5.9,4.1,8.4,Lucknow,2,7.0,198.7,1390.66
3,9.8,21.2,6.3,0.3,2.4,1.9,5.9,Chennai,6,8.5,453.4,3854.02
2,11.4,19.1,1.5,4.1,5.1,5.4,4.9,Chennai,6,8.1,262.5,2126.27
2,11.6,22.2,8.3,0.6,2.9,1.4,2.7,Pune,3,8.0,526.3,4210.23
5,3.8,23.3,5.8,4.0,3.3,4.8,6.8,Hyderabad,11,7.9,434.3,3431.32
4,6.1,17.2,0.8,1.2,3.3,5.5,10.9,Hyderabad,2,7.9,199.0,1572.13
1,5.6,19.1,2.2,0.6,2.3,3.2,5.5,Jaipur,12,7.2,234.2,1686.23
6,7.9,19.6,7.4,7.1,1.9,2.5,5.0,Kolkata,1,7.9,541.9,4280.84
4,7.8,24.0,5.4,0.7,1.7,2.1,6.0,Hyderabad,6,7.9,440.3,3478.7
4,5.5,17.6,5.1,2.2,0.4,2.2,5.8,Mumbai,12,8.9,369.7,3290.49
2,5.3,23.3,3.2,3.5,2.1,0.6,5.3,Kolkata,5,7.5,317.5,2381.31
2,4.5,15.6,6.0,0.0,2.5,4.0,10.2,Mumbai,11,8.9,392.4,3492.33
2,1.0,23.7,9.6,5.1,3.8,3.9,6.1,Chennai,9,8.1,600.3,4862.58
4,3.8,22.6,1.3,2.1,2.8,2.7,3.4,Kolkata,1,7.9,226.5,1789.02
1,9.2,19.5,2.3,1.5,5.2,3.0,3.6,Hyderabad,7,7.9,273.2,2158.21
2,10.7,22.8,5.4,5.3,5.1,2.3,8.3,Bengaluru,5,8.1,476.1,3856.2
3,10.4,18.5,3.7,0.8,5.7,1.2,6.6,Pune,5,8.0,324.5,2596.22
1,9.3,17.2,4.0,4.4,2.6,1.0,5.3,Mumbai,2,8.8,324.2,2852.95
3,4.5,24.0,4.6,3.5,2.0,2.1,5.1,Kolkata,11,7.7,394.3,3036.38
1,4.0,18.4,2.8,3.6,0.3,2.4,7.4,Hyderabad,3,7.9,257.4,2033.45
2,2.5,22.0,2.0,3.4,5.6,4.7,4.4,Kolkata,7,7.8,256.8,2003.03
6,5.5,23.3,4.6,3.8,0.7,4.0,5.7,Hyderabad,6,8.1,420.9,3408.91
5,7.2,22.4,1.0,0.0,1.2,5.3,7.5,Hyderabad,12,8.1,246.1,1993.75
2,4.5,21.8,1.8,1.8,3.5,4.0,4.5,Hyderabad,2,7.9,241.5,1908.03
4,8.1,22.0,3.3,1.7,2.4,0.6,8.5,Jaipur,6,7.6,322.4,2450.29
6,8.6,23.2,3.2,5.7,5.9,0.8,2.7,Pune,2,8.2,365.1,2993.71
4,5.8,21.0,7.9,3.8,1.5,1.4,6.1,Bengaluru,2,7.9,555.4,4387.37
1,3.6,19.9,0.6,3.5,3.1,2.5,6.2,Bengaluru,2,7.7,185.5,1428.5
4,10.5,15.9,3.3,7.2,0.0,1.8,2.0,Kolkata,11,7.8,302.9,2362.39
6,7.1,21.0,5.1,0.0,5.5,4.0,4.5,Kolkata,3,7.9,428.5,3384.77
6,11.9,23.1,2.6,6.3,0.0,4.8,7.2,Hyderabad,2,7.9,345.5,2729.53
2,7.2,16.7,2.7,3.5,8.0,1.2,4.6,Jaipur,4,7.5,287.1,2152.88
3,7.4,19.3,2.9,2.0,2.8,0.5,5.5,Hyderabad,9,8.2,320.8,2630.94
2,4.6,21.3,2.8,2.4,2.4,5.5,5.2,Jaipur,6,7.2,301.7,2172.47
1,5.9,24.0,1.3,2.5,2.9,3.3,7.9,Hyderabad,1,7.9,233.8,1847.17
4,3.1,16.5,1.6,6.5,0.9,2.2,6.7,Mumbai,8,8.9,238.2,2119.98
3,3.6,22.4,1.7,4.0,4.3,5.4,5.1,Mumbai,12,9.0,255.1,2295.98
5,8.9,18.9,12.0,4.9,2.2,4.9,4.6,Chennai,7,8.3,721.9,5991.63
6,6.3,18.0,3.7,2.0,2.4,2.1,7.7,Hyderabad,10,7.9,351.7,2778.17
3,5.9,17.2,2.8,3.7,5.6,4.3,6.3,Pune,3,7.8,311.5,2429.66
3,5.1,18.0,1.4,5.3,0.0,4.7,8.0,Chennai,1,8.1,202.0,1636.25
2,6.0,21.5,11.9,5.8,2.6,4.3,7.2,Kolkata,5,7.8,704.6,5495.87
5,9.8,19.3,6.6,0.8,2.8,4.9,2.0,Lucknow,4,7.2,463.8,3339.6
6,7.4,22.1,5.3,5.1,3.3,1.6,8.1,Hyderabad,10,8.3,446.1,3702.36
1,4.0,16.6,8.0,3.2,1.9,3.0,6.2,Mumbai,8,8.6,484.4,4165.84
1,9.6,22.1,2.1,4.2,2.4,5.5,6.5,Lucknow,1,7.0,281.2,1968.52
3,11.3,21.3,8.1,2.4,6.7,2.4,2.0,Jaipur,10,7.6,554.1,4211.24
3,8.2,15.5,3.9,6.6,4.0,2.0,5.0,Lucknow,1,7.2,318.5,2293.18
4,9.2,24.0,6.5,4.0,1.4,3.2,6.1,Pune,12,8.1,493.1,3994.21
5,10.1,21.0,4.3,2.3,4.3,0.6,3.4,Hyderabad,4,8.3,397.2,3296.59
6,2.9,22.3,2.1,2.5,3.1,3.5,8.7,Bengaluru,8,7.7,272.6,2099.29
3,11.7,23.5,7.1,5.2,4.5,0.5,7.5,Lucknow,5,7.0,534.2,3739.11
4,9.7,22.9,1.2,4.9,2.6,4.9,5.2,Bengaluru,2,8.0,262.1,2097.16
5,8.2,19.6,6.6,3.7,1.4,0.6,9.6,Jaipur,6,7.2,441.2,3176.83
6,6.7,22.2,0.3,2.7,0.0,4.3,6.7,Chennai,5,8.4,201.2,1690.46
1,3.7,14.6,0.8,5.4,5.3,1.9,8.7,Bengaluru,2,8.1,185.0,1498.36
4,6.2,21.2,1.6,2.4,4.4,1.4,4.4,Chennai,11,8.5,263.2,2237.43
5,8.1,24.0,2.7,2.3,3.7,3.0,7.0,Mumbai,11,9.0,322.8,2905.06
4,4.2,17.9,5.5,8.6,4.3,3.4,8.7,Hyderabad,11,8.3,443.5,3681.31
3,6.8,22.7,1.7,4.3,5.5,3.1,8.4,Lucknow,3,7.2,271.7,1955.97
2,4.0,24.0,4.3,3.3,0.0,3.5,8.0,Mumbai,9,8.8,381.4,3356.7
1,6.0,22.1,2.8,2.6,3.2,4.0,8.5,Mumbai,7,8.9,319.4,2842.78
3,3.6,23.1,6.3,3.1,0.0,0.0,9.1,Ahmedabad,7,7.8,423.8,3305.76
3,3.4,15.3,1.4,6.0,2.2,3.2,2.0,Delhi,11,7.6,212.6,1615.88
5,7.9,17.2,3.2,5.2,3.7,1.0,5.1,Pune,6,8.1,328.8,2663.24
4,5.6,24.0,7.2,2.2,2.3,1.1,2.5,Chennai,8,8.3,502.1,4167.36
1,5.8,22.9,1.7,2.8,6.5,1.3,2.5,Ahmedabad,4,7.6,257.8,1959.4
3,5.4,21.5,4.7,0.9,2.4,0.0,5.0,Delhi,8,7.3,389.5,2843.3
5,13.8,19.2,0.7,4.0,1.5,3.0,5.1,Pune,4,8.2,210.3,1724.83
1,8.5,20.9,7.7,0.0,3.1,0.3,8.7,Chennai,8,8.4,518.9,4358.83
4,8.8,24.0,1.6,0.4,0.9,3.6,3.6,Hyderabad,9,8.2,271.3,2225.04
3,5.1,19.7,1.7,3.7,1.2,5.3,6.4,Pune,3,7.8,246.3,1921.32
6,8.3,22.1,0.9,0.0,4.9,5.3,9.2,Lucknow,3,7.0,242.0,1694.18
3,6.4,22.0,4.5,8.1,5.0,1.4,5.7,Mumbai,11,8.8,390.9,3439.64
3,5.0,18.0,3.4,1.7,3.3,1.2,9.9,Delhi,2,7.3,322.3,2352.62
1,11.8,18.2,1.4,4.5,4.2,4.2,2.2,Delhi,10,7.3,251.0,1832.23
1,8.4,24.0,3.0,6.0,7.2,3.1,4.3,Delhi,3,7.6,372.9,2834.07
1,8.3,21.7,12.0,4.0,2.9,2.9,9.1,Chennai,3,8.1,778.4,6304.84
1,4.6,18.0,8.4,3.5,1.3,1.0,4.6,Lucknow,5,7.4,513.9,3802.96
5,3.8,19.1,9.7,2.4,4.1,3.2,5.5,Pune,5,8.1,586.0,4746.42
2,6.9,17.0,1.7,0.9,4.7,4.3,9.3,Mumbai,2,8.9,223.9,1992.52
5,5.6,23.2,1.5,2.5,4.9,1.8,7.3,Lucknow,12,7.3,269.7,1968.61
3,8.5,19.2,0.6,3.7,5.3,3.7,2.7,Ahmedabad,10,7.4,233.6,1728.85
5,8.7,19.3,5.2,3.4,5.0,3.2,7.2,Hyderabad,6,7.9,432.9,3419.87
4,7.2,22.5,3.3,1.6,4.0,2.0,4.6,Bengaluru,5,8.0,339.8,2718.37
6,9.1,15.0,10.2,5.6,4.3,2.9,5.0,Lucknow,6,7.2,637.4,4589.09
1,7.5,19.9,7.2,0.6,3.8,1.4,5.8,Ahmedabad,1,7.8,496.2,3870.03
4,4.8,20.0,6.0,4.7,0.0,4.3,4.8,Mumbai,5,8.8,430.2,3786.07
6,6.5,19.1,1.0,5.2,0.0,1.5,7.0,Bengaluru,9,8.0,231.5,1851.76
4,7.3,18.4,1.0,4.0,0.9,2.1,4.3,Bengaluru,12,8.1,207.0,1677.05
3,9.3,17.9,0.3,6.8,4.6,4.4,6.6,Lucknow,10,7.2,209.6,1508.97
1,7.6,20.8,1.4,4.3,2.1,2.2,7.5,Delhi,2,7.7,239.2,1841.83
4,5.6,17.0,1.0,6.3,3.3,1.6,5.9,Kolkata,1,7.9,222.6,1758.75
3,9.4,20.5,4.7,0.0,6.1,3.3,6.1,Mumbai,10,9.0,376.4,3387.67
1,8.0,18.3,2.3,5.4,5.2,5.7,6.2,Delhi,11,7.7,300.6,2314.6
2,10.9,18.5,2.0,4.7,0.0,4.7,6.3,Mumbai,9,8.6,275.9,2372.67
3,7.2,20.6,2.8,4.6,4.5,3.9,5.8,Kolkata,10,7.8,311.4,2428.63
5,4.4,18.5,3.2,4.7,3.1,4.5,5.7,Hyderabad,9,8.3,314.2,2608.04
1,9.9,23.8,1.8,2.5,1.7,3.8,5.8,Kolkata,9,7.5,254.9,1911.7
4,5.6,19.6,3.3,5.0,2.3,3.3,6.4,Jaipur,6,7.4,310.6,2298.16
6,7.7,23.1,5.0,7.1,2.4,4.4,5.1,Lucknow,8,7.2,432.7,3115.37
4,7.5,17.7,5.6,0.0,0.4,3.5,5.7,Lucknow,11,7.0,412.2,2885.2
5,7.1,17.6,1.0,5.9,3.5,2.9,8.0,Ahmedabad,1,7.6,235.5,1789.54
5,6.6,15.0,2.6,3.2,7.4,3.3,10.0,Delhi,10,7.5,321.4,2410.56
4,2.9,18.5,11.0,2.2,5.0,3.5,10.9,Ahmedabad,4,7.4,654.8,4845.41
6,4.5,19.3,8.3,1.1,0.0,3.5,6.3,Jaipur,1,7.2,524.5,3776.39
1,9.8,20.2,7.6,4.3,3.6,3.5,3.9,Kolkata,8,7.5,517.4,3880.32
3,8.1,22.1,4.1,6.7,3.6,1.5,5.5,Lucknow,1,7.0,365.4,2557.57
5,11.8,21.9,2.5,2.7,1.0,2.7,6.3,Chennai,3,8.3,332.2,2757.54
5,4.4,23.4,0.5,4.8,0.6,1.1,8.2,Kolkata,4,7.9,232.9,1840.07
5,6.9,17.3,1.2,3.5,4.8,3.4,4.6,Kolkata,8,7.5,240.6,1804.81
6,9.9,20.1,3.8,0.2,3.2,3.5,5.8,Jaipur,6,7.5,376.3,2822.47
2,5.6,17.0,5.1,3.1,2.0,5.0,4.0,Hyderabad,10,8.3,381.3,3164.75
6,5.8,21.2,4.4,2.2,4.2,3.5,9.3,Mumbai,12,8.8,407.4,3585.4
1,6.3,24.0,1.0,1.5,7.2,2.4,7.1,Jaipur,7,7.6,247.8,1883.0
1,5.9,16.4,2.1,2.6,3.5,2.4,5.3,Mumbai,8,8.8,236.2,2078.55
1,8.3,22.1,7.8,2.9,3.6,4.0,6.1,Lucknow,2,7.0,569.7,3987.64
1,2.5,23.1,2.6,5.5,3.0,2.0,3.3,Jaipur,10,7.4,289.9,2145.47
1,11.1,17.3,4.4,3.5,2.2,3.2,6.9,Mumbai,11,8.6,364.6,3135.36
4,4.6,21.3,2.2,0.7,4.6,4.4,6.8,Ahmedabad,8,7.6,268.2,2038.38
5,1.7,18.9,0.6,5.9,2.6,6.0,2.5,Jaipur,3,7.2,203.1,1462.66
6,7.0,19.6,3.6,4.3,4.0,4.7,4.5,Lucknow,7,7.2,372.2,2679.62
4,6.1,18.8,2.5,4.1,6.0,2.2,5.4,Jaipur,3,7.5,263.9,1979.62
6,6.6,19.3,2.7,5.2,4.5,1.9,5.4,Lucknow,7,7.0,317.4,2222.15
2,7.8,23.5,3.2,3.5,0.5,3.9,5.0,Jaipur,11,7.2,340.8,2454.06
3,8.6,19.8,1.3,2.4,0.3,2.7,6.3,Mumbai,12,8.9,232.4,2068.44
5,11.2,18.2,3.1,4.2,5.5,0.8,8.8,Hyderabad,2,7.9,305.0,2409.72
2,5.3,20.2,1.4,4.7,2.8,6.9,7.0,Pune,10,8.2,231.8,1901.14
4,8.9,13.6,6.0,4.3,3.5,3.3,8.4,Mumbai,6,9.0,434.0,3905.93
3,8.8,17.5,12.0,5.1,1.4,4.9,6.7,Delhi,3,7.5,663.1,4973.57
2,1.0,23.7,1.7,3.7,4.2,2.5,5.4,Bengaluru,3,8.1,286.0,2316.73
6,4.9,19.6,7.9,1.5,6.8,3.0,5.6,Hyderabad,9,8.1,571.2,4626.55
3,3.8,18.6,2.9,2.2,3.3,3.2,7.6,Ahmedabad,7,7.6,279.1,2121.02
6,8.1,20.5,4.3,6.2,4.3,2.6,7.1,Kolkata,5,7.9,416.6,3291.34
2,7.8,22.2,2.6,3.6,5.5,1.9,8.7,Mumbai,12,8.9,320.6,2853.42
4,7.9,24.0,1.7,1.2,6.4,6.3,6.0,Jaipur,10,7.5,280.6,2104.26
6,6.2,18.6,2.0,1.1,1.6,3.5,3.2,Mumbai,7,8.8,269.5,2371.7
3,6.5,18.7,9.7,0.8,3.8,0.6,5.6,Chennai,9,8.4,538.7,4525.2
2,6.9,19.3,1.3,5.1,5.6,3.2,3.0,Hyderabad,1,7.9,233.6,1845.6
6,6.0,23.1,6.0,4.1,6.1,0.8,5.7,Pune,7,8.1,463.1,3750.73
4,8.9,20.2,3.0,7.2,2.2,1.7,3.7,Ahmedabad,6,7.4,351.8,2603.06
5,4.3,24.0,0.5,4.7,1.7,3.2,5.8,Chennai,10,8.5,209.5,1780.59
4,5.0,19.5,3.1,4.8,2.7,3.8,6.3,Lucknow,12,7.2,328.4,2364.51
4,7.3,24.0,12.0,7.5,2.4,0.0,5.8,Chennai,9,8.3,720.9,5983.32
5,6.1,17.3,5.3,1.6,2.4,5.6,5.4,Mumbai,1,8.8,427.6,3762.44
4,4.2,15.8,0.3,0.5,3.8,2.0,5.2,Ahmedabad,4,7.7,154.6,1190.2
5,8.3,19.7,5.0,4.6,1.9,2.7,8.3,Mumbai,9,8.8,391.7,3447.24
5,5.6,23.4,3.3,3.0,6.1,5.3,6.6,Lucknow,4,7.3,357.1,2606.48
6,4.9,18.6,1.1,4.1,2.2,5.6,3.0,Kolkata,10,7.7,235.8,1815.98
6,6.6,18.2,2.2,5.9,1.8,2.1,6.3,Ahmedabad,3,7.4,287.3,2125.87
5,4.8,23.1,1.1,5.0,0.7,4.6,9.0,Kolkata,9,7.8,236.7,1845.97
2,6.9,22.1,0.5,6.5,5.5,3.2,5.1,Hyderabad,2,7.9,204.4,1614.88
3,6.1,17.6,2.1,1.7,0.4,7.0,5.2,Hyderabad,4,7.9,247.4,1954.46
2,5.7,17.4,2.5,5.3,3.9,2.0,7.3,Kolkata,6,7.9,266.8,2107.62
5,5.7,22.5,1.8,2.0,4.4,5.5,4.3,Hyderabad,2,8.3,264.8,2197.85
3,9.5,15.1,2.1,6.8,0.0,2.1,3.6,Ahmedabad,8,7.4,248.0,1835.46
6,7.9,23.2,1.7,4.4,0.4,1.4,2.9,Jaipur,8,7.4,277.1,2050.19
3,2.7,22.1,3.0,4.5,2.2,2.5,7.4,Delhi,1,7.7,309.1,2380.27
5,9.2,13.2,7.8,2.3,6.8,0.5,7.7,Hyderabad,12,8.3,485.0,4025.26
6,8.3,20.0,0.6,2.4,2.2,1.6,4.8,Hyderabad,3,7.9,200.2,1581.62
3,8.1,14.1,3.9,4.3,2.0,2.5,3.7,Mumbai,10,8.6,331.4,2849.98
3,9.2,16.4,3.9,7.0,1.5,2.6,7.7,Kolkata,9,7.5,349.0,2617.63
2,7.0,18.5,1.6,6.7,1.5,4.4,5.7,Bengaluru,5,8.0,238.4,1906.82
3,8.6,16.2,8.9,4.2,1.7,4.2,2.0,Pune,6,8.1,577.0,4674.1
5,5.8,24.0,0.8,2.7,1.7,2.9,6.7,Chennai,4,8.4,241.9,2032.09
1,9.1,22.6,5.0,4.6,1.6,0.4,6.6,Hyderabad,10,8.2,419.5,3439.6
1,7.5,24.0,3.2,6.0,1.6,0.0,8.8,Chennai,2,8.4,335.0,2813.71
1,3.6,19.6,1.1,3.9,2.2,2.2,7.7,Ahmedabad,11,7.7,202.3,1558.0
5,9.6,20.1,7.9,2.7,4.9,1.7,7.8,Bengaluru,8,8.1,542.6,4394.66
1,6.7,24.0,0.6,4.9,0.8,2.1,4.2,Pune,11,8.1,199.5,1615.55
2,6.3,21.3,9.2,3.0,1.7,5.4,3.3,Kolkata,6,7.7,519.3,3998.87
5,5.9,21.8,2.3,2.8,2.0,2.1,7.0,Delhi,5,7.6,287.7,2186.32
6,6.1,17.3,2.4,3.4,3.0,1.7,6.0,Pune,9,7.8,254.7,1986.52
5,7.6,17.3,1.1,4.8,1.5,3.0,7.3,Pune,1,8.0,217.5,1740.23
5,4.5,20.8,2.5,3.1,7.2,2.2,6.3,Delhi,5,7.6,294.8,2240.61
3,3.1,21.1,7.4,3.4,4.2,3.9,8.9,Jaipur,6,7.5,553.6,4152.07
3,4.3,17.0,5.1,3.8,4.9,3.4,5.1,Kolkata,5,7.5,371.9,2789.17
3,8.0,21.1,12.4,2.7,3.5,5.8,6.1,Mumbai,6,8.6,756.0,6501.38
4,6.6,16.3,1.7,6.6,5.8,2.6,4.7,Chennai,6,8.1,248.6,2013.82
2,9.8,20.0,2.2,7.2,0.7,5.9,4.3,Hyderabad,7,8.1,292.6,2369.79
5,6.8,15.7,5.4,2.9,1.9,4.0,8.6,Pune,4,8.0,398.8,3190.52
5,9.1,24.0,4.0,1.9,1.4,3.8,5.8,Ahmedabad,11,7.6,354.3,2692.49
3,5.3,19.1,2.3,2.6,2.7,0.0,10.9,Delhi,8,7.7,274.4,2112.76
5,5.9,17.9,0.9,4.4,6.2,0.0,3.3,Chennai,7,8.5,215.4,1830.81
6,7.0,16.6,7.0,3.3,7.4,0.6,6.2,Bengaluru,9,8.1,500.1,4050.58
5,6.6,16.3,1.2,0.9,4.9,3.3,6.3,Delhi,7,7.5,219.0,1642.78
1,6.4,21.3,1.8,3.2,2.8,4.1,8.5,Bengaluru,3,8.1,255.0,2065.49
6,4.8,23.0,2.3,4.3,5.2,3.8,4.2,Kolkata,3,7.9,321.2,2537.61
6,3.0,22.7,3.7,5.5,6.0,3.1,4.8,Pune,8,7.8,383.1,2988.53
5,8.6,24.0,1.5,7.0,5.4,4.4,3.2,Ahmedabad,5,7.4,278.6,2061.79
4,8.3,24.0,3.1,2.6,2.7,4.8,8.9,Hyderabad,4,8.3,344.3,2857.84
3,5.5,22.9,5.3,2.3,2.8,2.5,2.6,Bengaluru,8,8.1,389.9,3158.08
2,7.9,18.5,11.1,3.0,1.7,3.8,6.2,Chennai,6,8.5,684.5,5818.42
2,6.6,20.5,1.5,1.6,2.5,3.6,11.0,Jaipur,2,7.6,252.1,1916.28
1,9.8,13.2,0.7,2.1,1.4,4.2,8.3,Kolkata,4,7.5,187.9,1409.51
2,3.7,21.9,3.9,2.1,2.9,3.5,8.5,Jaipur,12,7.2,363.7,2618.75
2,6.7,20.4,0.7,4.2,3.0,3.4,9.4,Kolkata,11,7.9,217.0,1714.02
3,6.5,24.0,4.8,1.8,1.3,2.1,6.3,Mumbai,4,8.6,445.9,3834.79
3,7.4,17.8,3.4,5.1,8.4,3.3,6.3,Chennai,6,8.4,344.9,2896.92
4,10.8,21.5,3.2,5.8,3.6,2.5,6.0,Jaipur,6,7.2,356.4,2565.77
1,6.7,17.0,1.2,1.2,5.6,1.4,5.8,Ahmedabad,1,7.4,187.5,1387.34
2,8.9,19.7,9.4,0.9,5.4,3.4,4.8,Pune,8,8.2,616.7,5057.06
4,6.6,15.1,2.8,2.4,6.9,1.5,8.8,Delhi,6,7.6,324.0,2462.33
1,9.7,24.0,4.9,2.7,1.2,2.9,4.9,Hyderabad,3,8.1,409.6,3317.99
6,8.9,23.2,3.1,6.0,1.9,2.5,5.4,Pune,9,7.8,364.0,2839.47
2,6.2,18.6,4.4,3.4,0.0,2.2,3.4,Pune,2,8.1,366.9,2972.22
2,6.0,20.8,7.6,4.3,0.0,5.1,7.7,Kolkata,11,7.8,561.7,4381.22
3,8.2,20.1,1.2,4.3,1.0,5.5,9.2,Ahmedabad,8,7.8,249.5,1946.32
5,5.4,18.2,1.5,1.7,2.7,2.6,2.0,Kolkata,10,7.8,208.9,1629.63
1,7.5,20.4,1.9,3.0,2.8,4.5,9.1,Lucknow,3,7.4,267.0,1975.6
2,6.1,18.7,7.5,3.5,9.4,0.6,7.5,Bengaluru,12,8.0,534.0,4272.31
1,7.9,22.9,7.0,4.3,4.0,1.2,8.5,Hyderabad,5,8.1,519.3,4206.67
4,6.6,19.4,3.5,0.6,4.9,2.9,6.7,Bengaluru,6,7.9,329.0,2599.12
4,5.3,24.0,2.3,2.3,3.3,1.4,7.2,Delhi,10,7.7,288.6,2222.02
5,9.8,19.8,2.6,3.5,0.4,3.6,6.7,Lucknow,6,7.2,301.2,2168.82
2,7.6,20.3,5.2,2.6,3.6,3.4,4.0,Chennai,4,8.1,405.8,3287.07
3,6.9,21.6,7.2,0.7,0.0,2.9,5.8,Delhi,3,7.7,497.3,3829.5
2,8.0,22.5,5.5,2.1,2.6,6.6,5.0,Delhi,4,7.6,448.3,3407.28
1,2.8,20.2,3.0,0.7,4.3,3.6,8.2,Mumbai,1,8.6,299.9,2579.18
6,12.2,21.5,6.1,6.3,1.8,3.9,5.5,Hyderabad,4,8.3,481.8,3998.84
4,7.1,20.5,1.7,2.9,3.4,3.7,7.0,Kolkata,1,7.9,249.2,1968.4
1,2.1,17.7,8.2,3.4,1.8,1.6,3.8,Ahmedabad,12,7.8,514.0,4009.11
5,10.0,16.9,8.1,1.5,0.8,5.9,9.7,Bengaluru,1,8.1,539.7,4371.84
4,5.1,22.1,2.8,4.0,4.0,0.9,6.5,Delhi,10,7.6,337.2,2562.74
3,9.6,24.0,2.1,4.9,5.1,3.4,3.3,Bengaluru,6,8.0,314.8,2518.16
4,7.3,15.1,2.1,1.7,5.1,4.1,8.0,Bengaluru,5,7.9,265.5,2097.26
6,3.1,15.7,2.2,1.7,2.5,4.5,6.5,Chennai,11,8.5,249.9,2124.09
2,7.7,15.7,4.9,2.5,0.0,2.5,7.6,Hyderabad,4,8.1,347.1,2811.9
6,7.5,22.3,0.5,0.7,3.2,4.1,12.0,Hyderabad,11,7.9,227.0,1793.19
6,9.9,22.6,2.5,4.3,5.5,1.4,8.3,Jaipur,3,7.5,331.1,2483.23
2,8.3,17.1,5.4,5.0,0.4,5.5,8.2,Pune,1,8.2,379.7,3113.84
4,3.9,24.0,2.8,0.6,6.6,2.8,5.3,Hyderabad,6,8.2,325.5,2669.47
5,9.5,18.8,1.4,5.3,0.0,2.3,6.2,Bengaluru,2,7.7,247.0,1902.02
2,6.0,24.0,3.4,5.3,3.8,2.0,5.3,Kolkata,8,7.7,306.6,2360.82
2,11.3,22.4,2.5,0.0,4.7,3.4,3.4,Bengaluru,10,8.0,286.7,2294.0
3,6.1,17.1,6.1,1.3,5.9,0.6,5.1,Kolkata,5,7.8,416.7,3250.37
4,6.5,18.7,1.0,2.3,3.9,4.3,8.3,Jaipur,7,7.6,211.5,1607.06
2,4.9,17.4,3.5,4.6,2.3,2.1,6.8,Kolkata,10,7.8,323.1,2520.02
5,5.8,16.0,7.2,4.4,3.3,5.0,3.7,Hyderabad,12,8.3,534.2,4434.15
1,5.1,19.2,3.6,1.7,1.6,1.1,5.8,Chennai,2,8.3,318.9,2647.0
4,9.9,16.4,1.5,6.7,0.0,3.2,4.4,Kolkata,8,7.9,248.7,1964.64
3,3.7,19.5,0.2,2.1,2.5,3.8,6.9,Bengaluru,2,7.9,170.3,1345.14
6,9.0,24.0,1.7,1.8,4.0,4.0,4.6,Ahmedabad,4,7.4,294.0,2175.4
2,9.1,22.1,2.3,1.2,5.1,2.2,4.9,Hyderabad,1,8.1,283.8,2298.59
5,10.4,18.3,0.8,3.1,2.0,1.1,3.4,Ahmedabad,5,7.6,209.0,1588.1
4,7.1,18.1,2.7,5.3,6.0,2.3,9.3,Lucknow,9,7.0,305.2,2136.05
5,4.4,18.8,2.3,1.7,2.7,4.7,5.9,Lucknow,1,7.0,254.9,1784.64
5,6.6,24.0,1.0,3.9,4.0,6.1,5.8,Bengaluru,9,8.0,268.5,2148.35
6,8.5,16.7,4.2,3.9,4.5,0.6,6.7,Lucknow,11,7.2,371.3,2673.22
3,7.2,20.0,4.9,3.4,3.1,1.9,6.8,Pune,8,8.2,394.1,3231.35
4,7.9,21.4,11.7,4.1,2.8,0.4,4.6,Jaipur,6,7.2,766.1,5515.61
2,10.4,23.6,2.4,5.3,6.1,2.2,6.5,Hyderabad,7,7.9,302.4,2389.07
3,8.5,19.0,0.9,4.0,0.0,2.0,6.2,Ahmedabad,3,7.7,215.7,1661.02
2,7.5,17.1,1.1,5.6,3.1,1.2,8.0,Bengaluru,1,7.9,236.6,1868.76
1,2.4,20.9,8.9,1.3,0.0,5.5,7.5,Pune,5,8.1,570.1,4618.05
5,5.0,23.9,3.1,2.6,0.0,4.7,6.0,Bengaluru,12,8.1,315.7,2557.26
1,6.0,19.2,2.5,1.3,2.9,3.4,6.0,Pune,12,8.0,284.0,2272.04
5,2.1,17.5,5.8,4.6,1.9,2.8,5.6,Lucknow,2,7.0,414.9,2904.31
6,4.2,20.3,2.2,5.9,7.2,4.3,6.2,Lucknow,5,7.4,296.6,2195.08
3,6.3,15.1,7.6,2.9,2.5,1.5,5.9,Kolkata,8,7.8,468.8,3656.5
2,6.7,19.3,1.8,4.1,5.3,3.4,6.3,Mumbai,11,8.8,280.7,2470.3
6,8.3,23.5,5.4,0.5,3.1,2.1,3.1,Bengaluru,9,8.1,428.9,3474.24
2,6.5,22.6,3.0,3.5,0.6,6.5,4.7,Kolkata,2,7.5,306.3,2297.05
3,7.6,19.6,3.3,0.2,0.0,1.0,8.9,Hyderabad,12,8.2,325.6,2670.05
4,6.0,24.0,2.4,3.6,0.3,2.6,4.7,Kolkata,3,7.8,273.0,2129.19
1,7.1,24.0,7.5,0.0,3.7,1.1,5.7,Delhi,3,7.3,513.6,3749.07
1,8.1,22.0,1.4,6.9,6.2,4.1,6.4,Lucknow,1,7.2,258.4,1860.22
2,10.7,15.6,6.1,3.4,1.2,4.1,5.7,Delhi,8,7.5,445.0,3337.78
2,5.7,14.4,1.6,3.3,4.7,2.0,4.9,Bengaluru,6,8.0,212.7,1701.72
2,7.4,24.0,0.4,7.3,2.6,1.1,7.8,Ahmedabad,12,7.4,208.0,1539.53
3,9.2,20.7,4.1,3.6,0.9,2.4,3.9,Ahmedabad,8,7.6,363.9,2765.62
4,3.4,24.0,2.7,0.3,3.7,2.0,2.0,Hyderabad,11,8.3,289.1,2399.45
1,12.0,16.0,2.9,2.6,6.2,3.1,8.6,Kolkata,9,7.7,314.9,2424.84
6,9.9,19.5,1.0,7.4,2.8,5.4,3.4,Ahmedabad,5,7.6,251.9,1914.34
5,2.7,23.1,2.7,1.7,4.7,4.0,7.4,Pune,12,8.1,344.7,2792.31
3,7.9,17.8,1.7,2.6,3.6,4.1,5.2,Pune,3,8.1,240.9,1951.05
1,5.6,23.0,13.4,6.6,3.6,3.0,9.0,Hyderabad,5,8.2,841.7,6901.64
4,6.0,19.6,6.2,2.0,1.4,7.0,5.5,Jaipur,5,7.4,447.1,3308.31
3,7.9,20.1,4.1,3.3,4.0,3.2,4.9,Lucknow,5,7.0,364.3,2550.02
6,9.6,16.4,5.6,6.2,0.1,4.1,7.8,Kolkata,3,7.5,451.0,3382.19
1,5.8,20.8,2.2,2.4,3.7,4.6,8.5,Bengaluru,11,7.7,264.5,2036.45
3,5.9,24.0,3.2,1.9,5.7,2.9,9.2,Chennai,10,8.5,361.9,3075.75
1,7.9,21.2,2.9,0.0,6.6,3.3,2.0,Chennai,4,8.4,308.5,2591.63
1,8.4,17.6,1.8,1.3,0.9,2.1,2.0,Chennai,9,8.3,229.8,1907.18
4,4.5,24.0,3.6,1.7,3.9,3.0,3.8,Ahmedabad,10,7.6,364.8,2772.32
5,11.3,17.7,5.5,2.8,1.6,5.2,3.8,Jaipur,9,7.2,440.2,3169.75
4,5.4,24.0,2.8,4.2,3.3,4.7,5.0,Jaipur,2,7.6,337.9,2568.32
1,9.4,16.2,1.4,3.4,6.8,4.0,6.1,Kolkata,8,7.7,245.5,1890.41
3,8.1,20.8,2.4,1.0,4.8,4.4,6.4,Kolkata,8,7.5,293.4,2200.3
6,8.5,24.0,1.7,6.2,1.7,2.9,7.1,Jaipur,7,7.5,294.0,2205.14
4,5.4,17.4,2.2,1.3,1.6,4.4,4.6,Hyderabad,8,8.3,260.2,2159.84
5,2.7,20.2,1.8,7.1,3.0,2.8,5.8,Kolkata,3,7.9,271.4,2143.68
1,6.9,23.5,6.2,3.8,3.2,0.5,5.9,Hyderabad,6,7.9,481.3,3802.3
6,7.0,13.2,11.5,5.6,3.3,5.7,6.0,Delhi,1,7.6,748.5,5688.93
4,4.6,22.8,2.1,4.6,0.0,2.7,5.0,Pune,7,8.2,265.1,2173.77
4,9.3,19.7,3.0,6.5,7.0,4.6,6.4,Lucknow,1,7.2,347.1,2499.37
4,6.9,24.0,1.9,3.4,7.2,2.5,3.9,Kolkata,9,7.9,274.1,2165.45
4,5.0,17.5,1.6,3.0,4.0,0.0,9.4,Jaipur,1,7.4,235.1,1739.6
6,8.5,15.8,1.9,4.1,1.3,2.9,4.2,Pune,1,8.1,250.6,2029.95
3,8.5,18.4,0.3,2.9,1.7,0.2,6.8,Pune,7,8.2,174.2,1428.79
5,5.2,18.3,4.6,4.4,1.1,4.1,5.4,Mumbai,2,9.0,394.5,3550.19
5,10.1,19.4,1.1,6.6,0.9,2.7,5.0,Jaipur,5,7.4,246.7,1825.78
1,12.6,18.6,4.0,0.1,1.7,4.8,3.0,Lucknow,8,7.4,332.0,2456.66
2,4.3,14.0,2.9,3.3,3.8,3.3,4.9,Jaipur,8,7.5,281.8,2113.77
3,6.5,19.7,2.6,7.9,3.3,1.5,5.5,Kolkata,3,7.5,301.6,2261.85
1,7.8,20.7,4.7,2.7,6.0,4.0,4.8,Bengaluru,7,8.0,382.0,3056.15
1,12.7,19.4,3.8,5.5,0.0,0.7,7.3,Delhi,3,7.3,331.3,2418.75
4,5.2,20.9,6.1,5.2,1.2,2.5,9.3,Hyderabad,6,8.1,430.4,3486.27
2,4.7,20.3,6.0,0.6,0.0,0.2,5.9,Bengaluru,6,7.7,407.2,3135.38
2,4.6,15.9,4.4,4.1,3.3,3.5,7.0,Delhi,3,7.3,353.8,2582.8
3,10.1,19.1,3.3,3.9,6.2,3.4,8.5,Bengaluru,7,8.1,359.1,2908.4
2,5.2,20.3,8.1,9.9,2.1,3.2,3.9,Hyderabad,3,8.1,497.0,4026.04
1,4.9,19.3,3.3,0.0,5.7,1.6,9.5,Ahmedabad,8,7.8,334.1,2606.11
2,7.6,15.5,10.6,0.3,4.4,5.0,3.4,Jaipur,10,7.4,605.3,4479.36
2,7.8,23.7,2.2,3.0,4.7,4.4,6.0,Bengaluru,4,8.1,291.0,2357.3
5,9.7,17.1,1.1,2.8,4.2,3.4,7.3,Kolkata,1,7.5,227.3,1704.96
1,7.2,16.3,6.4,1.7,6.6,2.1,9.1,Lucknow,4,7.3,434.9,3174.98
6,7.6,20.1,0.3,1.9,2.6,2.5,6.0,Chennai,7,8.1,195.2,1580.98
2,6.7,19.1,5.0,4.9,4.4,3.0,6.2,Kolkata,11,7.9,399.3,3154.77
2,3.7,21.8,0.9,1.8,6.7,1.3,9.3,Hyderabad,4,8.1,219.4,1777.19
4,6.5,22.6,3.6,2.4,1.0,4.3,3.0,Lucknow,6,7.3,368.0,2686.52
2,7.2,22.2,5.0,5.5,2.6,4.9,4.0,Kolkata,9,7.5,401.7,3012.95
2,5.9,20.0,0.7,5.2,4.1,5.6,3.6,Pune,1,8.0,231.4,1850.88
5,3.1,21.7,3.3,2.5,1.3,2.5,3.8,Jaipur,5,7.6,328.7,2498.12
1,4.2,15.3,5.3,0.6,1.2,5.1,4.2,Lucknow,11,7.3,344.4,2514.33
3,6.9,23.3,0.3,5.3,7.1,5.2,8.5,Pune,7,8.0,222.6,1780.75
1,9.3,18.8,3.4,1.6,1.4,2.1,9.0,Kolkata,1,7.8,301.6,2352.77
4,11.2,24.0,2.5,6.1,2.3,1.5,6.8,Delhi,4,7.3,325.7,2377.97
1,6.5,23.4,9.0,4.3,3.4,4.6,8.0,Mumbai,6,8.9,637.0,5669.71
2,5.2,19.4,2.1,3.1,3.9,2.2,7.6,Delhi,2,7.6,274.1,2083.17
4,6.1,20.1,11.7,4.4,1.9,1.9,6.0,Jaipur,10,7.2,670.5,4827.35
1,4.4,23.6,4.1,0.0,2.6,4.2,7.9,Lucknow,5,7.4,378.6,2801.76
4,9.0,13.2,2.8,6.5,1.0,0.9,7.5,Lucknow,11,7.3,269.0,1964.0
3,12.3,19.5,1.7,3.1,1.9,2.3,7.3,Jaipur,10,7.2,252.0,1814.55
1,5.3,24.0,2.2,3.8,4.4,0.2,6.2,Pune,1,8.0,294.2,2353.59
6,4.0,22.5,6.5,2.3,4.8,1.7,6.4,Mumbai,6,8.8,507.7,4467.8
2,9.5,17.5,3.2,3.2,5.0,2.0,5.7,Kolkata,6,7.7,322.8,2485.38
4,7.8,20.9,2.3,6.7,3.0,1.9,2.5,Hyderabad,4,8.3,290.3,2409.61
6,7.8,17.1,0.8,3.0,2.6,2.4,5.9,Delhi,8,7.3,210.6,1537.28
6,11.0,19.0,2.7,2.7,0.4,0.0,6.1,Delhi,4,7.3,284.9,2079.56
5,3.6,21.0,4.6,4.9,2.3,1.5,4.2,Chennai,8,8.1,386.1,3127.34
4,3.5,21.5,1.6,4.1,3.3,5.0,5.0,Mumbai,8,8.6,252.3,2169.91
6,6.6,22.2,14.0,6.6,5.2,3.4,7.4,Hyderabad,5,8.3,839.9,6971.38
5,7.2,23.7,10.1,0.0,0.0,2.2,7.8,Delhi,4,7.7,709.1,5460.03
6,6.1,16.4,0.3,2.6,2.3,2.0,2.7,Hyderabad,12,8.1,176.2,1427.29
2,13.2,20.1,2.3,0.7,0.0,4.1,4.6,Kolkata,2,7.5,261.0,1957.46
3,6.2,17.4,1.9,6.0,0.0,3.1,7.6,Lucknow,11,7.2,268.9,1936.31
5,5.6,18.8,0.5,0.9,5.6,1.3,3.5,Hyderabad,3,8.2,201.6,1653.49
3,7.3,17.7,2.0,4.2,0.4,2.2,5.7,Delhi,3,7.6,267.6,2033.41
4,9.4,21.5,2.7,0.9,3.2,1.1,3.5,Pune,4,8.0,292.0,2335.99
2,5.2,23.2,6.7,2.5,5.1,2.0,4.2,Mumbai,4,9.0,479.6,4316.54
5,6.6,23.3,5.8,1.5,2.1,4.0,6.7,Jaipur,10,7.5,430.9,3231.61
4,9.5,16.7,5.1,3.5,0.6,3.9,7.3,Bengaluru,11,7.9,426.5,3369.59
6,9.6,19.6,7.4,7.6,3.2,4.5,8.1,Ahmedabad,11,7.4,547.7,4052.74
1,7.5,16.6,4.1,0.6,6.1,3.2,11.6,Ahmedabad,5,7.6,326.1,2478.34
4,13.0,16.5,4.0,1.2,5.0,0.7,5.6,Bengaluru,4,7.7,380.3,2928.18
3,12.0,18.0,4.7,4.7,2.5,1.1,5.7,Hyderabad,11,8.2,379.2,3109.81
2,3.5,21.0,2.0,3.2,1.9,3.7,8.6,Mumbai,10,8.8,258.7,2276.27
2,2.8,21.6,3.5,1.0,5.3,3.2,8.3,Hyderabad,8,7.9,314.4,2483.58
4,9.0,22.0,4.5,2.6,0.1,1.3,7.1,Jaipur,6,7.6,365.8,2780.46
6,10.4,21.8,5.2,0.5,4.9,2.5,5.2,Mumbai,6,8.8,440.9,3879.65
1,6.4,17.5,6.1,2.5,1.9,5.8,7.5,Bengaluru,8,8.1,419.5,3397.93
3,5.7,23.5,1.5,1.6,0.0,4.4,4.8,Hyderabad,7,8.1,228.2,1848.53
4,4.9,22.4,1.5,4.1,0.0,5.2,4.7,Chennai,10,8.5,264.5,2248.58
4,4.1,18.8,10.9,4.8,6.3,1.2,6.6,Delhi,11,7.5,683.0,5122.36
2,9.8,18.9,1.5,0.0,2.6,5.5,10.1,Pune,12,8.2,262.2,2150.44
3,6.0,18.0,2.1,3.7,1.2,2.2,5.4,Lucknow,10,7.3,250.2,1826.78
1,7.8,16.1,4.1,0.0,2.9,5.4,6.1,Pune,8,7.8,335.9,2620.24
2,2.4,22.0,0.4,3.5,1.9,3.5,2.8,Jaipur,2,7.5,184.5,1383.6
4,9.5,22.5,1.9,6.7,1.9,3.9,4.2,Hyderabad,9,8.3,289.6,2403.59
2,8.5,17.2,1.0,2.8,2.0,4.0,6.7,Kolkata,1,7.5,213.2,1598.8
2,3.6,16.3,0.8,4.0,3.0,3.1,7.0,Mumbai,8,9.0,186.4,1677.49
5,7.6,17.2,6.0,5.0,4.5,3.9,9.9,Hyderabad,12,8.1,423.0,3426.62
2,7.0,20.3,5.1,5.0,0.0,1.5,3.9,Mumbai,11,9.0,399.6,3596.0
6,5.9,15.9,1.3,5.2,5.7,2.8,6.3,Lucknow,12,7.3,243.2,1775.44
2,1.0,23.4,6.2,4.4,1.1,4.2,5.1,Chennai,12,8.1,445.2,3606.34
6,5.3,23.2,8.7,2.0,3.5,3.2,6.6,Pune,4,8.2,657.0,5387.06
3,7.8,21.3,9.9,4.8,2.9,2.5,4.9,Delhi,4,7.3,618.8,4516.89
2,5.6,22.4,8.9,6.5,1.4,3.4,2.5,Lucknow,5,7.3,563.4,4112.95
1,6.4,20.2,3.5,4.5,5.3,1.0,7.3,Lucknow,8,7.0,341.5,2390.17
6,10.7,21.4,2.8,3.9,1.4,4.6,4.5,Pune,5,7.8,330.7,2579.23
6,6.8,16.1,5.1,0.2,5.8,0.0,5.5,Lucknow,8,7.2,361.0,2599.4
4,1.8,24.0,2.2,1.4,4.3,3.0,6.1,Kolkata,10,7.5,294.0,2205.0
3,6.5,18.5,3.7,2.1,1.5,4.1,5.9,Kolkata,1,7.9,322.7,2549.11
2,7.2,19.6,2.0,1.3,0.6,3.1,2.0,Ahmedabad,12,7.4,255.9,1893.34
1,4.9,24.0,2.8,3.2,5.1,2.3,2.8,Ahmedabad,10,7.7,309.6,2384.28
4,8.8,19.3,1.0,1.6,0.7,4.6,5.4,Kolkata,9,7.5,217.5,1631.56
3,3.3,22.2,6.5,5.2,2.7,2.0,10.6,Bengaluru,6,7.9,510.8,4035.57
6,6.7,21.5,3.8,2.7,4.4,5.5,4.1,Chennai,3,8.4,362.2,3042.27
1,3.3,16.0,0.7,1.3,3.9,2.7,5.3,Mumbai,8,9.0,158.9,1430.02
2,6.3,17.0,2.2,1.7,2.6,2.6,8.7,Chennai,9,8.4,239.9,2015.38
5,8.8,24.0,7.4,3.6,1.5,4.1,7.4,Jaipur,6,7.2,549.1,3953.82
5,6.6,21.7,1.3,2.9,4.4,2.5,6.8,Lucknow,11,7.3,272.7,1990.91
3,6.4,19.9,1.3,3.6,0.0,3.1,6.2,Delhi,7,7.7,227.4,1750.84
1,7.1,18.4,2.4,3.0,3.5,3.9,2.2,Lucknow,1,7.4,275.2,2036.29
4,7.2,21.0,2.2,6.9,0.4,1.2,2.8,Chennai,5,8.4,285.5,2398.43
1,8.7,21.2,11.1,5.2,1.2,3.9,4.2,Kolkata,5,7.8,665.5,5190.68
6,8.7,20.7,1.7,1.8,3.7,0.5,5.2,Pune,10,8.0,241.3,1930.02
5,10.6,23.2,2.5,0.0,1.5,3.0,8.4,Jaipur,4,7.6,313.6,2383.63
3,7.4,17.4,0.2,2.8,5.3,2.5,6.1,Kolkata,6,7.7,186.1,1433.26
2,2.8,17.0,2.3,1.2,4.4,1.0,4.7,Chennai,7,8.1,251.5,2036.89
1,9.1,23.1,5.0,0.0,1.6,5.5,5.4,Pune,9,8.2,398.3,3266.04
5,10.4,24.0,4.7,4.8,2.5,3.3,8.7,Delhi,1,7.7,420.7,3239.24
4,13.2,22.5,6.6,3.5,0.8,2.0,6.3,Chennai,6,8.3,481.3,3994.86
3,10.6,23.9,4.4,5.7,3.9,3.2,7.3,Mumbai,7,8.6,402.9,3464.65
2,5.8,19.8,9.3,3.4,6.1,6.7,5.0,Hyderabad,3,8.2,601.1,4929.02
1,7.5,20.8,3.6,3.1,0.6,1.5,2.1,Pune,8,8.2,316.7,2597.14
4,6.3,20.8,2.5,1.0,3.4,4.0,7.3,Chennai,5,8.3,298.8,2480.44
2,6.0,19.8,1.9,2.2,3.6,1.6,6.6,Kolkata,9,7.9,242.8,1918.04
6,6.7,24.0,3.1,0.0,0.5,3.7,7.9,Mumbai,5,8.8,333.0,2930.43
5,10.2,23.3,1.5,5.6,1.0,2.0,6.2,Bengaluru,9,7.9,275.1,2173.61
6,3.0,18.8,3.9,0.9,0.0,2.8,10.8,Pune,10,8.0,334.4,2675.03
5,4.5,15.1,7.0,3.9,4.1,3.2,4.1,Mumbai,4,9.0,482.7,4344.52
4,10.0,19.8,2.0,3.0,2.3,5.0,3.8,Kolkata,9,7.8,265.4,2070.2
6,10.6,16.5,8.6,4.3,1.5,0.8,5.6,Chennai,5,8.4,590.7,4961.94
5,5.4,20.1,1.0,3.6,7.1,5.5,5.4,Lucknow,10,7.2,245.7,1769.19
3,11.1,16.8,0.4,0.9,0.0,0.1,5.6,Delhi,9,7.6,171.9,1306.4
4,9.4,23.8,2.0,2.8,5.6,3.5,5.8,Lucknow,3,7.3,297.0,2167.99
5,6.3,22.1,0.6,6.0,0.0,3.1,5.4,Hyderabad,4,8.3,216.7,1798.66
1,1.0,22.0,1.4,1.9,2.0,2.8,4.9,Mumbai,9,8.9,210.1,1870.06
5,2.8,23.2,3.3,5.8,0.0,3.1,4.0,Hyderabad,10,7.9,322.2,2545.62
6,5.4,21.2,0.6,4.8,1.4,3.8,7.1,Delhi,11,7.5,208.4,1562.69
3,8.9,21.6,4.1,3.8,1.9,3.7,8.4,Mumbai,6,8.6,381.7,3282.81
2,8.9,24.0,1.7,2.0,1.6,2.7,12.0,Ahmedabad,2,7.8,283.3,2209.53
2,5.8,19.6,4.4,4.0,3.5,4.1,6.7,Kolkata,7,7.9,353.8,2795.27
5,6.4,21.8,0.8,2.5,4.8,2.7,8.3,Mumbai,2,8.6,245.5,2110.88
2,6.9,16.8,1.7,5.7,2.8,3.1,6.4,Kolkata,11,7.9,225.6,1781.93
5,6.5,20.2,1.5,0.9,3.6,4.7,7.4,Lucknow,2,7.3,262.0,1912.3
3,7.4,24.0,3.3,4.1,6.1,4.8,5.9,Jaipur,11,7.2,344.1,2477.49
2,6.9,22.4,1.8,3.6,1.6,4.6,5.4,Pune,1,8.1,279.6,2264.53
6,2.8,19.7,4.3,4.2,4.8,1.5,5.5,Jaipur,11,7.5,389.4,2920.52
6,6.5,20.8,3.4,4.9,8.1,3.6,9.8,Chennai,11,8.5,411.9,3500.86
1,6.9,19.9,2.8,1.7,6.6,3.7,9.6,Pune,12,8.2,297.4,2438.97
5,9.5,20.7,2.3,1.7,6.3,5.7,4.3,Pune,11,7.8,273.1,2130.01
2,4.9,18.8,8.6,3.9,4.5,4.2,7.0,Bengaluru,3,8.1,511.9,4146.72
6,7.5,21.5,4.1,5.4,5.3,2.1,5.5,Pune,6,8.0,387.5,3099.96
3,8.4,21.6,3.8,3.0,2.0,2.4,9.6,Delhi,8,7.7,361.5,2783.79
3,6.6,20.0,3.7,6.4,2.8,0.0,3.6,Jaipur,9,7.4,330.4,2445.24
1,2.6,20.4,1.9,2.9,2.6,2.9,8.3,Lucknow,7,7.4,250.5,1853.47
3,9.5,21.0,0.5,2.1,1.7,2.4,6.2,Kolkata,4,7.9,210.9,1666.26
3,8.9,18.4,11.0,4.4,3.3,2.2,2.3,Chennai,6,8.4,681.2,5722.1
2,7.6,21.5,2.8,2.4,2.0,1.8,9.8,Pune,5,7.8,305.4,2381.9
5,7.1,22.3,3.6,2.4,3.1,5.3,2.5,Chennai,8,8.3,342.0,2838.85
4,2.5,24.0,8.5,4.0,0.2,0.0,4.0,Lucknow,1,7.0,575.9,4031.07
3,8.9,21.0,1.9,5.4,1.9,1.1,3.5,Chennai,1,8.5,283.5,2409.9
3,10.7,18.3,2.4,4.1,5.6,6.6,8.6,Lucknow,11,7.4,300.3,2222.08
4,4.2,19.7,8.9,3.7,3.4,4.5,4.8,Pune,6,8.2,547.0,4485.44
3,10.4,16.6,1.8,7.3,5.7,3.5,3.7,Lucknow,10,7.0,277.3,1941.16
2,9.8,22.2,1.1,4.9,1.8,3.0,7.2,Pune,12,7.8,244.9,1910.11
2,4.1,13.8,0.6,2.8,2.5,2.1,3.8,Bengaluru,2,8.0,159.4,1274.99
4,6.0,23.1,14.0,5.7,3.4,1.1,6.9,Bengaluru,5,8.0,892.6,7141.1
6,3.5,23.4,7.8,3.0,2.6,3.6,6.7,Lucknow,1,7.3,504.6,3683.38
3,6.8,12.0,0.2,4.7,0.2,4.2,6.5,Bengaluru,7,7.9,149.2,1179.03
6,8.1,23.8,4.9,4.6,4.1,2.0,2.1,Kolkata,1,7.5,432.9,3247.07
3,3.7,23.1,11.2,3.5,1.0,0.3,8.3,Kolkata,4,7.8,741.4,5782.88
5,8.0,19.1,2.8,2.1,3.0,4.0,8.9,Bengaluru,9,7.7,311.9,2401.29
3,8.6,16.4,2.1,3.4,0.0,4.2,7.9,Bengaluru,1,8.1,254.4,2060.35
2,8.6,17.5,3.1,2.6,1.7,4.2,7.5,Ahmedabad,4,7.4,306.1,2265.21
1,8.1,17.7,10.1,4.0,2.7,2.8,5.7,Ahmedabad,6,7.7,635.2,4891.09
1,3.9,23.9,1.9,4.3,4.1,0.0,9.5,Pune,6,8.0,285.9,2287.43
1,6.7,18.7,1.4,0.0,0.5,1.2,3.2,Lucknow,12,7.3,215.7,1574.7
1,7.9,22.7,1.4,4.2,1.2,4.9,2.0,Hyderabad,8,7.9,221.7,1751.74
6,10.7,19.6,0.1,9.4,6.5,1.0,8.5,Hyderabad,1,8.3,219.7,1823.41
6,7.0,20.2,2.2,2.9,6.9,4.0,2.5,Bengaluru,7,8.1,304.8,2468.98
3,8.1,15.3,6.8,5.5,4.0,1.5,8.2,Chennai,1,8.1,478.1,3872.28
6,4.7,16.6,4.1,5.0,5.6,1.3,3.2,Bengaluru,7,7.9,360.8,2849.96
3,4.1,23.9,4.5,0.2,2.2,5.7,7.3,Ahmedabad,3,7.7,375.7,2893.1
5,3.8,19.5,3.7,4.5,4.3,5.8,4.5,Pune,11,7.8,355.2,2770.77
3,5.9,20.9,2.5,1.8,4.2,3.2,6.8,Bengaluru,8,7.7,288.1,2218.29
1,12.2,24.0,2.6,3.1,1.1,2.3,8.8,Jaipur,3,7.2,320.0,2304.11
4,6.0,19.6,3.8,0.6,3.4,4.5,4.3,Chennai,1,8.1,346.9,2810.04
4,7.9,19.4,2.0,4.4,2.4,0.6,9.3,Jaipur,8,7.5,275.2,2063.85
2,8.4,23.6,1.3,2.8,3.7,4.8,6.0,Pune,3,8.1,259.5,2101.78
2,4.3,20.0,2.1,6.2,1.9,6.0,6.2,Pune,2,8.1,273.3,2213.37
3,5.9,21.0,0.9,0.8,0.1,3.9,8.4,Kolkata,1,7.8,226.5,1767.01
4,8.6,23.0,1.5,5.3,3.0,1.3,8.6,Mumbai,3,8.9,286.9,2553.14
1,8.1,20.0,6.0,4.3,4.7,5.3,5.9,Jaipur,2,7.4,453.4,3354.99
6,2.0,22.4,2.4,1.8,4.7,3.5,2.9,Kolkata,2,7.9,305.0,2409.17
1,8.5,19.7,4.9,0.4,0.0,2.8,6.1,Ahmedabad,6,7.8,411.2,3207.53
1,5.6,22.9,4.1,2.9,3.4,1.5,3.0,Delhi,12,7.6,340.0,2583.85
3,5.7,21.3,3.0,4.0,4.4,1.3,5.8,Chennai,1,8.5,305.6,2597.25
3,8.0,19.3,5.3,1.4,3.3,4.7,5.3,Delhi,2,7.3,415.7,3034.62
5,10.8,20.2,2.4,1.6,4.7,2.9,3.1,Lucknow,6,7.4,298.5,2208.63
1,6.5,12.7,3.8,5.5,0.2,2.9,4.2,Ahmedabad,3,7.7,293.8,2261.98
1,9.9,23.6,1.6,1.9,0.7,3.2,8.6,Ahmedabad,4,7.6,267.4,2032.61
3,3.4,16.2,0.2,4.7,4.2,0.1,5.4,Delhi,1,7.7,160.2,1233.72
3,7.3,16.8,1.7,5.9,2.3,3.0,5.1,Jaipur,8,7.2,254.7,1833.75
5,5.6,18.7,2.6,1.9,5.3,3.0,7.1,Mumbai,7,8.8,286.5,2520.93
5,7.7,14.6,1.3,1.0,3.6,5.2,9.3,Jaipur,7,7.6,215.8,1640.15
2,6.3,21.4,8.1,5.2,1.2,4.2,4.8,Delhi,3,7.3,540.9,3948.46
4,3.6,21.1,2.7,2.9,1.1,1.2,8.3,Lucknow,10,7.0,291.0,2036.93
1,4.8,18.5,4.6,2.6,0.0,2.4,6.0,Jaipur,10,7.5,339.5,2546.27
1,2.9,18.0,7.0,6.4,4.4,4.6,9.9,Hyderabad,3,8.1,489.9,3968.36
5,3.7,17.9,3.0,3.0,2.8,1.0,8.1,Jaipur,2,7.6,293.5,2230.23
5,8.2,21.8,1.7,4.1,4.8,5.5,5.3,Pune,12,8.0,310.2,2481.21
2,6.4,15.2,1.1,0.3,3.5,2.9,6.6,Kolkata,1,7.5,190.4,1428.12
4,7.6,18.8,0.6,3.3,3.2,3.8,4.4,Chennai,7,8.4,207.5,1743.01
2,11.5,15.4,4.9,1.7,4.6,2.3,6.3,Jaipur,7,7.2,360.3,2594.14
4,6.3,22.3,5.3,2.5,2.8,2.3,4.3,Mumbai,12,9.0,431.1,3880.21
6,8.6,19.0,7.2,2.4,2.3,1.6,4.6,Mumbai,2,8.8,483.1,4251.51
1,7.1,21.6,6.3,6.1,3.0,5.3,8.3,Jaipur,7,7.6,499.3,3794.7
2,13.9,23.7,8.7,2.2,4.7,3.9,6.5,Bengaluru,8,8.1,560.1,4537.16
5,1.0,23.8,5.3,2.4,1.1,1.6,6.7,Ahmedabad,1,7.4,418.7,3098.19
2,5.2,16.9,3.4,6.6,4.8,4.1,5.0,Jaipur,9,7.6,338.4,2571.82
6,8.6,20.9,2.0,2.8,3.1,4.4,5.4,Ahmedabad,7,7.8,291.3,2272.52
2,5.1,23.4,2.7,2.3,2.2,4.6,5.3,Hyderabad,3,8.3,302.3,2509.0
1,8.4,22.1,3.0,5.7,3.4,3.4,4.8,Delhi,8,7.6,342.5,2603.02
6,6.8,22.4,7.9,3.5,5.4,3.3,4.7,Hyderabad,7,8.3,539.2,4475.2
5,9.2,14.7,6.5,3.7,5.3,1.6,4.3,Jaipur,11,7.4,434.0,3211.25
5,4.2,22.0,1.5,4.1,3.8,5.0,3.2,Mumbai,8,8.6,245.2,2108.34
3,7.4,17.6,5.1,6.2,4.3,4.0,5.8,Bengaluru,6,8.0,392.9,3143.04
6,8.2,22.0,4.7,1.4,3.1,4.5,4.1,Lucknow,9,7.2,413.0,2973.26
3,7.3,21.9,5.8,5.8,1.8,0.2,9.3,Ahmedabad,5,7.7,447.4,3445.15
3,7.4,21.8,2.2,0.5,3.9,4.4,3.3,Kolkata,3,7.9,288.8,2281.24
1,10.0,19.7,2.9,1.9,2.1,3.0,5.2,Ahmedabad,3,7.4,302.1,2235.77
2,2.8,23.9,5.8,1.7,0.9,4.2,7.5,Pune,1,8.0,443.8,3550.56
5,7.3,21.5,2.3,3.2,2.2,1.2,2.0,Chennai,12,8.4,260.8,2190.76
5,4.0,21.0,1.3,2.0,0.0,5.7,7.5,Jaipur,8,7.4,242.6,1795.42
2,8.9,17.2,4.6,6.0,0.5,2.0,4.4,Hyderabad,2,7.9,390.1,3081.4
5,4.9,21.2,2.7,4.5,7.1,4.7,3.8,Kolkata,3,7.5,322.9,2421.74
2,1.0,24.0,6.2,3.5,5.3,2.7,7.2,Mumbai,8,9.0,444.4,3999.63
6,9.0,15.8,3.1,1.7,2.5,5.8,7.4,Mumbai,8,8.9,293.6,2613.38
1,6.3,22.2,0.1,6.3,4.0,3.4,3.8,Mumbai,11,8.8,198.7,1748.4
1,7.9,22.6,4.9,3.7,1.1,5.8,5.3,Lucknow,4,7.0,407.2,2850.7
1,10.6,24.0,5.3,3.0,4.3,2.9,8.4,Pune,4,8.2,414.8,3401.03
2,7.9,22.2,8.7,3.2,3.5,1.3,5.1,Mumbai,5,8.9,582.6,5184.82
2,7.4,20.0,2.1,3.1,1.6,3.4,4.0,Mumbai,6,9.0,262.7,2364.12
4,6.9,21.3,2.7,5.2,2.4,2.8,5.8,Jaipur,5,7.6,334.4,2541.45
5,4.1,19.2,1.6,5.8,2.2,2.1,5.8,Pune,7,8.2,242.0,1984.08
5,6.5,23.7,6.1,1.6,4.7,4.9,5.5,Bengaluru,2,8.1,487.3,3947.13
4,11.9,15.4,1.1,2.2,2.8,1.0,6.9,Bengaluru,7,8.1,226.1,1831.22
4,6.1,18.5,4.7,2.3,0.0,5.9,4.7,Pune,10,8.2,386.4,3168.75
1,6.6,21.3,1.5,4.1,2.1,2.7,7.3,Chennai,7,8.5,241.5,2053.1
4,10.1,23.5,2.9,5.5,1.4,1.0,5.3,Lucknow,1,7.4,326.5,2416.14
2,3.1,20.0,0.7,0.8,0.0,3.6,3.1,Kolkata,7,7.9,173.3,1368.79
3,8.6,17.7,6.1,1.4,1.5,3.3,9.2,Ahmedabad,5,7.7,429.8,3309.66
2,3.0,19.4,2.6,2.8,0.0,2.8,2.9,Jaipur,3,7.5,255.5,1916.05
4,8.0,18.9,5.1,4.6,1.1,2.1,7.7,Delhi,3,7.7,427.7,3293.53
5,6.9,19.0,6.0,1.6,3.4,5.0,5.7,Bengaluru,4,7.9,469.9,3712.31
2,8.5,18.7,2.1,2.7,3.9,3.8,6.0,Pune,12,7.8,276.0,2152.71
5,4.5,18.7,1.5,2.1,4.0,2.3,4.3,Kolkata,2,7.5,239.2,1793.95
2,5.7,14.9,3.1,5.0,4.9,3.6,5.0,Pune,2,8.0,297.7,2381.9
5,8.7,20.9,1.9,3.3,5.4,1.8,7.6,Ahmedabad,1,7.4,263.3,1948.4
6,5.7,22.0,13.0,2.0,1.0,4.5,3.8,Kolkata,5,7.8,796.0,6208.89
2,8.9,24.0,4.1,1.1,0.2,6.1,5.0,Bengaluru,4,8.1,370.6,3002.09
5,7.5,22.6,6.7,2.7,3.1,4.7,8.1,Mumbai,11,8.9,480.2,4273.37
3,5.9,22.4,3.7,3.0,4.1,2.0,4.8,Pune,10,8.0,365.3,2922.68
1,6.2,20.9,2.6,5.2,1.3,1.6,6.1,Delhi,2,7.6,283.4,2153.59
2,7.0,14.7,1.5,5.5,3.5,3.1,6.2,Bengaluru,3,7.7,231.0,1778.96
3,6.4,20.8,3.9,1.1,6.6,0.6,4.3,Hyderabad,7,7.9,356.7,2818.17
1,8.8,20.3,1.2,5.5,0.3,4.4,6.8,Delhi,7,7.5,225.7,1692.94
2,6.1,23.1,3.3,4.9,3.0,4.0,5.9,Chennai,12,8.5,353.1,3001.0
3,5.6,21.7,5.4,2.4,5.1,2.8,4.4,Lucknow,4,7.3,410.8,2998.85
3,9.3,19.6,3.3,5.0,2.6,2.6,7.3,Bengaluru,5,7.7,311.5,2398.93
6,5.9,24.0,6.9,1.9,3.8,2.8,6.3,Mumbai,5,8.6,528.2,4542.48
3,5.6,22.5,2.6,4.3,4.8,5.3,5.9,Bengaluru,6,8.1,318.8,2581.92
6,1.0,21.0,5.6,8.4,2.4,2.4,5.4,Ahmedabad,9,7.4,444.7,3290.74
4,4.4,21.4,6.7,4.0,0.9,1.2,3.1,Kolkata,2,7.8,487.1,3799.44
5,4.9,20.2,5.2,2.8,2.8,1.8,5.7,Pune,5,7.8,388.0,3026.2
1,5.6,20.0,5.0,0.9,0.8,4.5,2.0,Kolkata,12,7.8,358.9,2799.76
5,5.2,13.5,4.4,3.7,1.9,1.6,7.5,Kolkata,3,7.5,328.7,2465.62
5,9.5,17.3,5.1,5.5,3.9,4.8,3.7,Bengaluru,4,8.0,409.3,3274.75
6,5.1,18.4,3.8,2.1,3.4,2.7,7.1,Ahmedabad,10,7.4,352.3,2607.14
5,5.2,21.4,1.5,4.6,5.0,0.3,3.2,Pune,6,8.1,275.3,2230.2
3,7.4,15.0,5.9,3.0,3.5,4.1,3.4,Pune,12,8.0,415.6,3325.09
6,4.2,18.4,2.9,2.7,1.4,2.6,4.5,Kolkata,8,7.7,297.5,2290.92
5,10.9,18.1,3.1,4.5,1.0,3.6,9.7,Chennai,1,8.3,310.3,2575.87
6,9.0,20.4,2.7,0.0,4.3,2.1,5.1,Lucknow,10,7.0,300.3,2102.08
4,4.1,21.4,1.5,3.1,3.5,4.8,9.4,Ahmedabad,8,7.8,235.2,1834.6
6,9.5,18.1,2.5,5.5,2.6,3.7,6.9,Chennai,11,8.5,338.3,2875.75
2,10.1,18.3,7.0,3.1,3.7,6.2,5.5,Jaipur,7,7.5,451.6,3387.02
3,4.1,18.0,1.6,3.5,1.6,4.1,6.3,Jaipur,1,7.6,230.3,1750.26
1,4.1,18.8,0.2,3.2,0.0,2.7,6.7,Delhi,2,7.3,158.5,1156.9
2,5.5,19.8,0.6,7.3,5.1,1.7,6.9,Kolkata,3,7.8,228.9,1785.47
2,3.5,23.9,2.2,4.3,4.3,0.9,8.7,Pune,1,8.1,291.6,2362.11
2,5.0,17.0,0.5,0.9,2.8,2.8,6.2,Bengaluru,9,7.7,159.7,1229.4
5,6.0,24.0,1.6,1.8,1.2,2.9,7.2,Pune,8,8.1,261.5,2118.22
6,8.3,16.3,6.2,3.7,2.6,5.4,9.9,Pune,2,8.2,469.9,3852.97
6,7.2,22.9,8.3,6.0,0.0,2.4,2.9,Mumbai,9,8.8,551.4,4852.03
5,6.6,18.6,0.7,4.8,3.2,4.5,5.8,Pune,7,8.2,210.5,1725.98
3,5.8,17.3,2.7,5.5,0.0,2.8,7.6,Delhi,9,7.3,274.3,2002.44
5,3.7,24.0,3.2,1.2,3.2,5.8,3.2,Chennai,6,8.3,321.9,2671.39
5,8.5,20.2,7.0,4.8,1.6,0.7,4.1,Jaipur,6,7.4,477.7,3535.14
5,8.4,20.1,1.8,2.0,2.7,5.0,4.1,Pune,11,8.2,256.2,2101.12
3,5.5,19.2,6.9,3.3,0.7,2.3,6.8,Pune,4,8.0,468.5,3748.21
3,4.2,18.3,8.3,5.2,6.0,4.3,7.1,Mumbai,10,9.0,573.6,5162.6
4,10.9,19.5,12.0,2.4,3.7,5.4,4.2,Ahmedabad,10,7.8,686.1,5351.55
4,7.6,12.0,0.4,0.6,1.6,2.5,6.9,Bengaluru,2,8.1,149.0,1207.12
4,8.0,14.4,3.5,2.8,2.6,1.4,4.7,Ahmedabad,7,7.4,309.0,2286.55
4,8.1,21.2,4.3,3.7,6.2,1.2,8.5,Bengaluru,5,7.9,399.2,3154.04
6,4.0,23.5,6.2,4.9,1.1,1.7,7.0,Lucknow,11,7.0,509.5,3566.52
2,10.7,24.0,9.6,1.7,0.8,0.0,7.5,Pune,6,7.8,634.6,4949.64
2,6.0,17.1,3.0,2.4,0.7,2.7,9.2,Mumbai,2,9.0,290.7,2616.64
4,9.1,20.6,12.1,3.9,1.6,4.0,7.4,Hyderabad,5,8.1,732.8,5935.63
4,10.6,13.4,2.7,4.6,6.0,3.4,4.9,Kolkata,10,7.8,287.9,2245.28
1,7.2,18.9,1.9,3.9,1.9,2.4,6.2,Jaipur,4,7.5,236.0,1769.7
2,4.0,22.5,5.2,3.2,2.2,1.7,3.4,Chennai,9,8.5,406.8,3457.6
1,1.0,19.9,1.4,2.0,3.4,2.1,3.8,Jaipur,6,7.6,205.7,1563.31
1,6.9,19.0,5.0,5.3,2.9,3.4,7.2,Chennai,2,8.1,399.1,3232.62
5,7.6,20.0,5.1,5.9,4.9,4.2,9.3,Lucknow,1,7.2,419.5,3020.32
6,5.5,23.8,8.4,2.3,4.6,0.8,8.1,Ahmedabad,5,7.8,578.4,4511.71
3,7.3,19.3,2.7,2.6,3.7,3.2,6.7,Delhi,9,7.3,283.4,2069.16
2,8.1,20.2,7.9,4.9,2.5,3.4,3.0,Pune,6,8.1,542.1,4390.98
4,9.5,24.0,0.3,3.8,4.9,1.6,6.3,Hyderabad,10,7.9,221.1,1746.74
4,6.4,19.3,4.2,4.7,1.4,3.8,4.0,Chennai,12,8.1,368.8,2987.29
3,6.9,15.1,3.4,4.0,1.3,4.4,6.8,Kolkata,7,7.9,305.8,2415.93
2,6.6,24.0,9.2,4.3,2.2,2.1,3.4,Chennai,5,8.5,616.5,5240.59
4,7.1,23.0,12.0,2.7,5.3,1.7,6.3,Delhi,10,7.6,747.6,5681.97
4,5.7,13.4,13.1,0.0,1.3,6.2,5.0,Jaipur,6,7.4,700.9,5186.7
5,5.7,19.6,1.0,3.9,1.8,4.2,6.2,Mumbai,5,8.9,217.4,1934.57
1,5.9,19.9,3.2,4.9,3.3,3.3,4.9,Jaipur,11,7.4,325.5,2408.46
4,7.4,24.0,1.9,4.1,2.9,2.0,2.9,Lucknow,9,7.2,251.0,1806.89
6,4.9,20.0,1.7,2.0,2.2,1.8,8.0,Mumbai,6,9.0,273.5,2461.35
2,5.9,20.5,4.2,2.3,3.9,3.9,5.4,Jaipur,11,7.5,348.5,2614.03
6,11.5,20.6,1.7,8.4,2.1,1.8,5.1,Kolkata,8,7.5,293.4,2200.53
3,9.2,18.6,3.6,4.2,5.1,1.7,5.7,Jaipur,2,7.2,349.4,2515.87
5,4.6,23.9,2.4,0.0,3.5,2.8,4.7,Kolkata,12,7.8,289.3,2256.57
2,9.2,17.6,4.2,2.4,5.0,4.0,4.7,Kolkata,9,7.7,364.1,2803.87
5,8.6,18.5,2.5,3.1,1.4,5.6,8.9,Mumbai,5,8.9,303.0,2696.75
1,6.7,20.0,6.1,1.0,2.7,3.4,6.2,Ahmedabad,7,7.8,449.6,3506.94
4,5.2,16.0,2.6,3.2,0.0,1.8,5.1,Bengaluru,10,7.7,253.6,1953.01
2,4.9,24.0,1.6,2.5,5.7,2.6,2.7,Pune,1,7.8,264.6,2064.18
3,7.6,20.0,2.9,3.9,7.6,5.0,5.0,Chennai,10,8.3,296.4,2460.51
1,4.9,22.5,6.2,2.9,2.4,4.8,4.1,Bengaluru,5,8.1,464.4,3761.28
1,9.7,17.1,1.8,2.1,3.7,4.9,5.2,Delhi,12,7.6,245.1,1863.09
5,10.5,22.1,3.1,2.8,3.2,4.5,9.0,Ahmedabad,10,7.8,355.9,2775.73
1,6.9,22.4,2.8,5.2,0.4,5.9,8.9,Bengaluru,2,7.7,323.7,2492.38
2,9.8,22.8,1.3,3.6,5.5,3.3,5.5,Mumbai,12,9.0,272.6,2453.12
5,6.0,24.0,7.9,3.1,2.5,4.1,4.6,Delhi,6,7.6,558.7,4246.49
1,5.2,18.3,7.0,4.2,0.0,1.8,7.2,Hyderabad,11,8.2,447.8,3671.68
3,9.8,19.4,4.6,3.5,1.6,3.3,8.2,Ahmedabad,1,7.7,420.7,3239.72
6,10.9,17.5,7.9,1.3,0.2,3.4,5.5,Bengaluru,3,7.9,538.2,4252.15
2,11.9,19.7,3.0,4.9,3.2,4.2,10.0,Delhi,5,7.3,346.5,2529.69
3,7.8,22.0,3.2,2.3,3.2,2.1,4.9,Hyderabad,4,8.1,320.8,2598.69
3,9.2,21.8,4.5,2.8,5.4,0.7,5.3,Jaipur,3,7.2,383.2,2759.19
5,7.8,24.0,1.7,0.5,6.7,2.1,5.7,Delhi,10,7.3,278.9,2035.69
4,10.5,21.5,0.7,5.1,6.8,4.6,5.3,Mumbai,5,8.9,251.4,2237.13
5,8.1,20.0,6.8,3.7,0.9,2.7,3.7,Jaipur,11,7.5,489.6,3671.65
2,9.0,16.7,1.8,4.1,4.2,3.7,7.5,Mumbai,8,8.6,241.9,2080.11
2,4.2,22.6,6.6,5.1,4.6,2.1,5.4,Bengaluru,11,8.0,515.4,4122.86
5,6.4,19.5,6.8,5.1,2.0,4.6,10.3,Pune,4,8.1,473.6,3835.84
4,9.0,22.7,4.5,2.1,3.6,2.8,7.5,Bengaluru,1,8.0,405.1,3240.89
5,8.8,18.7,5.6,3.5,3.8,2.8,6.6,Jaipur,11,7.6,440.1,3344.83
2,9.2,23.6,2.2,3.3,2.0,5.0,9.9,Kolkata,7,7.7,334.6,2576.14
4,7.3,21.2,6.7,3.1,5.6,5.4,7.4,Bengaluru,8,8.1,489.9,3968.45
2,5.4,23.0,9.0,1.9,3.5,5.0,7.4,Jaipur,3,7.6,557.7,4238.25
4,6.9,21.2,8.9,6.4,2.7,2.5,4.7,Delhi,6,7.5,607.0,4552.73
4,7.1,17.2,1.3,5.5,0.6,2.1,5.5,Lucknow,2,7.4,221.2,1636.53
5,7.6,18.9,3.8,4.4,5.3,1.6,8.0,Bengaluru,7,7.7,380.9,2933.09
5,4.6,16.2,1.0,6.2,3.1,0.8,7.6,Delhi,8,7.6,223.9,1701.32
5,6.3,20.6,6.9,4.4,3.2,1.6,4.8,Mumbai,6,9.0,509.1,4581.71
4,6.8,15.6,3.3,2.9,1.3,1.7,10.7,Ahmedabad,6,7.8,298.4,2327.31
4,1.4,20.9,0.7,2.7,4.8,1.1,5.6,Pune,5,8.1,210.9,1708.12
2,9.1,12.0,2.2,4.3,0.7,0.7,8.3,Mumbai,8,8.9,263.8,2347.56
3,7.4,22.4,3.2,0.7,0.0,1.0,6.5,Mumbai,1,8.8,311.3,2739.88
5,7.7,16.7,1.7,5.2,1.6,2.9,6.9,Jaipur,10,7.2,251.7,1812.52
6,5.7,17.1,9.1,0.2,3.7,3.7,5.3,Kolkata,4,7.8,570.3,4448.51
2,8.5,24.0,2.6,5.7,3.7,3.5,6.4,Chennai,4,8.5,318.8,2709.78
2,4.9,21.0,1.7,4.5,3.3,2.2,2.9,Lucknow,3,7.2,247.0,1778.15
1,5.3,22.5,0.5,7.4,2.7,2.5,8.2,Kolkata,3,7.7,212.8,1638.67
5,8.6,17.0,7.7,3.9,3.3,3.6,7.5,Jaipur,4,7.5,528.4,3963.2
2,7.9,22.9,3.5,4.8,8.7,3.3,9.7,Pune,11,8.2,356.5,2922.98
1,3.8,19.6,6.2,4.9,3.5,3.8,6.2,Lucknow,1,7.3,473.1,3453.3
6,10.9,20.4,3.6,1.7,2.2,1.6,4.0,Lucknow,11,7.2,356.1,2563.57
6,5.1,24.0,7.8,1.4,2.8,5.6,9.0,Jaipur,11,7.6,583.0,4430.57
5,6.7,16.5,4.9,1.6,2.6,3.9,5.5,Hyderabad,2,8.3,393.2,3263.84
4,11.4,22.7,4.5,3.4,3.1,4.1,2.0,Mumbai,9,8.8,352.7,3103.79
1,1.9,21.2,3.2,3.5,1.2,1.4,7.0,Ahmedabad,10,7.4,312.5,2312.45
4,2.7,19.4,0.4,3.6,4.6,1.4,7.9,Hyderabad,2,8.3,198.3,1645.58
6,8.1,16.7,2.5,4.5,3.6,2.0,8.4,Jaipur,5,7.4,299.6,2216.85
6,1.0,19.3,1.5,2.0,1.4,4.1,4.2,Hyderabad,9,8.3,255.7,2122.45
3,1.9,17.5,3.1,5.2,5.0,1.3,7.0,Ahmedabad,9,7.8,318.1,2481.28
3,9.9,23.6,2.2,4.4,0.0,3.7,7.2,Jaipur,8,7.4,311.6,2305.61
3,6.0,20.3,6.1,6.7,7.3,5.2,7.2,Jaipur,1,7.6,441.6,3355.96
3,12.5,18.0,5.6,4.4,6.8,1.9,4.8,Lucknow,1,7.0,467.6,3273.1
2,4.4,15.7,2.6,3.4,6.5,1.6,6.7,Hyderabad,9,8.1,279.0,2259.96
3,6.2,18.6,3.5,7.8,2.0,1.9,8.2,Delhi,11,7.5,318.9,2392.02
2,8.4,23.7,1.8,3.3,3.5,2.8,2.2,Bengaluru,8,8.1,270.1,2188.1
2,8.2,20.3,4.9,4.1,1.8,4.4,6.0,Jaipur,10,7.2,369.7,2661.94
5,6.4,19.5,4.5,4.4,3.9,4.5,8.0,Hyderabad,9,7.9,409.0,3230.97
2,5.4,24.0,9.4,5.4,3.0,4.2,9.2,Chennai,7,8.4,630.0,5291.64
2,7.6,18.8,3.0,3.7,2.1,0.1,9.1,Pune,3,8.0,294.7,2357.71
3,10.4,17.6,7.5,9.0,2.1,2.7,7.9,Chennai,3,8.5,545.0,4632.29
2,8.9,21.2,1.2,2.4,3.2,1.7,9.7,Hyderabad,2,8.3,228.1,1893.61
4,5.4,21.3,4.7,6.5,8.9,3.6,8.0,Mumbai,5,8.9,424.1,3774.46
3,4.5,18.2,2.5,0.6,5.6,4.4,2.0,Mumbai,12,9.0,284.9,2563.84
1,5.3,17.6,3.7,1.5,3.2,2.3,5.1,Hyderabad,12,7.9,306.8,2424.04
3,3.8,24.0,4.1,0.4,2.6,5.9,8.9,Lucknow,3,7.2,357.7,2575.49
2,7.4,18.7,1.1,1.6,4.2,1.6,5.0,Lucknow,6,7.0,222.9,1560.02
4,9.0,15.6,6.1,0.2,1.8,3.8,8.6,Jaipur,2,7.4,437.7,3238.98
3,6.8,20.6,6.1,3.7,2.5,6.2,7.5,Ahmedabad,12,7.7,506.1,3896.96
4,11.3,22.7,2.8,1.7,0.0,4.4,9.8,Bengaluru,3,7.9,333.4,2633.98
1,11.4,19.4,3.9,6.5,3.2,3.9,5.1,Jaipur,5,7.2,375.4,2703.02
6,7.8,21.6,4.1,4.5,3.2,2.7,2.3,Chennai,12,8.5,384.9,3271.7
1,8.8,16.9,5.9,3.6,1.9,3.9,5.6,Bengaluru,11,7.9,435.7,3441.91
6,4.7,21.9,4.0,4.0,3.9,2.2,3.2,Chennai,11,8.4,380.5,3195.8
5,6.1,17.1,5.5,4.8,3.2,4.7,5.1,Lucknow,1,7.3,440.0,3212.08
6,10.2,20.9,1.6,5.9,1.9,1.9,2.0,Hyderabad,1,8.3,253.8,2106.58
5,5.6,22.3,7.7,2.5,4.6,2.6,6.0,Ahmedabad,10,7.7,517.5,3984.95
3,10.7,20.3,2.2,2.1,2.6,1.7,6.9,Chennai,9,8.1,287.9,2331.83
5,9.8,16.3,4.5,4.3,0.9,2.5,7.0,Lucknow,7,7.2,379.7,2734.18
4,8.9,16.4,3.2,6.6,0.0,2.3,8.0,Ahmedabad,1,7.6,307.0,2333.41
5,4.1,24.0,3.5,0.8,5.9,0.0,6.6,Jaipur,12,7.2,354.0,2549.05
4,6.2,17.7,3.3,4.3,3.3,3.1,4.7,Hyderabad,8,8.2,342.3,2806.54
6,8.6,22.3,2.7,6.1,3.2,2.3,8.5,Pune,3,7.8,339.2,2645.46
6,4.5,20.4,8.1,4.7,2.9,1.0,7.4,Mumbai,8,8.8,561.2,4938.89
6,6.5,17.0,1.9,4.2,5.4,2.0,5.9,Kolkata,5,7.7,271.3,2089.16
5,8.9,18.4,2.5,4.6,3.3,3.5,5.8,Ahmedabad,1,7.6,291.3,2214.15
6,5.6,24.0,6.2,7.1,6.1,0.3,4.8,Pune,7,8.0,493.6,3949.13
5,4.9,24.0,8.4,5.1,3.3,2.8,8.6,Pune,5,8.2,529.5,4341.97
5,2.5,19.0,5.1,0.4,0.0,4.7,6.1,Ahmedabad,6,7.6,372.4,2830.16
2,6.0,18.8,2.2,3.3,5.5,2.4,7.8,Pune,6,8.1,271.0,2194.88
2,8.9,15.1,3.8,3.7,3.6,5.2,2.0,Chennai,8,8.1,308.3,2497.13
5,4.8,15.1,1.7,5.6,2.0,4.6,6.3,Pune,9,8.1,240.7,1949.45
4,7.0,17.4,1.2,3.7,2.5,3.5,6.6,Lucknow,2,7.2,224.5,1616.51
3,6.4,18.7,3.5,3.5,2.4,3.0,3.7,Bengaluru,9,8.0,339.2,2714.0
1,5.3,19.9,0.7,3.6,0.5,3.0,4.5,Chennai,12,8.5,206.8,1757.91
2,9.1,22.1,7.4,4.0,4.8,3.7,7.5,Pune,11,7.8,529.3,4128.56
5,11.1,20.7,1.9,3.3,2.1,6.0,7.2,Jaipur,10,7.4,295.9,2189.69
1,9.5,22.1,2.7,2.7,1.3,3.8,6.6,Mumbai,9,8.9,319.2,2841.05
2,5.3,18.2,1.9,3.2,10.0,5.2,8.6,Hyderabad,10,8.3,270.9,2248.53
3,12.0,19.8,1.1,4.1,0.7,1.3,7.1,Pune,10,8.2,238.2,1952.91
4,9.5,18.9,0.2,4.7,2.8,2.2,8.8,Delhi,7,7.7,184.5,1420.31
5,5.9,16.2,1.4,9.0,0.0,3.0,4.2,Mumbai,1,8.6,240.5,2068.11
3,5.1,14.1,7.7,0.8,5.5,5.0,6.5,Jaipur,7,7.5,522.8,3921.12
2,9.8,18.0,6.8,4.7,2.4,0.3,6.2,Lucknow,10,7.3,451.3,3294.39
5,7.4,12.6,0.8,6.5,4.6,7.5,3.6,Pune,5,7.8,194.0,1512.99
1,4.9,16.6,10.0,2.0,1.1,3.0,9.6,Lucknow,6,7.4,630.7,4666.92
6,6.6,21.6,3.7,4.9,0.0,4.8,5.1,Pune,10,8.0,355.6,2844.56
4,6.0,20.5,1.1,2.8,1.5,3.0,6.8,Kolkata,7,7.8,218.3,1702.63
2,4.9,20.1,6.6,2.5,5.7,1.8,5.0,Bengaluru,5,7.9,466.4,3684.67
4,9.5,23.5,2.9,2.0,4.2,5.6,8.3,Lucknow,7,7.4,331.9,2456.17
5,9.0,17.8,2.1,3.3,0.0,2.7,5.5,Bengaluru,9,7.7,252.2,1942.1
6,9.1,22.0,2.2,3.2,0.0,1.9,5.5,Mumbai,3,8.8,272.1,2394.5
3,9.1,17.6,4.7,5.0,2.4,3.6,6.0,Kolkata,8,7.8,420.9,3282.73
4,4.7,20.8,5.2,0.6,5.2,3.9,6.2,Hyderabad,2,8.2,442.6,3629.66
1,5.5,20.5,1.6,5.2,1.5,3.5,4.9,Chennai,11,8.1,238.7,1933.35
2,10.6,20.6,4.2,5.2,5.2,3.6,4.5,Bengaluru,7,8.1,426.4,3453.97
1,7.3,18.8,3.9,4.1,3.3,3.6,4.9,Kolkata,2,7.8,362.3,2825.77
4,3.3,21.0,0.1,8.1,6.5,4.8,5.7,Bengaluru,4,8.0,206.7,1653.27
6,7.5,21.2,5.4,6.0,1.6,3.1,6.5,Ahmedabad,7,7.4,489.5,3622.66
3,8.6,15.7,1.6,2.5,2.9,2.0,5.2,Jaipur,3,7.4,208.0,1539.47
3,8.3,22.5,2.9,1.1,1.7,4.1,3.7,Hyderabad,2,8.3,306.3,2542.19
1,4.7,16.3,3.8,2.1,5.0,0.0,3.6,Jaipur,11,7.4,331.7,2454.61
5,11.7,17.4,5.3,2.3,4.2,3.9,4.2,Pune,10,8.2,414.6,3399.57
5,3.2,20.7,6.9,0.0,0.0,5.3,6.7,Bengaluru,7,7.9,506.6,4001.76
6,7.3,21.8,5.1,4.5,4.4,4.1,7.8,Pune,1,8.0,418.5,3347.7
3,11.3,20.7,4.3,0.9,0.0,0.6,3.8,Delhi,8,7.6,350.5,2663.93
1,8.5,21.0,3.5,4.0,1.2,5.2,6.9,Bengaluru,3,7.9,343.3,2712.37
1,9.1,16.6,2.3,5.4,4.5,2.2,6.7,Kolkata,12,7.9,279.0,2204.46
1,4.4,18.4,6.7,6.3,0.5,3.3,9.7,Hyderabad,12,7.9,470.2,3714.71
4,7.9,13.8,1.6,3.0,2.3,4.9,10.6,Pune,2,7.8,231.8,1808.0
6,6.9,17.2,5.1,2.1,4.5,2.1,8.1,Bengaluru,3,7.9,390.6,3086.04
5,4.2,16.0,6.4,6.2,3.8,3.2,7.4,Delhi,5,7.7,512.9,3949.48
5,9.2,20.0,3.4,6.5,3.7,1.0,7.1,Jaipur,11,7.6,356.5,2709.28
4,5.0,24.0,6.7,4.9,4.6,2.7,4.5,Kolkata,8,7.8,526.4,4105.68
2,5.2,22.3,3.7,2.1,5.6,1.2,3.7,Ahmedabad,10,7.4,357.4,2644.82
4,8.1,13.3,3.5,0.9,0.5,3.7,2.9,Bengaluru,7,7.7,288.1,2218.5
6,6.6,15.4,4.2,5.7,3.7,0.8,6.3,Ahmedabad,7,7.7,363.4,2798.14
1,7.4,16.1,5.8,3.4,4.9,2.9,4.5,Mumbai,12,8.6,399.4,3434.77
4,6.5,14.7,0.3,6.0,4.5,2.1,7.6,Hyderabad,7,8.3,188.7,1565.94
1,10.5,19.2,10.0,2.2,2.7,1.9,3.8,Bengaluru,8,7.9,607.0,4795.3
6,4.7,20.7,5.3,5.7,2.6,4.7,6.5,Lucknow,1,7.2,469.0,3376.79
6,5.8,16.1,5.1,6.3,4.6,1.4,4.5,Delhi,4,7.7,378.1,2911.09
3,8.2,19.3,0.6,3.0,3.4,2.2,3.2,Pune,6,8.0,201.2,1609.48
1,4.5,20.7,7.6,4.1,5.2,3.3,4.4,Lucknow,9,7.3,572.3,4177.97
5,4.4,22.1,2.3,1.2,3.2,4.0,4.7,Mumbai,2,8.6,277.7,2388.42
4,7.3,20.5,1.1,1.2,2.3,0.3,6.0,Hyderabad,1,7.9,223.3,1763.99
6,9.2,21.0,5.3,4.1,0.0,2.7,4.8,Jaipur,10,7.5,421.0,3157.6
1,9.5,19.9,1.8,2.4,2.5,4.1,4.1,Kolkata,12,7.7,261.9,2016.49
2,7.2,17.0,6.3,4.0,0.5,5.5,4.4,Ahmedabad,2,7.6,404.4,3073.07
3,5.3,17.6,0.7,3.8,0.0,3.0,2.0,Mumbai,7,8.9,173.3,1541.94
2,7.7,16.0,3.0,4.8,1.3,0.9,5.2,Pune,3,8.2,274.9,2254.54
6,8.4,24.0,3.8,4.6,4.4,3.0,6.1,Kolkata,10,7.5,404.8,3036.37
2,7.7,15.6,3.3,5.3,2.5,2.3,5.2,Jaipur,2,7.4,303.3,2244.44
2,10.1,22.9,1.7,4.0,3.4,3.5,6.4,Pune,11,8.0,267.4,2139.04
3,4.5,15.6,3.3,4.1,4.3,5.8,7.9,Delhi,7,7.7,320.1,2465.14
3,5.3,22.3,0.5,3.5,2.9,1.2,8.1,Ahmedabad,2,7.4,208.2,1540.74
3,9.7,22.9,3.8,5.6,1.6,4.6,8.0,Lucknow,3,7.2,374.6,2696.82
3,3.3,23.5,2.3,7.2,2.1,4.4,4.8,Bengaluru,11,8.1,293.6,2378.06
2,5.7,16.9,4.6,5.0,4.5,4.0,4.1,Mumbai,7,8.6,356.8,3068.34
5,5.2,20.5,5.3,4.5,2.9,3.4,4.9,Bengaluru,4,8.1,449.4,3640.35
5,3.1,18.2,0.8,3.1,0.0,6.1,7.2,Kolkata,1,7.5,220.8,1656.12
3,6.5,17.3,3.5,4.0,2.3,4.9,6.6,Bengaluru,5,7.9,308.7,2438.45
4,8.9,20.1,1.2,2.7,4.1,2.1,4.5,Lucknow,12,7.2,230.1,1656.74
1,7.4,22.4,3.3,2.3,3.4,3.1,8.2,Chennai,9,8.1,339.6,2750.42
6,9.0,18.2,2.4,3.1,1.0,1.4,3.8,Kolkata,8,7.9,267.6,2114.14
4,10.0,21.0,5.0,7.1,1.5,5.1,5.0,Ahmedabad,12,7.7,442.5,3407.38
6,6.0,17.3,3.5,3.3,0.0,3.1,6.4,Pune,9,8.1,328.0,2656.92
4,13.6,16.9,2.4,6.7,4.1,0.1,7.7,Ahmedabad,10,7.8,309.4,2413.44
4,6.1,19.0,3.4,1.6,4.2,0.0,8.3,Bengaluru,9,7.9,355.9,2811.74
5,6.5,19.2,2.0,3.8,2.7,2.2,6.6,Hyderabad,7,7.9,248.8,1965.81
1,5.2,22.0,5.6,4.9,2.3,1.7,3.5,Kolkata,4,7.9,448.9,3546.34
4,8.4,16.2,4.7,5.0,0.8,2.3,8.1,Pune,5,7.8,372.1,2902.14
3,6.3,24.0,0.3,1.3,3.7,2.7,3.9,Jaipur,1,7.2,204.6,1472.77
6,6.8,14.6,12.0,1.1,0.0,4.9,5.0,Delhi,1,7.6,710.6,5400.78
5,6.5,20.7,3.0,4.7,4.6,5.1,4.0,Ahmedabad,3,7.6,351.3,2669.94
6,6.4,19.1,2.1,2.4,4.2,6.3,5.8,Ahmedabad,8,7.6,288.9,2195.6
3,7.4,18.1,2.9,4.8,5.3,5.6,4.0,Kolkata,2,7.8,299.4,2335.08
3,5.9,19.5,6.3,6.4,3.1,3.9,6.9,Hyderabad,4,8.3,475.1,3943.19
4,6.0,22.0,2.7,2.2,2.0,0.9,6.8,Bengaluru,2,7.7,322.4,2482.81
3,9.7,22.5,3.4,2.5,3.9,4.2,7.5,Bengaluru,5,8.0,357.6,2860.79
1,6.3,19.3,1.1,0.0,4.6,0.6,6.6,Kolkata,9,7.8,200.3,1562.22
3,8.0,21.0,1.9,5.1,0.7,3.5,6.4,Ahmedabad,1,7.6,271.6,2064.23
4,4.8,16.0,4.8,7.8,2.9,0.8,4.0,Pune,5,8.2,385.7,3162.55
6,5.9,19.4,3.2,1.0,3.5,5.9,4.6,Delhi,9,7.6,330.2,2509.61
3,3.9,21.2,2.0,6.0,4.0,3.6,5.8,Kolkata,1,7.5,275.8,2068.49
5,11.6,13.2,3.9,6.2,2.3,2.7,6.0,Pune,9,8.1,360.3,2918.13
5,10.4,20.2,2.0,5.1,4.3,2.3,5.3,Pune,8,7.8,314.3,2451.89
5,8.5,19.5,5.2,2.3,1.1,2.9,7.1,Jaipur,4,7.6,433.4,3293.67
6,12.4,23.8,1.0,3.0,7.0,1.9,10.6,Lucknow,12,7.3,286.6,2092.13
2,8.9,20.5,2.6,4.6,1.8,2.5,6.8,Chennai,11,8.1,313.1,2535.81
5,6.6,21.4,2.1,4.5,3.8,0.0,4.7,Delhi,10,7.5,292.1,2190.92
5,7.9,19.2,9.3,3.0,1.9,1.6,7.6,Mumbai,5,8.8,601.9,5296.47
2,10.4,21.9,2.9,4.4,3.2,1.3,4.8,Hyderabad,5,8.2,309.6,2538.46
6,4.8,21.7,5.8,2.8,0.8,3.8,6.7,Chennai,11,8.3,440.3,3654.86
5,4.1,16.1,3.6,3.3,5.2,3.1,6.9,Jaipur,12,7.5,331.2,2483.87
4,8.0,20.9,1.7,3.1,1.4,4.3,6.5,Delhi,6,7.3,268.8,1962.31
6,5.5,23.5,5.9,5.7,3.2,2.4,4.8,Bengaluru,7,7.7,494.2,3805.47
5,1.4,23.0,5.2,0.6,2.9,3.2,6.1,Chennai,8,8.5,412.8,3508.72
5,3.9,20.1,4.2,4.8,1.6,0.0,5.0,Bengaluru,8,7.9,353.8,2795.1
2,6.2,21.0,4.1,4.2,0.0,4.4,5.0,Hyderabad,11,8.3,362.9,3012.26
4,7.1,22.7,3.3,0.0,5.1,4.9,2.7,Bengaluru,2,8.0,343.8,2750.71
6,7.2,16.6,4.5,5.2,3.3,4.0,5.8,Hyderabad,9,7.9,375.6,2966.97
3,12.0,21.4,5.7,5.5,0.0,1.7,10.3,Delhi,7,7.6,440.9,3351.17
1,6.5,14.1,1.2,2.7,0.0,3.8,2.0,Ahmedabad,4,7.8,188.8,1472.41
4,7.7,22.6,8.6,4.5,2.4,3.3,2.0,Hyderabad,4,8.1,572.8,4639.57
3,2.9,18.8,7.0,4.0,2.8,0.1,6.1,Pune,11,8.1,500.9,4057.51
4,6.9,19.7,1.2,8.0,2.6,4.9,7.5,Mumbai,8,9.0,256.6,2309.32
3,7.8,18.3,3.0,4.5,5.9,1.4,3.3,Mumbai,4,8.8,306.5,2697.06
3,3.6,19.9,5.3,3.7,0.0,3.9,6.4,Kolkata,6,7.8,382.3,2982.07
4,4.7,20.8,7.3,5.7,3.4,3.0,5.7,Mumbai,5,9.0,518.3,4664.65
2,8.2,22.3,3.2,6.7,4.3,5.0,4.8,Kolkata,3,7.9,329.6,2603.76
4,5.6,23.9,4.2,7.6,4.2,1.7,6.8,Mumbai,10,8.8,375.0,3300.17
4,6.7,20.1,1.6,2.3,4.8,2.2,4.0,Hyderabad,11,8.2,269.0,2205.68
3,8.4,15.0,3.7,4.4,3.2,4.0,8.0,Pune,2,8.1,327.6,2653.61
1,12.1,23.9,7.5,2.3,3.5,2.1,2.2,Ahmedabad,9,7.8,548.5,4278.27
3,6.4,15.6,3.5,8.1,2.3,5.1,5.8,Bengaluru,10,8.0,314.2,2513.53
5,11.4,18.7,5.0,3.6,0.0,1.9,6.2,Jaipur,9,7.4,392.0,2901.03
4,2.1,18.5,1.8,5.4,3.7,3.9,5.7,Mumbai,1,9.0,245.9,2213.14
6,7.4,20.0,1.6,3.2,2.2,3.0,5.0,Ahmedabad,10,7.8,264.5,2063.29
4,6.2,16.2,9.5,4.5,1.5,2.0,7.3,Ahmedabad,3,7.7,603.4,4646.44
2,5.7,16.1,3.9,0.0,3.7,5.0,5.2,Hyderabad,8,8.3,305.7,2537.01
6,8.6,19.9,7.1,5.6,3.9,1.4,3.0,Delhi,6,7.5,481.4,3610.71
3,6.5,17.6,8.9,6.1,1.6,3.8,4.6,Delhi,5,7.3,583.2,4257.58
2,1.9,24.0,1.3,2.3,3.5,0.0,6.2,Mumbai,5,9.0,243.5,2191.34
4,3.0,18.3,11.1,0.0,2.8,3.5,4.9,Jaipur,6,7.5,693.3,5200.01
3,8.8,16.9,3.5,6.5,3.4,4.8,5.4,Mumbai,7,8.9,328.0,2919.45
3,2.9,24.0,9.2,6.2,5.5,2.8,7.5,Mumbai,1,8.8,606.2,5334.75
5,8.9,21.4,1.3,5.1,3.9,3.3,4.8,Kolkata,9,7.8,266.0,2074.51
5,7.3,24.0,5.9,3.1,3.7,5.6,5.8,Pune,3,8.1,489.5,3964.7
1,6.6,14.2,2.8,2.9,1.2,4.6,5.6,Pune,4,7.8,270.6,2110.9
5,6.8,20.6,2.8,6.2,1.5,0.0,8.1,Jaipur,10,7.6,310.7,2361.48
6,8.3,21.5,6.3,2.9,4.0,2.2,6.1,Kolkata,1,7.8,491.5,3833.97
3,4.1,20.1,2.2,3.8,0.0,2.6,7.6,Ahmedabad,11,7.7,270.4,2081.71
5,7.1,18.9,3.3,3.5,2.3,3.5,4.6,Kolkata,10,7.5,329.9,2474.2
1,4.2,23.7,3.3,4.2,1.5,2.9,9.5,Mumbai,3,9.0,348.2,3133.64
4,7.4,21.4,2.3,3.3,2.7,2.2,7.7,Delhi,2,7.5,306.9,2301.6
6,8.6,14.9,2.2,3.5,2.6,2.1,9.3,Chennai,2,8.1,274.7,2225.17
5,7.4,17.4,0.7,7.1,3.3,0.8,6.4,Jaipur,1,7.2,215.4,1550.67
3,8.5,16.5,2.7,4.5,3.9,1.5,4.8,Ahmedabad,8,7.7,282.8,2177.32
4,5.2,19.6,3.9,4.3,4.9,4.3,5.5,Hyderabad,3,8.2,363.0,2976.77
3,6.8,22.8,2.6,5.1,5.1,1.4,6.4,Chennai,3,8.3,326.9,2712.96
4,6.4,18.9,5.5,1.3,2.5,1.8,6.4,Chennai,6,8.3,423.9,3518.59
6,6.2,19.2,12.0,5.5,1.8,0.8,5.2,Kolkata,8,7.7,704.1,5421.29
3,5.0,17.1,6.1,4.1,1.4,3.6,6.0,Bengaluru,9,7.7,423.3,3259.53
5,5.9,22.3,3.3,2.3,2.4,4.4,6.5,Chennai,9,8.1,330.1,2673.8
5,4.2,23.7,7.2,3.3,1.0,4.7,4.4,Mumbai,4,8.6,541.2,4654.7
1,2.8,19.9,7.2,4.6,3.9,2.4,5.3,Lucknow,5,7.2,450.8,3245.86
4,5.2,24.0,0.4,3.7,5.0,2.9,8.7,Delhi,2,7.7,211.3,1626.84
1,8.6,18.4,8.0,5.7,0.0,3.0,8.4,Delhi,11,7.5,514.9,3861.66
2,7.6,15.8,3.3,2.0,3.0,2.4,4.4,Lucknow,9,7.3,305.9,2233.12
5,3.9,22.4,3.9,1.2,6.1,3.5,9.8,Pune,8,7.8,370.9,2893.18
4,6.0,19.7,0.4,2.0,0.0,4.7,4.4,Mumbai,3,8.9,177.0,1575.11
6,8.7,18.3,4.2,2.7,6.0,4.5,6.8,Hyderabad,11,8.1,389.0,3150.83
1,5.9,20.2,3.6,3.8,1.3,2.7,8.7,Chennai,12,8.4,339.2,2849.12
6,3.5,15.2,1.7,2.8,1.8,2.2,4.4,Pune,9,7.8,236.1,1841.25
6,12.6,14.8,2.4,1.1,4.2,1.3,3.7,Mumbai,3,9.0,292.8,2635.04
6,6.6,20.3,1.9,0.8,4.0,0.4,7.0,Kolkata,9,7.9,281.4,2223.13
1,4.1,21.3,2.1,0.9,2.8,3.8,5.9,Delhi,2,7.5,264.8,1985.96
2,7.4,24.0,3.4,2.9,1.5,3.0,5.3,Pune,12,8.2,338.1,2772.42
1,6.8,22.7,4.8,1.9,0.5,3.0,3.3,Jaipur,10,7.2,387.2,2788.03
3,3.1,21.9,6.8,2.7,2.8,6.7,8.6,Chennai,9,8.3,485.9,4033.31
5,7.2,23.8,4.0,6.2,2.6,5.4,6.5,Chennai,8,8.1,414.0,3353.57
1,9.5,21.5,3.0,1.2,1.4,3.1,7.4,Hyderabad,9,8.2,303.5,2488.35
1,6.4,19.0,7.4,4.1,2.5,3.3,8.3,Bengaluru,5,7.9,483.7,3821.38
2,1.8,22.7,2.6,1.1,3.5,1.3,2.5,Jaipur,11,7.6,286.2,2175.1
3,7.9,22.6,2.6,0.8,5.1,4.0,6.4,Chennai,11,8.1,289.5,2345.05
1,8.5,20.0,2.7,4.2,3.4,3.3,3.0,Ahmedabad,2,7.6,285.4,2169.36
5,5.5,16.4,1.2,4.8,2.6,1.7,7.5,Jaipur,8,7.4,229.0,1694.85
5,5.6,14.6,4.2,5.1,1.4,3.4,8.7,Chennai,12,8.5,353.7,3006.14
1,12.6,22.5,4.7,5.7,1.5,4.6,5.8,Lucknow,6,7.0,410.8,2875.83
6,5.4,21.4,2.4,3.1,3.4,6.1,5.9,Jaipur,8,7.5,292.2,2191.74
6,4.2,21.9,1.9,4.0,3.5,0.7,7.1,Mumbai,11,9.0,263.2,2368.38
3,7.1,22.6,3.8,2.7,2.6,1.3,7.0,Jaipur,5,7.4,350.3,2592.13
5,8.4,17.3,2.8,6.1,4.8,2.9,5.6,Hyderabad,10,7.9,293.5,2318.68
6,8.3,14.4,6.1,1.7,3.1,3.3,7.4,Kolkata,2,7.7,439.5,3383.83
5,1.0,21.5,2.9,4.5,2.0,5.5,5.5,Kolkata,6,7.9,331.7,2620.68
3,5.3,23.6,2.3,1.4,1.7,4.8,6.6,Kolkata,5,7.8,303.6,2368.33
3,9.9,21.1,8.6,3.7,1.6,0.0,3.5,Mumbai,12,8.9,577.3,5138.41
6,7.8,15.5,2.8,0.3,4.0,2.4,8.3,Pune,12,7.8,293.6,2290.43
1,3.9,20.7,4.3,4.0,1.8,0.7,4.3,Kolkata,5,7.8,349.6,2726.53
4,10.1,16.6,6.9,7.4,3.2,1.0,6.6,Delhi,1,7.5,493.0,3697.24
2,9.4,15.4,4.4,2.4,1.3,3.9,3.7,Mumbai,2,8.9,333.6,2969.43
4,6.3,20.0,3.3,3.0,2.7,3.2,5.1,Pune,8,8.1,318.0,2576.1
4,9.2,20.5,7.6,5.2,2.9,5.5,5.0,Delhi,3,7.6,504.7,3835.7
5,12.0,19.7,2.3,3.6,7.7,0.9,7.0,Delhi,10,7.5,321.0,2407.32
3,4.4,21.3,4.2,5.9,0.4,3.0,9.0,Delhi,3,7.6,370.4,2815.19
5,8.4,17.6,2.3,4.3,4.6,2.2,4.5,Ahmedabad,8,7.6,305.2,2319.59
6,12.0,20.3,6.9,5.3,1.5,5.4,4.2,Hyderabad,8,7.9,503.0,3974.02
2,8.6,18.5,3.5,0.0,5.7,1.7,8.1,Hyderabad,2,8.1,325.5,2636.57
6,5.1,19.2,0.1,3.7,1.6,3.3,4.6,Mumbai,8,8.8,189.3,1665.67
1,7.6,20.8,2.1,1.3,5.1,0.9,10.6,Delhi,11,7.3,275.5,2010.79
2,10.4,23.2,6.5,2.7,3.4,5.2,3.9,Lucknow,1,7.3,488.3,3564.77
5,4.5,20.9,0.8,4.4,0.3,5.8,7.5,Jaipur,6,7.5,238.8,1790.68
5,6.9,21.9,2.2,3.0,3.4,2.0,2.9,Pune,8,7.8,273.5,2133.17
6,6.4,20.0,0.5,1.9,4.0,1.8,4.0,Hyderabad,3,8.2,209.4,1717.2
5,5.4,21.5,0.6,6.0,4.2,3.4,4.0,Kolkata,8,7.8,219.6,1712.82
5,7.6,23.1,1.3,5.5,2.5,1.8,4.8,Mumbai,12,8.6,260.1,2236.61
4,6.7,24.0,3.9,0.8,8.2,4.7,7.7,Pune,1,8.1,390.5,3163.4
1,8.6,23.6,1.2,5.0,6.9,3.7,5.9,Mumbai,11,9.0,256.5,2308.07
4,9.9,19.8,10.4,3.8,3.7,4.9,8.3,Lucknow,11,7.0,660.7,4624.87
5,3.8,23.4,4.4,4.0,0.4,1.4,7.6,Ahmedabad,9,7.7,360.9,2779.13
3,7.2,21.6,3.3,6.6,1.0,0.9,4.0,Ahmedabad,11,7.7,341.7,2630.97
4,6.9,18.2,1.0,3.8,2.5,3.5,5.8,Delhi,9,7.6,203.2,1544.27
5,7.5,21.7,0.9,4.9,2.8,5.5,8.4,Ahmedabad,5,7.8,263.2,2053.0
5,7.0,16.6,2.6,3.9,1.3,1.6,4.3,Mumbai,10,8.9,278.7,2480.2
1,4.5,21.7,12.7,3.9,1.9,3.7,7.1,Kolkata,4,7.5,775.3,5814.63
6,10.6,24.0,1.2,1.6,0.0,2.0,4.5,Delhi,11,7.7,227.0,1747.53
2,11.7,22.5,1.2,8.4,0.0,4.6,4.1,Chennai,6,8.3,255.2,2118.51
4,8.4,23.6,6.1,0.0,3.0,1.7,5.4,Pune,12,8.0,458.7,3669.97
4,8.5,18.9,5.9,2.0,6.2,3.4,3.8,Lucknow,7,7.0,431.0,3017.33
4,7.3,21.4,5.0,2.5,0.0,4.7,8.5,Delhi,5,7.3,427.8,3123.01
5,9.4,22.1,2.0,5.3,2.6,1.0,2.0,Mumbai,11,8.9,275.3,2449.8
1,1.0,19.1,4.5,0.7,3.0,3.9,7.0,Pune,10,8.1,336.7,2727.18
5,7.0,22.1,0.9,3.1,3.7,2.5,7.0,Kolkata,9,7.9,231.8,1830.83
5,5.6,21.4,3.3,5.1,2.0,4.3,5.1,Bengaluru,3,8.1,354.5,2871.56
6,7.4,22.1,0.5,1.1,0.8,3.6,2.0,Lucknow,7,7.4,207.5,1535.47
3,9.7,16.9,3.2,3.2,4.3,2.4,6.9,Mumbai,10,9.0,319.5,2875.64
1,7.0,23.8,6.2,3.2,0.0,2.9,5.1,Lucknow,10,7.2,469.6,3381.2
4,6.1,21.4,9.6,2.3,3.8,0.2,4.8,Hyderabad,11,8.1,603.5,4888.1
2,3.5,19.6,2.8,3.6,1.4,4.3,8.4,Bengaluru,5,7.7,304.8,2347.28
4,6.7,19.7,3.9,2.6,3.5,5.8,8.9,Pune,7,7.8,370.8,2891.86
5,8.7,19.9,1.8,5.4,5.3,2.2,5.0,Ahmedabad,2,7.7,287.1,2210.77
1,4.9,17.5,6.1,4.6,1.6,2.9,4.5,Mumbai,4,8.9,413.6,3680.67
1,2.0,23.6,5.7,3.1,2.3,5.4,2.0,Lucknow,2,7.3,428.7,3129.37
1,12.7,22.9,4.5,3.6,2.2,0.3,2.8,Pune,12,8.0,399.6,3196.53
3,7.8,23.1,1.9,2.7,7.6,3.8,4.4,Ahmedabad,7,7.8,305.9,2385.92
4,6.4,24.0,1.3,6.2,2.7,5.5,8.2,Kolkata,2,7.7,286.5,2206.21
3,10.5,20.6,1.5,4.4,2.7,2.1,6.9,Kolkata,11,7.5,269.2,2018.97
6,7.4,15.0,3.2,3.2,2.8,2.2,8.1,Lucknow,1,7.2,291.2,2096.63
2,10.3,21.9,0.8,4.4,5.7,5.0,7.4,Delhi,9,7.6,238.3,1810.78
6,10.1,21.8,2.0,7.3,1.7,1.4,6.0,Hyderabad,1,7.9,308.0,2432.95
5,3.8,24.0,4.4,2.1,4.6,4.3,6.2,Delhi,8,7.5,376.4,2823.25
3,8.1,23.2,3.6,5.3,1.5,3.6,7.1,Hyderabad,2,8.3,370.4,3074.09
3,11.3,20.4,1.1,4.3,1.3,4.7,5.6,Mumbai,12,8.9,237.4,2112.61
6,4.5,19.6,5.8,3.1,3.7,2.8,6.6,Chennai,8,8.1,438.5,3551.85
5,4.5,23.0,2.6,2.0,5.4,5.3,6.7,Lucknow,3,7.2,320.2,2305.38
1,5.0,12.0,9.2,5.2,2.2,2.4,6.5,Jaipur,6,7.2,556.6,4007.55
5,9.2,20.7,1.8,4.1,2.2,0.8,4.9,Lucknow,3,7.0,277.6,1943.36
4,7.7,22.8,1.9,6.4,4.3,0.7,8.7,Bengaluru,7,7.9,278.9,2203.21
6,2.2,19.6,5.7,5.8,3.0,1.4,8.6,Ahmedabad,10,7.7,459.2,3535.76
5,7.9,18.9,0.9,4.1,4.4,4.0,3.5,Bengaluru,9,7.9,231.0,1824.88
1,6.4,20.9,4.5,2.1,0.0,1.9,2.0,Kolkata,2,7.9,349.3,2759.57
5,6.7,24.0,0.5,7.6,0.9,3.0,5.1,Hyderabad,12,8.3,242.4,2012.33
3,4.9,21.4,1.7,2.3,2.9,3.1,4.4,Ahmedabad,12,7.7,228.3,1757.69
2,7.9,18.0,2.8,5.2,3.9,1.8,2.7,Kolkata,5,7.5,294.7,2209.99
3,9.6,23.7,5.8,0.0,2.7,3.2,5.2,Ahmedabad,6,7.7,439.6,3385.28
2,5.4,24.0,0.3,6.6,3.2,4.4,8.9,Delhi,4,7.6,208.3,1582.91
5,2.8,17.6,6.5,0.0,4.2,3.1,6.9,Kolkata,4,7.5,420.4,3152.81
4,6.2,24.0,2.7,2.9,0.5,4.4,7.6,Delhi,4,7.5,324.5,2433.44
5,8.9,20.0,7.3,1.4,4.2,2.4,8.6,Delhi,2,7.3,532.2,3884.77
1,5.9,22.8,2.3,6.3,5.1,3.4,7.5,Ahmedabad,4,7.7,318.0,2448.92
5,3.3,22.2,1.7,2.0,2.3,3.1,5.7,Pune,11,8.2,265.1,2173.47
2,8.9,17.9,0.7,4.6,1.3,4.6,8.3,Bengaluru,1,7.9,206.3,1629.4
3,10.5,18.6,3.2,4.0,4.8,3.6,4.4,Kolkata,12,7.7,369.7,2846.71
4,7.1,20.2,12.1,0.6,6.4,2.0,3.0,Jaipur,6,7.2,753.2,5423.3
5,3.0,14.4,2.4,5.6,3.3,3.7,8.8,Pune,1,7.8,259.3,2022.54
5,6.2,22.5,3.3,3.5,1.2,1.6,9.1,Bengaluru,10,8.0,340.1,2720.42
3,7.4,14.3,0.8,6.5,3.0,3.6,5.2,Kolkata,6,7.7,198.0,1524.7
4,5.0,20.0,4.7,4.7,1.3,3.0,4.9,Hyderabad,1,8.1,383.2,3103.52
6,8.5,18.0,3.0,2.0,4.4,3.2,7.1,Bengaluru,6,7.7,349.9,2694.26
5,4.7,21.7,2.0,3.1,2.9,2.9,3.8,Jaipur,10,7.2,267.3,1924.32
5,7.1,13.4,1.4,3.0,1.1,2.1,5.5,Lucknow,8,7.4,207.0,1531.44
6,6.4,15.0,1.7,5.1,3.4,1.9,6.5,Mumbai,11,8.9,254.3,2263.34
2,8.5,18.2,4.5,5.0,1.7,4.6,4.6,Delhi,2,7.7,374.3,2882.44
2,7.0,21.6,5.4,2.2,0.4,5.8,8.2,Mumbai,2,8.9,417.5,3715.79
1,6.5,20.7,0.5,5.4,4.5,3.4,6.5,Pune,12,8.2,223.2,1829.9
3,5.0,23.2,1.3,4.3,3.6,3.0,5.7,Lucknow,4,7.2,267.4,1925.11
4,7.1,20.3,3.1,4.8,2.1,1.2,8.0,Delhi,11,7.3,302.5,2208.3
5,6.3,19.9,1.0,4.5,5.5,0.4,6.3,Kolkata,3,7.8,252.5,1969.84
5,4.8,16.8,1.7,5.2,1.5,0.6,4.6,Pune,4,8.0,232.6,1860.64
1,7.4,19.3,1.5,1.6,2.1,3.8,8.5,Jaipur,12,7.5,244.3,1832.35
5,7.9,19.9,3.9,3.9,3.8,0.3,5.9,Ahmedabad,7,7.6,390.7,2968.96
3,6.2,13.8,6.9,5.5,4.8,4.0,2.0,Kolkata,11,7.8,480.7,3749.25
1,9.3,17.3,2.5,5.7,3.8,1.4,6.6,Bengaluru,1,7.7,310.1,2387.5
3,7.7,21.4,4.3,5.7,1.9,3.2,2.2,Ahmedabad,6,7.6,389.4,2959.73
1,3.8,20.5,4.4,1.7,2.5,2.4,10.2,Pune,3,7.8,374.5,2921.21
5,10.3,19.2,1.5,7.7,1.7,1.4,6.7,Bengaluru,11,7.7,276.2,2127.02
1,8.9,18.2,4.1,7.0,2.3,0.9,6.7,Jaipur,10,7.4,338.0,2501.24
2,9.5,14.8,9.6,1.8,2.5,0.4,7.5,Mumbai,7,8.9,574.6,5114.04
4,8.0,13.5,1.3,2.9,3.8,1.4,2.4,Bengaluru,10,8.0,191.7,1533.28
5,1.2,19.1,3.9,4.9,1.6,6.3,6.8,Mumbai,2,8.8,352.6,3102.98
6,9.7,24.0,3.2,2.1,4.9,5.0,4.0,Delhi,2,7.5,364.9,2736.95
4,7.2,20.1,1.6,4.7,3.0,3.3,5.2,Hyderabad,4,8.3,256.2,2126.53
5,7.9,23.1,5.6,3.9,1.3,2.5,6.9,Chennai,1,8.1,446.8,3619.3
4,8.4,16.5,1.8,6.1,3.8,2.1,4.9,Kolkata,3,7.7,240.0,1848.04
2,11.8,20.8,1.1,4.4,2.8,3.2,2.2,Chennai,9,8.3,226.6,1880.89
4,5.6,17.9,1.9,0.0,2.1,2.1,7.0,Delhi,7,7.5,260.5,1953.77
1,5.7,17.8,4.2,5.2,5.8,2.1,7.4,Bengaluru,7,7.7,350.0,2695.32
4,4.9,22.2,1.9,6.0,2.4,3.7,3.8,Delhi,11,7.3,270.9,1977.36
5,4.3,19.6,0.4,3.4,2.1,1.5,4.4,Chennai,4,8.1,188.0,1522.66
6,4.4,15.8,9.4,3.8,4.9,0.0,5.6,Chennai,2,8.1,594.1,4812.02
6,2.4,20.3,8.1,3.8,4.0,2.1,9.8,Kolkata,4,7.9,548.1,4330.35
3,8.1,17.9,4.7,2.3,4.5,5.2,9.5,Ahmedabad,6,7.8,366.3,2856.87
4,12.0,15.7,2.1,8.4,1.9,0.6,8.2,Lucknow,11,7.2,284.5,2048.19
6,12.1,17.0,2.2,1.9,3.4,1.1,10.2,Delhi,11,7.3,312.6,2281.92
4,4.9,24.0,1.3,5.4,0.2,2.0,8.2,Hyderabad,3,8.1,274.1,2220.02
6,6.3,23.6,3.2,5.3,0.0,0.6,6.5,Lucknow,1,7.0,329.9,2309.43
4,10.1,14.0,11.8,2.6,1.8,5.3,3.8,Delhi,12,7.5,699.9,5249.0
5,8.1,19.4,2.7,1.6,3.1,3.1,2.5,Jaipur,8,7.5,329.5,2471.08
4,7.3,19.7,4.9,3.3,7.8,0.3,5.0,Pune,12,7.8,407.0,3174.29
5,6.4,19.2,2.2,4.9,5.5,2.8,6.4,Pune,5,8.0,292.6,2340.68
5,9.9,18.0,4.6,4.1,0.8,2.9,10.6,Chennai,5,8.3,368.9,3061.62
3,4.3,22.2,1.8,7.1,4.8,2.6,5.5,Pune,11,7.8,289.7,2259.3
6,8.2,22.8,4.1,2.3,0.3,2.8,6.3,Mumbai,4,8.6,384.4,3305.85
1,7.9,23.1,9.7,2.4,6.1,2.8,6.7,Hyderabad,6,8.3,600.0,4980.08
5,7.1,21.0,3.7,5.3,2.0,3.5,6.4,Pune,3,8.0,375.1,3000.83
6,9.0,21.8,7.0,0.2,1.9,3.6,9.6,Bengaluru,9,8.0,533.2,4265.98
2,7.1,19.0,9.6,2.4,5.0,0.8,8.7,Mumbai,5,9.0,585.6,5269.99
4,5.7,15.3,2.3,3.2,1.9,3.1,6.0,Lucknow,3,7.0,239.7,1678.17
2,7.2,15.2,8.3,3.5,6.5,3.3,4.8,Mumbai,11,8.9,535.9,4769.76
4,3.0,17.4,3.9,2.5,1.9,2.1,4.9,Delhi,1,7.5,339.1,2543.36
3,8.5,19.4,3.7,0.0,4.8,5.6,6.1,Chennai,10,8.5,350.1,2976.2
5,9.2,16.2,1.8,6.3,3.2,2.9,4.6,Kolkata,12,7.9,273.1,2157.82
1,5.4,16.6,8.3,6.2,4.4,3.8,7.8,Kolkata,6,7.7,498.8,3840.75
5,4.8,18.9,4.2,0.2,1.0,2.3,4.6,Jaipur,2,7.5,328.2,2461.58
4,5.5,22.6,1.7,4.8,0.0,2.5,9.1,Hyderabad,3,7.9,270.2,2134.88
1,6.8,21.0,4.5,3.2,1.1,3.5,7.4,Delhi,1,7.7,347.0,2672.13
5,7.5,17.4,1.1,4.6,2.2,0.9,3.4,Kolkata,9,7.7,208.1,1602.57
1,11.0,20.1,1.0,4.1,2.6,4.1,8.9,Chennai,8,8.1,228.0,1846.81
4,10.7,16.0,2.9,0.6,2.0,1.2,3.4,Lucknow,12,7.0,298.1,2086.69
3,9.1,17.4,2.2,5.1,0.0,4.3,9.2,Kolkata,2,7.8,291.2,2271.43
3,7.3,15.0,2.3,2.4,1.7,2.6,7.5,Bengaluru,12,7.9,263.7,2083.12
5,4.7,21.3,6.9,0.0,3.1,6.1,10.5,Mumbai,11,8.6,544.1,4679.59
2,11.2,19.2,3.4,3.9,2.5,4.5,2.0,Kolkata,8,7.5,348.0,2610.07
4,6.4,19.5,2.2,0.4,2.3,4.5,6.3,Delhi,12,7.7,278.1,2141.6
5,7.7,22.4,1.1,5.8,2.1,3.2,5.9,Pune,9,7.8,262.8,2049.88
5,8.6,17.0,3.9,2.9,3.1,4.5,4.8,Pune,1,8.0,342.8,2742.76
3,7.2,21.4,6.2,3.7,0.9,4.1,8.0,Lucknow,5,7.4,434.8,3217.21
1,9.9,24.0,4.8,4.5,2.5,0.1,5.4,Pune,8,8.1,391.7,3172.9
4,8.1,17.1,2.5,3.7,2.2,1.7,8.9,Lucknow,11,7.4,293.1,2168.85
1,9.5,15.3,0.6,2.3,0.5,1.6,4.1,Delhi,2,7.6,163.3,1241.04
6,8.1,16.2,9.6,5.8,2.6,1.8,2.2,Hyderabad,4,8.1,619.2,5015.91
6,6.9,21.2,1.1,3.3,0.0,2.6,4.5,Pune,7,8.1,212.9,1724.11
4,7.2,24.0,2.5,1.3,1.6,3.8,7.1,Jaipur,3,7.5,312.7,2345.23
2,6.8,24.0,4.9,4.2,3.7,4.8,8.0,Chennai,12,8.4,405.3,3404.57
6,3.8,22.5,5.7,3.3,3.8,3.9,4.1,Mumbai,5,8.9,435.5,3875.71
3,4.5,22.6,1.5,3.5,3.0,4.9,7.0,Pune,8,8.1,278.3,2254.06
2,8.9,21.4,10.6,3.8,3.4,1.4,6.7,Lucknow,12,7.4,724.5,5361.27
5,3.9,22.2,2.4,3.6,4.2,2.2,6.4,Delhi,10,7.3,285.8,2086.13
6,6.0,20.9,3.5,6.4,3.2,2.6,9.5,Pune,3,8.2,358.5,2939.65
3,4.4,17.6,4.9,1.9,5.4,2.0,5.4,Kolkata,4,7.9,376.8,2976.65
5,5.9,24.0,4.3,0.0,0.0,1.3,4.1,Pune,9,8.0,381.3,3050.12
2,6.6,24.0,4.4,3.5,4.6,3.6,6.2,Lucknow,7,7.0,384.3,2689.91
4,6.0,17.7,2.0,5.2,0.0,1.9,5.7,Bengaluru,1,7.7,245.8,1892.63
5,3.4,21.9,0.1,0.4,1.7,4.2,7.8,Bengaluru,12,7.9,186.5,1473.55
1,6.5,24.0,5.2,4.2,4.5,1.2,6.0,Pune,4,7.8,422.1,3292.27
4,4.6,21.3,1.2,0.7,4.2,4.3,6.5,Mumbai,4,8.9,244.6,2176.73
4,5.4,19.4,3.1,5.2,1.1,3.3,5.4,Delhi,9,7.3,306.5,2237.15
2,8.9,24.0,6.1,3.5,2.9,3.3,2.0,Jaipur,6,7.4,459.1,3396.98
2,9.4,20.8,3.4,1.7,1.8,3.4,6.4,Jaipur,9,7.6,341.7,2596.59
3,3.7,18.1,2.2,0.3,4.7,2.9,8.4,Pune,12,7.8,257.0,2004.76
3,10.9,16.5,3.5,7.9,2.8,2.9,7.2,Pune,6,8.1,316.7,2565.27
1,5.7,12.0,13.2,8.1,1.7,2.6,3.0,Bengaluru,6,7.9,783.2,6187.57
4,5.5,24.0,4.0,1.3,3.8,3.4,5.3,Lucknow,5,7.0,371.6,2601.28
1,4.8,17.5,1.2,1.3,4.2,3.8,5.5,Mumbai,5,9.0,205.2,1847.03
1,7.1,22.9,1.3,3.7,2.6,2.3,7.1,Pune,2,8.1,268.0,2170.68
2,12.0,17.2,5.8,2.7,4.3,5.1,6.3,Jaipur,8,7.4,480.7,3557.14
1,3.2,20.5,0.8,2.8,6.1,2.5,2.0,Delhi,8,7.5,203.2,1524.36
1,1.9,21.3,1.8,4.1,0.0,1.9,3.9,Hyderabad,11,8.2,220.7,1809.5
5,7.7,16.3,4.1,7.3,5.4,2.8,5.3,Kolkata,1,7.7,395.4,3044.41
3,8.4,22.9,2.9,6.2,5.9,1.9,4.7,Pune,8,8.0,308.2,2465.7
3,7.1,19.4,4.0,2.9,3.9,3.7,5.6,Lucknow,5,7.4,356.4,2637.23
4,8.5,21.7,6.8,4.9,2.4,2.8,5.0,Pune,2,7.8,486.8,3797.16
3,4.2,24.0,0.4,0.0,0.0,4.1,5.5,Lucknow,2,7.3,185.1,1351.23
6,4.6,22.2,5.7,3.8,3.1,2.9,7.6,Mumbai,6,8.6,460.4,3959.15
4,7.3,19.7,8.5,3.0,2.2,2.9,8.3,Hyderabad,11,8.3,581.3,4824.81
5,11.4,24.0,2.4,5.4,0.2,2.4,5.7,Chennai,9,8.1,328.5,2661.25
3,8.4,19.9,2.2,4.7,1.7,4.2,7.2,Delhi,1,7.7,285.3,2196.83
5,8.5,20.3,3.8,4.1,2.9,2.6,6.8,Delhi,12,7.3,358.4,2616.22
3,4.3,19.5,3.9,4.4,3.5,3.4,8.7,Lucknow,6,7.3,367.3,2681.03
3,8.1,16.3,4.8,2.6,1.0,4.6,7.3,Bengaluru,9,7.9,390.8,3087.55
5,4.0,16.0,2.6,5.4,0.0,2.9,10.1,Lucknow,8,7.3,285.5,2083.86
1,11.4,18.3,3.2,4.4,2.5,2.9,7.4,Bengaluru,11,7.9,308.4,2436.03
1,4.5,17.0,1.1,3.2,1.2,2.7,2.8,Ahmedabad,6,7.7,173.7,1337.47
1,5.0,19.2,3.1,3.7,2.1,3.3,8.7,Jaipur,3,7.4,316.3,2340.69
6,3.3,22.5,2.8,5.2,0.0,4.2,7.8,Delhi,8,7.3,334.7,2443.5
1,7.2,18.8,8.4,5.4,2.4,4.2,7.8,Mumbai,9,8.6,547.4,4707.79
3,7.1,20.7,5.2,2.8,3.7,3.7,3.4,Lucknow,1,7.2,418.5,3013.45
2,10.8,18.5,3.6,1.7,2.1,4.8,8.2,Mumbai,12,8.6,358.5,3082.7
5,8.9,24.0,4.1,2.6,3.2,3.1,8.0,Hyderabad,9,8.3,431.7,3583.2
2,5.0,24.0,4.0,2.7,2.4,5.1,3.2,Mumbai,6,8.9,354.4,3154.21
6,9.2,19.3,3.8,3.7,0.0,4.6,7.4,Pune,6,8.1,358.9,2907.08
2,3.9,20.8,4.8,5.9,3.2,2.0,6.6,Jaipur,12,7.5,398.8,2991.15
4,5.2,16.0,2.3,2.6,1.4,4.2,6.0,Pune,4,8.0,243.9,1951.22
1,7.3,19.4,1.9,4.3,0.4,0.2,5.8,Kolkata,1,7.7,220.2,1695.86
6,4.2,18.2,0.6,3.1,4.4,4.8,2.2,Lucknow,10,7.3,188.8,1377.95
3,9.7,22.2,2.4,3.5,3.5,2.9,5.9,Delhi,8,7.5,298.1,2235.84
1,12.7,17.2,2.9,4.1,1.8,1.8,7.6,Lucknow,2,7.4,289.8,2144.76
1,6.3,24.0,3.9,5.9,2.7,0.4,4.4,Jaipur,12,7.6,344.2,2615.62
2,5.4,19.8,0.9,4.0,3.3,2.8,5.9,Chennai,1,8.4,213.0,1789.43
4,6.7,17.4,3.1,0.0,0.0,4.8,5.0,Chennai,2,8.1,292.7,2370.83
1,5.6,20.1,4.7,3.1,0.7,3.4,5.1,Kolkata,1,7.5,358.5,2688.44
5,7.7,22.2,1.3,6.6,0.8,2.4,2.3,Jaipur,1,7.2,235.0,1692.14
5,3.7,21.6,7.0,5.8,4.0,2.7,7.3,Ahmedabad,9,7.7,519.4,3999.73
1,7.8,20.5,2.0,5.1,6.1,5.0,6.0,Ahmedabad,1,7.6,291.6,2215.9
2,11.8,22.6,14.0,5.9,4.2,4.0,4.4,Ahmedabad,4,7.7,812.3,6254.95
2,2.0,22.4,8.0,5.1,3.2,2.9,8.4,Delhi,10,7.6,534.3,4060.78
3,4.1,22.5,2.5,5.8,0.9,4.4,7.7,Delhi,6,7.6,314.3,2388.58
6,5.9,19.2,5.8,1.3,4.5,4.2,5.9,Ahmedabad,7,7.4,465.1,3441.71
6,8.4,19.2,6.0,3.4,2.3,1.7,8.5,Chennai,2,8.1,451.1,3654.14
6,9.2,19.4,3.1,3.8,1.0,2.5,9.2,Jaipur,6,7.2,330.9,2382.67
4,9.0,18.5,3.8,3.6,4.4,5.1,4.1,Mumbai,7,8.9,377.4,3359.18
2,2.8,20.3,2.0,2.3,5.7,4.0,3.8,Jaipur,10,7.4,267.6,1979.96
3,5.3,20.0,1.2,3.8,4.5,5.7,2.0,Ahmedabad,10,7.6,219.2,1666.2
5,4.7,24.0,7.2,0.1,7.8,3.9,4.6,Jaipur,2,7.4,481.7,3564.68
6,6.8,18.5,2.7,4.4,1.5,1.9,5.2,Hyderabad,2,8.1,294.9,2388.66
5,7.0,17.0,3.9,2.2,2.1,3.0,2.7,Delhi,10,7.5,321.1,2408.13
5,3.6,21.9,6.8,0.0,1.2,4.2,4.3,Delhi,7,7.5,489.8,3673.41
1,5.9,20.2,6.2,3.5,1.2,3.0,7.5,Chennai,12,8.4,458.8,3853.88
4,8.5,17.9,2.2,6.6,5.8,3.1,6.5,Mumbai,1,9.0,295.3,2658.12
3,5.4,22.3,1.7,0.0,0.8,6.1,4.5,Ahmedabad,8,7.4,240.4,1778.59
4,6.5,19.2,0.4,3.0,1.9,2.6,8.5,Lucknow,11,7.2,181.8,1309.15
1,11.2,24.0,5.7,0.3,5.5,3.5,3.3,Chennai,3,8.1,458.5,3713.56
3,12.0,17.1,2.9,4.0,3.8,3.4,7.0,Chennai,11,8.5,324.2,2756.11
3,1.6,18.3,1.4,5.2,1.0,4.4,5.5,Mumbai,6,9.0,235.7,2120.95
2,7.3,20.4,2.8,1.9,2.8,3.4,6.2,Pune,9,8.1,294.1,2382.4
4,14.0,24.0,11.1,2.7,0.0,3.2,6.6,Ahmedabad,6,7.6,703.7,5348.01
4,8.2,17.9,8.4,3.2,2.6,6.0,8.4,Lucknow,9,7.4,581.9,4306.15
2,7.0,21.1,0.9,6.0,3.2,2.8,7.4,Delhi,7,7.3,227.8,1663.28
5,10.3,16.5,1.7,0.7,3.3,4.1,8.2,Mumbai,9,9.0,244.6,2201.42
1,7.5,22.8,8.6,2.6,6.8,1.1,4.0,Lucknow,2,7.3,545.5,3981.97
4,8.8,18.0,2.1,6.6,4.5,3.0,5.4,Hyderabad,12,8.2,291.6,2390.81
2,6.5,21.9,2.1,2.0,0.7,2.9,4.1,Chennai,8,8.5,259.7,2207.78
3,7.5,22.0,0.6,2.7,3.2,2.9,3.4,Mumbai,8,9.0,202.1,1818.69
6,8.1,14.6,2.6,3.9,2.9,0.4,7.8,Delhi,2,7.5,290.5,2178.39
2,9.2,20.6,6.0,8.2,6.7,2.5,2.1,Jaipur,12,7.6,450.6,3424.3
6,5.9,18.5,0.8,1.3,2.1,1.7,4.8,Delhi,4,7.3,196.2,1432.58
5,5.9,21.5,1.2,5.0,3.3,4.6,4.9,Hyderabad,11,8.1,252.5,2045.29
1,2.2,17.4,6.7,1.1,3.5,1.7,5.6,Mumbai,7,9.0,429.0,3861.3
6,6.0,18.3,4.7,1.5,0.9,3.9,3.7,Hyderabad,11,8.1,402.2,3257.8
5,9.4,23.6,2.6,2.5,0.0,4.0,4.5,Ahmedabad,4,7.6,320.9,2438.79
6,8.2,23.4,14.0,4.4,2.5,2.1,9.7,Ahmedabad,4,7.6,848.8,6450.77
3,4.5,17.0,6.2,2.4,4.3,1.7,5.5,Jaipur,6,7.5,463.0,3472.57
3,2.2,24.0,8.5,3.8,0.4,2.6,4.2,Chennai,10,8.4,561.5,4716.46
3,6.6,12.3,4.0,2.1,2.8,2.4,6.5,Pune,6,8.2,333.8,2736.86
3,9.3,20.6,1.8,3.7,1.7,1.5,6.2,Bengaluru,10,8.0,249.0,1992.38
2,5.8,16.1,2.4,0.9,0.0,2.6,9.8,Lucknow,3,7.4,247.2,1829.33
3,3.4,21.1,0.8,1.0,3.5,3.5,5.5,Hyderabad,9,7.9,195.0,1540.34
3,5.5,19.2,5.5,2.5,3.8,1.2,7.0,Lucknow,12,7.2,425.9,3066.33
2,7.8,16.9,2.3,4.7,4.3,2.7,3.6,Jaipur,10,7.6,250.7,1905.13
3,10.1,17.8,3.5,3.9,4.6,2.2,4.6,Lucknow,11,7.3,339.9,2481.08
5,6.4,17.6,2.0,2.0,2.8,3.1,4.8,Lucknow,2,7.3,252.1,1840.27
5,9.6,20.2,4.7,1.2,3.8,5.8,3.0,Delhi,6,7.6,402.4,3057.88
4,9.4,22.9,0.5,5.6,3.4,0.7,6.1,Mumbai,12,8.9,225.3,2004.76
5,4.1,24.0,3.9,6.2,0.0,2.8,6.5,Chennai,7,8.5,381.4,3241.56
1,10.1,19.5,1.2,4.5,0.0,3.4,6.3,Bengaluru,12,8.0,250.8,2006.56
1,7.7,20.9,2.3,4.2,1.5,2.2,2.8,Mumbai,9,8.6,292.7,2517.61
1,4.0,23.6,2.0,0.0,3.1,3.6,4.1,Delhi,3,7.7,265.9,2047.7
2,11.4,18.7,3.7,4.7,3.5,0.8,5.2,Lucknow,10,7.0,338.4,2369.15
5,6.7,17.7,0.8,6.7,4.3,2.5,3.7,Bengaluru,3,7.7,217.9,1677.81
1,2.1,24.0,2.0,5.6,4.3,0.0,2.0,Delhi,7,7.5,257.4,1930.48
4,5.2,19.5,9.1,5.5,3.4,2.6,7.9,Delhi,4,7.3,574.7,4195.07
2,4.6,20.7,1.0,0.2,4.0,1.2,9.0,Delhi,8,7.3,193.5,1412.49
4,5.3,15.2,0.7,2.1,6.1,3.5,8.3,Ahmedabad,7,7.6,193.3,1469.25
5,5.9,18.4,2.3,3.2,3.8,5.1,6.6,Bengaluru,5,8.1,289.7,2346.44
3,6.4,24.0,1.5,2.1,2.9,3.4,4.8,Delhi,7,7.7,261.6,2014.37
4,6.3,21.4,9.6,1.2,3.9,2.9,10.3,Pune,3,8.2,625.7,5130.93
3,6.8,19.9,5.0,4.3,4.6,2.2,8.1,Lucknow,12,7.0,397.5,2782.15
2,8.5,24.0,0.6,5.5,6.1,2.6,4.4,Bengaluru,2,7.7,228.0,1755.61
4,5.1,15.1,3.3,0.7,0.8,2.6,9.0,Ahmedabad,6,7.8,307.2,2396.03
4,10.0,18.8,3.5,5.6,0.0,3.0,6.3,Hyderabad,2,8.3,314.2,2607.5
6,3.9,24.0,2.3,3.9,3.4,3.7,8.6,Hyderabad,3,7.9,308.0,2432.93
2,8.5,19.9,0.4,6.7,0.1,1.8,9.2,Chennai,6,8.4,199.8,1678.31
2,11.1,19.8,5.5,5.1,2.5,4.7,4.7,Kolkata,5,7.8,427.7,3336.18
1,6.6,23.5,1.0,3.8,6.6,2.7,5.7,Pune,8,8.0,222.0,1775.99
5,7.5,23.7,0.4,3.8,3.0,3.0,6.5,Hyderabad,9,8.3,234.3,1944.51
4,4.6,16.1,0.5,3.5,3.0,4.9,6.2,Ahmedabad,11,7.8,195.8,1527.22
4,5.7,21.3,2.2,7.1,2.2,0.0,3.9,Kolkata,3,7.7,268.9,2070.35
2,10.9,24.0,3.2,4.7,6.0,0.0,6.2,Delhi,12,7.5,297.9,2234.02
2,8.9,18.1,0.5,2.8,3.8,3.6,5.4,Delhi,10,7.5,208.5,1563.76
5,8.0,18.9,2.1,4.6,2.1,3.0,5.4,Jaipur,3,7.4,274.7,2033.02
2,2.2,20.1,1.3,4.4,6.0,5.2,2.9,Lucknow,3,7.4,222.0,1642.45
3,5.2,22.1,7.1,2.7,3.4,1.3,5.5,Kolkata,6,7.9,492.3,3889.23
3,11.3,15.7,1.8,1.9,2.2,3.7,10.3,Lucknow,1,7.3,253.3,1848.91
6,8.0,12.0,5.5,5.9,0.0,2.5,6.9,Ahmedabad,7,7.7,392.4,3021.1
3,8.3,20.6,3.9,3.0,3.3,4.4,5.4,Pune,12,7.8,361.0,2815.98
3,7.4,23.5,1.2,2.9,2.1,0.0,7.1,Kolkata,1,7.9,237.5,1876.47
5,5.5,19.1,3.5,4.7,2.4,2.6,8.8,Hyderabad,5,7.9,332.1,2623.72
4,7.8,18.2,2.1,2.5,2.3,4.1,4.6,Pune,10,8.2,245.7,2014.36
3,3.2,19.5,5.7,4.0,0.0,1.8,9.4,Jaipur,8,7.6,447.6,3401.87
6,3.0,24.0,5.7,2.7,8.1,2.9,3.9,Lucknow,4,7.3,472.1,3446.5
2,5.2,18.0,4.0,0.0,1.6,3.1,5.2,Lucknow,5,7.3,312.6,2281.65
3,7.5,21.7,3.6,4.3,4.3,3.5,5.0,Pune,4,7.8,358.3,2794.47
6,3.1,16.5,2.4,4.0,2.6,1.4,8.4,Delhi,12,7.3,263.8,1925.73
5,7.3,16.7,2.3,4.2,0.0,2.3,3.8,Lucknow,12,7.2,261.9,1885.58
2,4.5,22.5,5.1,0.0,2.7,3.7,8.1,Jaipur,4,7.2,412.5,2969.82
6,4.9,24.0,12.0,0.8,3.2,4.1,5.6,Hyderabad,12,8.3,752.5,6245.93
3,10.2,22.7,3.6,5.8,1.9,3.3,6.3,Bengaluru,8,8.1,358.0,2899.92
4,7.1,13.8,3.0,3.6,5.9,2.5,8.4,Hyderabad,2,8.3,309.6,2569.7
2,4.7,18.7,3.9,0.0,6.6,3.1,7.0,Hyderabad,1,8.2,339.4,2783.1
2,7.5,20.7,0.4,3.7,3.6,4.3,8.6,Lucknow,3,7.2,201.9,1453.98
4,3.3,20.2,2.3,0.4,3.8,3.3,8.1,Mumbai,9,9.0,295.4,2658.91
2,8.0,14.2,8.3,2.4,0.7,1.2,11.2,Delhi,4,7.5,494.9,3711.99
3,9.8,16.1,1.7,4.0,0.7,1.3,8.3,Lucknow,10,7.2,242.8,1748.2
2,8.7,17.6,7.2,4.0,1.7,3.1,6.2,Delhi,5,7.7,521.0,4011.87
3,12.4,19.8,2.9,5.5,7.0,0.5,6.1,Ahmedabad,2,7.6,304.8,2316.58
4,2.2,14.2,4.0,4.4,1.9,4.2,9.5,Mumbai,4,9.0,358.1,3222.93
1,7.3,21.8,1.0,4.6,5.6,1.6,6.6,Lucknow,2,7.4,251.1,1857.93
4,3.6,19.7,3.1,2.7,1.6,1.3,7.1,Chennai,2,8.5,300.4,2553.35
3,6.6,16.9,3.6,1.8,1.1,5.5,8.4,Hyderabad,4,8.2,329.4,2700.77
5,7.0,20.6,2.4,3.6,2.0,2.2,5.4,Ahmedabad,6,7.7,280.4,2158.73
4,12.7,15.7,7.9,5.5,1.9,3.4,4.3,Mumbai,7,8.6,511.5,4398.76
5,6.9,19.8,9.1,5.2,1.5,3.9,7.2,Lucknow,10,7.4,569.9,4217.57
5,6.8,14.6,1.3,3.1,6.1,5.2,5.1,Jaipur,3,7.6,247.9,1883.89
3,9.5,15.0,1.7,3.4,2.9,2.1,9.1,Pune,3,8.2,237.4,1946.9
3,6.9,18.6,6.3,1.7,2.6,3.3,2.0,Pune,10,7.8,416.1,3245.95
1,11.6,17.9,2.3,5.8,3.1,2.8,5.1,Delhi,6,7.6,293.4,2229.6
6,8.7,21.2,3.7,6.7,4.8,6.6,6.7,Mumbai,12,8.9,400.7,3566.1
2,9.1,19.9,2.2,4.4,3.1,0.0,4.9,Hyderabad,3,7.9,274.3,2166.74
4,2.3,24.0,2.6,0.2,3.6,2.8,9.1,Hyderabad,2,8.3,292.6,2428.53
3,12.0,19.2,1.7,4.8,5.0,3.0,6.7,Bengaluru,8,8.1,267.4,2166.03
4,5.4,12.0,6.3,6.8,0.9,2.8,4.9,Pune,5,8.1,465.7,3772.55
6,7.0,13.9,11.6,1.3,1.3,0.8,6.8,Ahmedabad,1,7.8,682.7,5324.83
6,5.4,16.4,2.9,5.2,3.2,0.2,3.4,Mumbai,3,8.9,290.2,2582.49
5,4.4,24.0,3.6,3.1,1.6,0.7,7.3,Hyderabad,10,8.3,366.8,3044.04
2,4.0,19.9,3.2,6.0,2.5,4.3,8.9,Bengaluru,8,7.9,337.0,2662.47
1,7.3,23.3,0.7,1.2,0.8,3.0,6.0,Mumbai,4,8.9,219.5,1953.23
4,2.1,23.0,2.0,2.6,1.3,0.4,6.3,Kolkata,7,7.7,262.8,2023.45
2,6.4,16.2,1.3,0.4,5.2,5.1,4.0,Hyderabad,10,8.2,217.3,1782.08
1,9.6,14.6,4.7,4.2,2.3,5.9,4.7,Kolkata,12,7.5,376.4,2823.14
4,8.6,21.9,1.6,4.6,2.1,3.5,8.4,Mumbai,2,8.9,263.4,2343.94
2,8.1,13.3,6.1,4.2,1.3,3.6,6.0,Hyderabad,7,8.2,392.6,3219.6
3,4.8,22.9,1.5,2.5,1.2,3.1,10.7,Kolkata,5,7.9,262.4,2072.68
4,3.0,19.6,7.0,2.6,0.9,2.1,7.4,Chennai,5,8.5,495.5,4211.74
2,9.6,21.8,1.5,2.8,0.4,0.3,4.0,Bengaluru,6,7.7,210.4,1620.23
6,5.9,20.9,3.6,5.3,1.6,1.4,10.9,Ahmedabad,9,7.8,367.8,2869.06
1,6.8,21.1,2.1,0.6,2.8,2.9,3.4,Pune,6,8.2,251.5,2062.13
2,6.5,20.3,1.6,2.8,4.3,3.9,5.5,Bengaluru,12,7.7,253.5,1951.66
3,8.7,20.8,10.6,0.6,2.8,2.7,6.6,Kolkata,8,7.5,637.5,4781.2
4,11.6,20.1,1.4,2.7,1.0,2.9,6.9,Hyderabad,7,8.2,264.0,2165.21
4,10.7,15.9,3.0,3.5,1.9,3.1,5.0,Chennai,9,8.5,314.2,2670.34
4,1.2,18.8,7.6,7.7,1.8,3.2,6.3,Chennai,4,8.5,485.1,4123.18
3,6.2,24.0,0.6,2.2,1.7,2.1,8.9,Pune,2,7.8,205.5,1602.86
1,3.6,20.9,4.0,5.6,2.2,3.6,8.9,Chennai,7,8.4,359.9,3022.83
4,9.3,23.4,12.2,0.1,4.8,1.3,9.9,Bengaluru,6,8.1,728.2,5898.14
1,7.0,17.1,1.2,3.6,4.3,3.5,4.5,Lucknow,1,7.0,222.3,1556.13
2,8.5,17.0,2.3,3.6,6.2,0.7,6.8,Chennai,11,8.4,258.4,2170.67
6,6.0,16.4,2.0,5.0,1.2,1.2,7.1,Pune,9,8.2,271.8,2229.12
6,4.4,16.0,5.9,2.4,0.8,1.9,2.6,Chennai,9,8.5,368.5,3132.36
1,4.8,15.1,2.5,1.9,2.3,3.3,5.6,Chennai,12,8.1,246.0,1992.45
1,3.2,20.7,5.7,0.0,5.3,3.4,7.3,Jaipur,2,7.2,443.9,3195.78
6,3.8,18.9,8.4,4.2,0.0,1.7,5.9,Bengaluru,3,7.9,545.5,4309.31
4,3.3,22.6,12.1,2.2,3.2,0.9,4.9,Kolkata,5,7.8,719.5,5612.06
5,4.4,19.1,12.9,5.6,2.3,4.8,7.0,Delhi,5,7.3,791.1,5775.04
5,4.3,12.8,1.6,4.5,4.2,3.1,8.7,Lucknow,1,7.3,235.2,1716.99
3,8.0,21.3,7.9,5.9,3.8,2.8,6.6,Chennai,8,8.1,548.6,4444.0
6,7.9,13.9,4.8,1.8,4.2,3.5,2.0,Ahmedabad,12,7.7,395.1,3042.56
6,8.0,20.6,4.4,3.9,4.0,1.6,8.6,Chennai,8,8.4,401.0,3368.37
3,9.9,17.7,4.5,3.9,8.6,4.6,3.6,Jaipur,4,7.6,401.2,3049.28
5,6.8,20.7,3.3,2.5,6.6,3.9,3.8,Kolkata,7,7.8,353.5,2757.53
2,5.0,15.7,2.7,6.0,4.7,2.6,6.7,Ahmedabad,11,7.6,253.1,1923.45
4,12.5,22.3,2.5,5.1,2.0,2.9,6.7,Lucknow,10,7.4,308.6,2283.43
4,9.3,20.1,2.5,7.6,2.2,2.6,4.9,Ahmedabad,3,7.7,301.1,2318.62
2,7.4,19.0,1.5,4.9,5.3,5.0,7.7,Bengaluru,6,7.7,262.0,2017.22
2,7.2,14.9,6.3,7.2,5.4,3.6,6.1,Pune,10,8.0,489.9,3919.5
5,7.7,24.0,0.9,7.2,1.3,3.8,3.1,Pune,10,8.2,227.1,1862.17
3,6.5,17.3,9.8,2.5,0.0,3.1,4.2,Lucknow,12,7.3,582.6,4252.78
2,7.3,20.8,0.7,0.6,0.0,3.0,5.6,Kolkata,9,7.5,201.8,1513.24
3,8.2,17.2,1.7,6.9,5.3,5.8,6.2,Pune,1,8.1,247.4,2003.57
1,5.2,24.0,5.5,4.9,5.7,2.5,5.1,Mumbai,5,8.8,445.9,3924.3
4,2.9,20.4,3.6,4.5,3.0,3.3,2.4,Jaipur,4,7.2,339.4,2443.46
5,1.8,18.2,4.3,2.6,3.6,6.1,4.7,Lucknow,8,7.0,372.8,2609.5
4,9.2,21.8,2.1,4.3,6.6,5.0,7.5,Lucknow,11,7.0,290.6,2034.15
5,3.0,22.3,2.1,5.5,7.0,3.6,6.3,Delhi,12,7.7,298.9,2301.73
1,8.2,21.2,2.2,4.8,4.4,0.7,8.0,Delhi,1,7.7,266.9,2054.89
4,4.1,19.0,4.1,2.3,3.0,6.3,7.7,Bengaluru,9,7.9,381.1,3010.89
1,4.2,21.3,4.5,6.6,2.1,2.6,2.7,Bengaluru,6,7.7,353.4,2721.5
5,5.2,19.5,4.7,3.7,2.4,3.1,4.8,Delhi,4,7.6,389.9,2963.37
2,7.5,19.9,12.0,4.9,1.5,4.5,7.5,Pune,12,8.1,788.7,6388.72
4,3.8,17.6,0.5,5.2,4.3,2.7,7.1,Hyderabad,9,8.3,204.4,1696.73
1,5.5,15.6,2.2,7.8,2.7,3.3,7.1,Lucknow,11,7.0,239.4,1676.12
6,6.9,21.7,1.4,4.3,1.4,3.1,8.1,Mumbai,5,8.8,257.1,2262.31
4,4.0,21.8,4.4,3.4,5.3,2.5,8.7,Lucknow,5,7.0,393.1,2751.52
4,10.6,23.9,5.0,7.3,4.1,3.5,2.6,Chennai,12,8.1,436.5,3535.43
4,2.7,20.1,2.1,5.7,3.5,2.0,5.3,Kolkata,5,7.5,275.6,2066.68
3,6.5,19.4,0.3,4.1,2.7,1.3,7.4,Jaipur,1,7.6,193.3,1469.34
1,10.2,15.8,4.9,4.0,3.9,3.8,7.7,Hyderabad,1,8.2,416.5,3415.01
1,3.7,19.9,1.2,0.0,2.3,4.9,9.6,Mumbai,8,8.9,209.5,1864.73
4,6.7,21.1,1.6,3.3,8.5,1.9,9.1,Chennai,12,8.3,282.6,2345.3
2,7.3,14.5,1.5,0.7,7.6,2.2,8.4,Bengaluru,8,8.1,221.4,1793.06
4,5.0,23.2,2.0,0.0,1.4,3.0,5.2,Mumbai,12,8.8,282.8,2488.34
3,6.8,17.9,3.3,2.3,2.5,3.0,7.8,Delhi,6,7.5,320.7,2405.42
5,8.4,19.4,2.7,0.7,1.2,0.0,10.1,Lucknow,12,7.4,296.0,2190.76
3,5.8,21.8,1.3,2.8,0.0,2.4,9.1,Mumbai,11,8.9,235.9,2099.81
2,8.9,20.0,2.3,4.1,6.4,5.7,6.9,Kolkata,4,7.8,287.5,2242.19
4,8.0,24.0,0.5,4.5,2.7,5.1,9.0,Ahmedabad,2,7.7,246.3,1896.33
1,5.5,21.9,4.2,3.3,0.8,5.6,6.6,Bengaluru,2,8.1,350.3,2837.29
6,9.8,19.6,4.1,0.9,0.0,3.9,6.6,Jaipur,9,7.6,335.1,2547.14
4,5.1,12.0,1.5,3.3,3.4,2.2,5.7,Jaipur,5,7.6,198.0,1504.63
2,9.1,23.0,7.7,1.4,3.7,3.4,3.4,Mumbai,4,8.9,534.8,4759.39
1,5.2,16.5,2.0,6.3,3.8,3.9,8.0,Ahmedabad,10,7.6,243.7,1852.16
3,6.2,22.6,1.5,3.2,5.1,2.5,5.9,Lucknow,1,7.3,250.1,1825.87
5,6.6,21.5,0.8,1.2,4.8,0.4,6.4,Chennai,7,8.3,200.3,1662.17
5,7.8,19.4,0.9,1.4,0.4,4.4,7.2,Hyderabad,3,8.2,210.7,1727.41
4,1.0,22.9,2.0,3.5,0.8,2.3,5.0,Lucknow,6,7.0,284.4,1990.61
3,8.1,21.6,8.9,3.6,4.9,3.9,7.9,Chennai,5,8.5,579.9,4929.51
6,6.7,21.0,2.0,3.1,1.8,0.6,5.8,Hyderabad,5,8.1,274.0,2219.0
6,7.7,14.9,4.4,5.5,0.1,2.0,5.9,Ahmedabad,11,7.6,397.6,3022.1
2,8.3,20.1,4.6,1.6,0.3,3.6,2.0,Hyderabad,5,8.2,372.9,3057.82
5,8.0,16.3,5.8,5.5,4.9,3.9,6.5,Lucknow,1,7.2,450.7,3245.38
3,2.0,16.7,0.2,3.3,4.8,4.1,4.3,Kolkata,1,7.5,156.1,1170.55
4,4.3,18.9,1.0,5.2,3.3,2.9,5.4,Mumbai,3,8.8,224.3,1974.1
1,7.8,24.0,4.2,2.2,1.1,3.3,4.6,Chennai,12,8.3,397.8,3301.56
4,7.5,21.1,5.7,5.1,2.9,3.6,4.7,Kolkata,10,7.5,424.4,3182.71
4,5.0,21.3,8.7,1.9,2.7,3.5,5.7,Chennai,4,8.5,562.9,4784.23
3,8.8,22.3,2.9,6.8,2.1,3.9,7.1,Mumbai,5,8.9,318.7,2836.47
5,6.4,17.4,1.6,3.3,4.4,1.3,9.1,Pune,2,8.1,264.9,2146.06
3,9.2,15.3,7.7,2.6,2.0,5.8,6.5,Hyderabad,8,8.3,482.0,4000.23
1,10.0,14.7,2.6,1.2,4.1,2.7,5.2,Ahmedabad,11,7.4,253.9,1878.74
3,7.7,20.7,0.8,3.8,3.7,2.9,5.5,Pune,11,8.2,208.1,1706.76
2,8.4,23.0,3.2,3.2,0.1,2.6,8.0,Pune,2,8.0,308.8,2470.48
4,5.5,22.7,2.2,0.8,7.0,3.3,7.0,Jaipur,9,7.5,295.1,2213.2
5,9.2,17.5,1.5,2.0,4.2,0.8,3.6,Delhi,2,7.6,233.2,1772.21
6,7.5,24.0,2.6,0.0,0.0,2.3,4.7,Lucknow,9,7.3,309.2,2257.2
1,6.3,24.0,2.2,1.2,0.1,0.1,6.2,Kolkata,7,7.5,273.7,2052.59
6,4.0,21.8,0.8,3.3,6.2,2.3,5.7,Kolkata,8,7.5,212.7,1595.57
4,5.8,24.0,3.1,4.2,3.4,3.2,4.9,Kolkata,11,7.7,340.4,2621.06
3,4.2,22.6,1.2,2.9,4.1,3.9,5.7,Kolkata,2,7.5,231.3,1734.76
6,8.9,19.3,2.4,4.4,3.8,2.9,6.6,Lucknow,7,7.0,308.3,2158.41
2,10.1,18.0,8.4,1.6,5.2,3.4,6.8,Pune,12,7.8,557.7,4350.22
3,9.3,15.2,9.0,4.4,5.3,0.5,6.1,Lucknow,6,7.4,563.3,4168.49
4,13.2,18.7,11.5,3.3,1.2,3.2,7.9,Kolkata,4,7.9,749.1,5917.96
6,5.8,19.3,6.0,3.1,4.0,4.9,6.9,Delhi,7,7.6,429.3,3262.82
1,8.5,19.4,2.1,3.5,0.2,3.7,4.0,Bengaluru,4,7.7,242.7,1868.57
6,4.0,19.7,12.0,2.3,0.8,1.9,5.4,Mumbai,2,8.6,717.0,6165.91
6,6.5,13.1,1.0,0.4,2.4,3.3,5.8,Kolkata,10,7.8,211.0,1645.53
5,3.3,22.3,5.8,1.4,0.0,5.0,5.7,Ahmedabad,12,7.4,419.6,3105.05
6,8.4,22.7,0.9,0.7,1.4,3.9,4.5,Bengaluru,7,8.1,232.7,1884.5
4,6.1,21.1,1.4,3.0,0.0,3.9,4.9,Lucknow,8,7.0,253.9,1777.2
1,1.9,16.5,5.1,4.9,3.0,1.8,7.8,Ahmedabad,2,7.8,390.2,3043.7
4,5.3,21.1,4.2,6.5,6.3,2.5,4.1,Ahmedabad,5,7.8,395.9,3087.68
2,11.5,20.1,1.3,2.6,3.1,2.9,5.4,Chennai,1,8.4,230.4,1935.37
3,8.0,21.4,2.9,3.2,3.1,5.7,8.5,Ahmedabad,7,7.6,328.1,2493.59
6,8.9,24.0,3.1,7.3,2.3,1.6,5.9,Kolkata,8,7.5,358.0,2684.99
5,7.3,19.5,4.0,2.7,5.0,3.4,10.8,Chennai,6,8.3,392.7,3259.0
1,6.5,20.5,10.5,2.2,2.9,4.0,9.3,Jaipur,5,7.4,641.6,4748.12
5,7.0,17.4,1.5,3.2,0.8,4.1,2.0,Pune,6,8.0,245.7,1965.24
5,7.6,22.8,2.1,2.7,3.3,2.6,3.9,Ahmedabad,2,7.7,288.2,2219.17
5,4.3,22.1,0.4,2.1,6.1,2.5,6.2,Delhi,1,7.5,211.6,1587.34
6,8.9,20.6,3.0,0.7,0.1,5.9,5.4,Mumbai,7,8.9,318.8,2837.42
1,9.8,16.8,5.0,6.7,1.1,2.6,7.4,Ahmedabad,7,7.4,391.7,2898.47
1,6.5,18.0,5.8,4.6,2.8,2.4,7.3,Jaipur,10,7.4,424.2,3138.85
5,5.7,14.5,0.8,6.7,2.3,4.4,3.0,Hyderabad,11,8.3,199.3,1654.32
3,5.1,17.9,3.5,5.4,3.8,3.2,8.4,Lucknow,10,7.2,308.9,2224.28
6,11.4,22.1,6.5,3.5,1.0,1.0,9.9,Lucknow,2,7.2,495.3,3565.89
6,5.9,21.2,1.5,0.2,1.9,4.5,3.3,Jaipur,2,7.6,266.0,2021.96
4,8.6,20.5,12.0,1.7,3.1,2.4,5.3,Hyderabad,1,7.9,661.0,5221.89
6,6.5,24.0,4.0,2.8,3.2,2.4,5.4,Lucknow,10,7.4,380.0,2812.21
5,6.4,20.9,0.2,1.6,8.2,7.0,8.5,Lucknow,8,7.0,212.2,1485.35
2,5.1,18.3,2.4,0.0,4.6,2.6,9.0,Lucknow,8,7.3,270.8,1976.52
5,4.6,17.9,2.1,1.7,0.0,3.1,5.1,Jaipur,1,7.5,257.3,1929.62
1,8.8,19.3,2.6,3.1,1.0,4.4,5.1,Pune,12,8.2,284.8,2335.74
6,4.5,18.6,7.6,6.7,0.3,1.6,8.0,Mumbai,11,8.9,475.3,4229.99
6,8.2,22.9,4.1,2.2,6.2,3.8,5.6,Jaipur,8,7.6,359.7,2733.72
4,7.2,21.3,0.9,4.8,0.9,4.4,6.5,Hyderabad,9,8.2,203.0,1664.84
2,8.9,19.0,4.7,1.5,4.2,5.0,7.9,Ahmedabad,4,7.8,388.3,3028.51
6,5.5,19.2,5.6,3.1,4.0,4.0,7.5,Pune,1,8.2,406.3,3331.61
4,9.7,22.1,0.3,3.4,0.1,1.3,6.6,Pune,1,8.1,180.6,1462.61
4,6.6,23.0,1.4,6.7,2.2,3.7,3.4,Ahmedabad,3,7.7,251.9,1939.36
2,13.5,14.5,6.3,0.0,2.5,1.0,7.2,Delhi,5,7.3,420.3,3067.83
5,3.0,19.5,12.6,1.9,0.0,4.8,8.0,Chennai,5,8.5,734.5,6243.25
5,13.1,20.3,0.8,4.0,6.6,4.6,7.5,Mumbai,9,8.8,255.2,2245.78
5,6.7,21.6,5.1,4.3,3.3,3.3,3.3,Mumbai,10,8.8,421.1,3705.87
3,7.6,20.3,7.6,1.1,6.2,3.3,7.6,Delhi,12,7.5,547.8,4108.24
5,5.5,21.2,1.8,3.4,7.4,3.0,4.6,Chennai,2,8.5,271.1,2304.68
2,3.1,19.3,5.4,3.5,3.3,3.0,2.0,Mumbai,2,8.6,412.7,3549.13
3,5.7,17.6,2.9,6.4,3.7,4.5,5.7,Hyderabad,6,7.9,301.3,2380.42
5,6.1,22.4,2.7,3.9,1.4,2.5,3.7,Bengaluru,9,8.1,304.2,2464.2
3,7.5,22.4,3.7,3.2,5.7,6.3,6.0,Bengaluru,1,8.0,361.6,2893.18
2,9.8,22.0,7.0,2.1,2.9,3.3,3.5,Mumbai,9,8.9,495.8,4412.59
5,7.5,22.5,11.3,4.7,2.2,4.9,5.6,Kolkata,9,7.7,731.1,5629.4
1,7.5,17.1,2.0,3.0,1.5,0.5,2.8,Mumbai,9,9.0,237.0,2132.89
6,8.0,18.5,1.6,2.4,3.1,2.1,4.6,Ahmedabad,5,7.6,256.7,1950.69
2,2.6,23.4,6.8,1.5,4.2,4.4,6.7,Ahmedabad,9,7.4,494.6,3659.83
4,2.8,21.1,5.1,2.9,3.4,3.5,9.5,Chennai,11,8.5,392.3,3334.19
4,3.3,20.2,5.5,4.9,3.9,3.0,5.4,Lucknow,4,7.4,479.1,3545.57
2,6.1,19.2,5.7,2.5,2.6,4.6,6.0,Pune,2,7.8,399.0,3111.88
4,2.3,23.8,2.9,3.6,4.0,6.2,7.6,Hyderabad,6,8.1,333.4,2700.92
2,5.3,14.7,5.5,2.4,3.9,1.3,6.8,Delhi,4,7.3,444.1,3241.96
1,3.6,20.9,10.8,3.8,5.4,4.5,6.9,Mumbai,6,8.8,690.9,6080.14
2,8.2,19.8,1.8,3.7,4.6,2.3,7.4,Lucknow,3,7.2,252.7,1819.47
5,8.1,16.2,7.3,1.9,3.3,4.3,5.2,Lucknow,6,7.2,526.4,3790.16
5,6.2,24.0,2.4,5.2,3.8,2.3,4.4,Hyderabad,2,8.1,314.5,2547.66
3,2.3,12.0,6.6,0.6,0.7,3.8,6.6,Delhi,2,7.5,402.9,3021.63
4,6.4,20.4,7.5,5.8,5.6,3.9,2.0,Ahmedabad,9,7.6,534.1,4058.83
6,7.8,21.6,2.8,4.2,2.5,2.0,2.0,Jaipur,7,7.4,310.9,2300.48
4,9.0,17.1,3.7,4.7,2.8,2.3,9.0,Hyderabad,3,8.2,341.4,2799.22
2,11.4,20.8,1.5,0.2,2.0,2.7,8.3,Lucknow,11,7.0,247.9,1735.13
6,9.8,19.3,4.4,3.4,1.2,0.6,4.6,Bengaluru,1,7.7,388.8,2993.84
6,7.4,23.0,0.8,6.6,1.4,3.7,3.5,Mumbai,8,8.8,253.1,2227.05
4,6.3,24.0,5.8,3.2,0.8,5.2,7.1,Chennai,6,8.1,445.9,3611.82
6,5.1,21.0,4.9,3.8,2.5,1.1,7.4,Bengaluru,7,8.0,413.2,3305.44
6,10.4,21.8,3.5,1.2,4.7,4.0,4.2,Lucknow,9,7.0,355.3,2486.88
5,7.4,17.1,2.2,0.6,3.0,3.5,5.7,Pune,5,8.1,274.7,2225.22
1,8.6,20.6,7.4,4.0,4.3,2.0,2.4,Kolkata,1,7.8,483.2,3768.73
2,5.5,18.9,1.6,2.1,4.0,6.1,5.1,Delhi,12,7.5,242.0,1815.23
4,3.9,22.3,8.4,2.4,2.1,4.7,5.5,Ahmedabad,10,7.4,512.5,3792.7
5,6.0,15.7,3.4,3.6,5.5,4.9,6.3,Mumbai,7,8.6,340.7,2929.91
3,6.2,16.8,14.0,4.9,5.0,3.1,10.4,Chennai,5,8.4,874.1,7342.63
6,7.5,23.5,5.9,4.6,4.6,0.7,3.6,Jaipur,3,7.4,504.9,3736.47
6,5.2,20.6,1.7,3.7,3.8,3.3,9.0,Ahmedabad,12,7.6,284.3,2161.0
4,7.1,24.0,4.9,5.3,2.3,2.8,4.8,Mumbai,9,8.9,430.1,3828.31
1,9.9,21.1,5.6,5.6,2.3,4.5,4.6,Jaipur,1,7.6,478.7,3638.34
1,2.8,21.5,3.7,3.2,2.9,2.1,8.1,Chennai,1,8.5,326.7,2777.05
4,1.7,19.1,3.0,6.8,5.8,5.0,4.6,Lucknow,1,7.0,317.4,2221.46
4,10.1,19.4,7.7,1.3,5.2,2.1,4.2,Kolkata,3,7.7,560.9,4319.2
5,3.3,22.9,1.5,0.4,0.1,4.1,7.2,Bengaluru,12,8.0,245.0,1960.34
4,6.0,19.6,4.5,6.3,3.5,1.9,6.9,Bengaluru,6,8.1,374.8,3035.73
3,8.5,23.6,12.0,2.1,0.0,2.9,4.9,Lucknow,10,7.2,674.2,4854.29
5,6.9,19.7,3.4,0.0,2.1,1.0,9.6,Ahmedabad,11,7.8,316.0,2464.81
6,6.8,16.5,3.4,2.8,1.6,3.1,5.0,Lucknow,3,7.3,343.3,2506.12
6,7.2,16.2,0.9,6.0,4.1,1.5,2.8,Lucknow,8,7.2,213.1,1534.3
6,13.3,19.5,7.4,2.9,0.8,3.8,3.7,Mumbai,10,8.8,509.2,4481.36
6,11.5,22.7,6.8,0.0,0.0,4.0,3.6,Mumbai,2,9.0,496.0,4463.88
2,5.3,18.0,2.4,2.9,2.0,3.0,5.2,Chennai,9,8.3,267.2,2217.83
3,9.6,22.2,7.7,3.1,3.0,2.0,8.9,Kolkata,3,7.7,495.1,3812.21
5,8.3,20.3,3.0,2.8,0.0,3.6,2.4,Mumbai,5,8.9,296.7,2640.66
5,7.0,21.8,2.4,2.1,5.3,4.4,9.4,Chennai,10,8.5,290.0,2465.0
6,4.7,19.1,3.4,2.2,2.6,2.7,4.6,Pune,8,8.0,347.6,2780.67
1,8.1,20.5,1.7,5.0,3.1,2.4,4.8,Lucknow,2,7.0,248.9,1742.0
5,6.2,22.8,2.6,2.3,5.2,1.1,4.4,Lucknow,6,7.0,305.7,2139.92
3,6.1,19.9,5.1,3.8,1.5,3.3,4.9,Ahmedabad,12,7.4,398.6,2949.61
4,5.1,18.4,1.2,3.8,6.0,4.6,5.5,Pune,5,8.0,222.4,1779.26
3,9.5,14.5,3.4,2.3,3.0,5.1,5.7,Ahmedabad,10,7.4,321.3,2377.46
6,5.1,21.6,5.0,2.0,4.6,3.4,6.5,Jaipur,9,7.4,451.4,3340.53
6,5.1,17.7,4.5,3.6,3.9,0.9,2.0,Chennai,12,8.3,359.6,2984.95
2,8.9,18.4,10.0,0.2,4.4,2.3,5.7,Chennai,5,8.4,637.9,5358.38
5,6.6,16.8,1.0,7.5,3.2,4.8,6.9,Lucknow,2,7.0,232.3,1625.93
5,6.7,19.3,0.7,2.4,2.1,4.2,5.8,Hyderabad,5,8.2,202.8,1663.33
5,9.6,24.0,1.9,2.7,6.9,1.4,5.4,Jaipur,12,7.6,307.9,2340.05
6,10.3,21.1,12.9,5.0,3.0,6.0,4.9,Chennai,4,8.5,731.9,6220.93
5,1.7,18.1,2.7,3.2,0.8,1.4,8.1,Mumbai,11,8.8,262.9,2313.93
1,6.7,18.6,5.2,2.7,5.9,2.4,6.9,Lucknow,7,7.2,432.5,3114.3
1,3.5,15.7,6.7,0.8,2.4,3.8,5.5,Ahmedabad,6,7.7,427.4,3290.96
4,6.0,16.6,1.8,3.7,0.0,2.9,7.0,Pune,2,8.0,253.1,2024.73
5,7.0,16.1,1.0,2.4,1.4,2.5,7.8,Ahmedabad,12,7.8,207.9,1621.39
2,6.1,20.8,2.1,7.7,0.0,3.0,3.2,Bengaluru,11,8.0,238.7,1909.29
4,4.4,21.3,4.2,3.1,1.4,4.5,7.0,Hyderabad,11,7.9,384.4,3036.56
6,4.3,20.2,4.4,0.0,6.5,5.9,4.3,Chennai,5,8.5,391.0,3323.79
5,8.8,21.1,3.6,5.4,3.9,3.5,8.6,Kolkata,7,7.7,355.9,2740.1
1,10.8,17.7,1.6,1.5,3.0,2.1,4.1,Delhi,11,7.5,239.9,1799.45
2,1.8,16.6,3.4,3.7,1.8,3.2,5.9,Hyderabad,7,8.2,308.9,2533.13
4,6.2,16.5,1.1,6.3,2.7,6.0,6.5,Lucknow,5,7.2,222.2,1600.0
2,8.8,16.4,2.1,2.9,5.2,4.2,2.3,Chennai,12,8.5,267.5,2273.84
5,6.9,21.1,1.0,3.1,0.0,5.0,2.0,Pune,9,7.8,227.3,1773.25
3,4.2,24.0,4.7,5.4,8.9,4.2,5.1,Chennai,4,8.1,421.1,3411.14
2,5.8,16.9,2.7,6.4,1.2,4.4,9.3,Delhi,11,7.3,282.6,2062.78
2,7.8,19.0,1.9,3.2,2.5,3.1,5.6,Pune,3,8.0,241.5,1931.86
6,6.2,20.6,2.0,7.5,2.7,5.2,6.9,Ahmedabad,4,7.7,316.0,2433.21
1,6.9,19.2,3.2,0.0,2.6,0.0,2.0,Pune,5,7.8,290.5,2265.65
5,7.0,21.0,2.6,1.7,1.7,3.9,7.7,Hyderabad,6,7.9,317.6,2509.38
2,5.7,18.3,4.0,2.5,4.7,3.7,7.0,Ahmedabad,3,7.6,338.4,2571.51
5,9.0,18.0,6.3,5.6,5.3,1.7,7.3,Chennai,2,8.4,489.1,4108.35
1,5.8,19.5,6.4,4.0,4.9,3.5,6.1,Lucknow,4,7.3,451.3,3294.83
6,4.5,21.0,6.9,2.1,3.2,3.9,3.4,Jaipur,5,7.2,506.6,3647.74
5,12.6,23.8,0.2,1.2,1.8,0.4,4.5,Lucknow,4,7.4,195.6,1447.6
1,6.8,21.1,3.1,0.5,2.6,3.5,4.2,Chennai,11,8.4,281.5,2364.96
1,1.0,19.2,3.5,4.5,2.8,4.9,7.1,Delhi,12,7.3,305.1,2227.58
4,10.1,22.5,5.7,2.7,1.0,5.5,5.5,Jaipur,3,7.6,452.4,3438.31
6,10.1,23.0,6.1,5.5,3.4,3.9,7.7,Chennai,8,8.3,445.5,3697.68
6,8.1,19.1,7.3,0.6,6.6,2.9,7.2,Kolkata,10,7.5,530.7,3980.06
5,8.6,19.6,2.7,4.4,2.7,4.5,9.5,Hyderabad,4,8.1,327.8,2655.19
3,12.4,18.7,2.2,3.4,4.0,1.7,6.2,Kolkata,2,7.5,259.9,1949.49
4,4.6,22.5,0.1,2.3,1.7,4.2,5.5,Ahmedabad,2,7.6,185.3,1408.02
6,7.3,20.2,1.1,2.4,4.8,2.9,6.2,Bengaluru,1,7.9,264.6,2090.08
1,11.9,15.8,5.4,3.7,1.7,4.8,2.0,Chennai,4,8.5,392.4,3335.46
6,12.5,21.2,3.6,3.4,2.2,2.3,5.3,Mumbai,10,8.9,347.7,3094.77
3,6.1,24.0,3.9,1.7,4.0,5.6,7.2,Mumbai,9,9.0,367.6,3308.78
2,12.0,24.0,3.9,4.5,1.0,4.8,5.4,Pune,11,7.8,397.5,3100.66
2,9.0,18.6,0.8,5.9,3.9,3.6,5.5,Lucknow,7,7.2,205.4,1478.9
6,10.7,17.9,6.2,3.0,5.1,3.4,5.4,Lucknow,12,7.0,483.6,3385.48
6,8.9,24.0,2.7,4.7,3.3,5.6,9.2,Lucknow,10,7.2,355.1,2556.93
4,7.8,24.0,3.5,3.2,4.7,6.3,6.5,Kolkata,7,7.5,371.6,2786.65
6,12.5,21.4,5.1,8.3,0.4,2.5,5.7,Hyderabad,7,8.2,437.6,3588.69
3,5.7,14.9,10.0,3.5,3.9,2.6,10.8,Chennai,8,8.1,634.9,5143.07
6,11.8,18.2,4.9,4.9,2.1,5.0,3.4,Delhi,1,7.3,395.0,2883.42
5,12.2,16.7,1.6,5.8,3.8,0.0,4.6,Pune,10,7.8,258.8,2018.3
3,10.4,24.0,11.5,2.2,6.2,0.0,3.8,Ahmedabad,10,7.8,662.6,5168.13
4,6.8,15.4,3.1,4.9,0.0,1.9,4.4,Jaipur,8,7.2,305.4,2198.62
5,7.6,24.0,4.3,5.2,1.8,3.5,8.5,Ahmedabad,4,7.8,422.1,3292.26
5,3.8,19.7,10.1,4.4,0.0,1.4,4.0,Chennai,4,8.5,608.4,5171.01
2,5.9,16.4,1.4,5.0,0.5,1.2,6.0,Bengaluru,4,8.1,209.9,1700.51
3,8.6,23.0,6.0,2.2,2.0,2.3,6.9,Lucknow,6,7.4,467.9,3462.42
5,3.4,21.9,5.4,7.8,4.7,5.1,7.4,Jaipur,7,7.4,427.6,3164.54
4,6.3,16.2,3.9,0.0,4.6,2.5,4.7,Kolkata,6,7.8,322.5,2515.61
2,11.9,19.9,5.4,1.8,4.6,4.7,7.1,Chennai,1,8.3,432.3,3588.21
5,6.6,24.0,9.7,0.8,4.1,3.2,5.0,Bengaluru,12,7.7,584.3,4499.18
3,9.6,18.8,0.6,6.9,0.3,5.4,6.0,Kolkata,8,7.5,224.0,1680.35
2,8.4,24.0,1.5,3.2,4.6,2.7,3.8,Bengaluru,10,7.9,287.7,2272.98
3,6.2,17.8,0.3,1.6,1.6,3.7,3.3,Lucknow,11,7.0,185.3,1297.23
3,6.6,15.1,1.0,2.3,3.9,3.4,6.7,Kolkata,7,7.9,182.2,1439.33
3,7.4,20.1,3.4,0.5,1.2,2.9,10.7,Hyderabad,6,8.2,343.7,2818.36
2,1.9,15.6,2.9,4.8,2.6,4.3,5.3,Mumbai,6,8.6,270.7,2328.36
5,9.4,20.4,2.6,5.0,2.9,4.1,5.9,Ahmedabad,5,7.8,315.7,2462.44
6,6.7,20.0,10.0,4.1,3.7,3.4,7.2,Hyderabad,6,8.2,618.4,5070.57
1,9.5,17.7,7.6,2.1,1.3,0.2,8.1,Jaipur,12,7.2,509.6,3669.02
5,8.0,24.0,8.8,6.6,4.3,1.3,8.2,Pune,9,8.1,544.2,4407.92
2,6.6,20.0,3.4,5.1,0.4,1.7,7.1,Mumbai,10,8.8,306.9,2700.6
1,7.5,22.6,12.0,0.0,6.4,3.4,5.6,Hyderabad,9,8.1,647.3,5243.27
1,7.5,22.8,4.5,3.1,1.5,3.0,7.4,Chennai,10,8.1,375.2,3039.25
1,10.7,24.0,4.1,1.2,0.0,2.0,6.8,Bengaluru,8,7.7,362.2,2789.09
6,7.2,16.4,4.4,6.4,2.9,1.9,5.9,Jaipur,10,7.4,350.3,2592.24
4,7.7,14.7,4.5,2.6,2.2,4.1,7.8,Chennai,9,8.4,373.1,3133.74
2,3.8,24.0,2.3,0.7,1.2,2.0,6.9,Mumbai,10,9.0,280.0,2519.88
6,6.9,21.7,5.0,3.2,5.7,0.0,4.6,Bengaluru,8,7.9,437.3,3454.59
6,10.6,20.4,7.2,6.7,4.5,3.3,3.9,Jaipur,8,7.2,565.4,4071.05
4,8.1,19.6,0.5,5.2,3.9,2.3,2.8,Pune,1,8.0,203.1,1624.54
1,4.3,19.1,4.0,2.5,1.1,4.2,4.1,Mumbai,10,8.8,332.6,2927.07
4,4.6,22.6,0.2,3.2,1.9,2.0,6.1,Jaipur,11,7.2,184.1,1325.21
4,5.1,15.7,8.5,5.5,1.8,2.7,8.0,Hyderabad,5,8.3,548.7,4554.58
6,9.5,21.4,5.1,6.3,0.0,3.5,5.8,Jaipur,4,7.2,434.5,3128.29
2,9.2,23.1,3.2,0.4,3.5,0.0,6.6,Mumbai,2,8.6,346.6,2980.77
3,1.0,22.2,0.2,3.8,3.7,2.2,7.2,Lucknow,8,7.2,188.9,1359.88
4,6.8,19.8,2.0,2.8,3.2,1.9,3.6,Hyderabad,3,8.3,270.1,2242.11
4,7.4,20.0,3.0,2.5,3.5,2.4,5.1,Chennai,4,8.4,310.5,2608.46
1,4.6,23.9,6.2,6.2,0.7,2.3,3.7,Mumbai,12,8.8,389.5,3427.5
1,6.0,21.7,2.5,0.8,1.2,3.1,5.3,Lucknow,7,7.3,276.2,2016.33
6,10.3,24.0,2.8,5.1,2.4,3.3,6.5,Delhi,10,7.6,336.7,2559.27
1,8.0,14.8,5.9,0.0,5.8,4.0,6.2,Pune,9,8.1,391.9,3174.08
5,5.8,22.7,11.6,2.0,5.3,3.8,4.4,Lucknow,2,7.0,742.6,5198.52
4,6.5,17.6,3.0,3.6,4.0,4.9,7.1,Delhi,3,7.7,326.8,2516.68
1,6.4,19.8,11.2,0.9,7.0,4.5,6.5,Ahmedabad,4,7.4,646.8,4786.18
2,7.7,24.0,9.7,7.9,4.0,5.2,6.9,Bengaluru,10,8.1,651.1,5273.99
5,3.4,17.0,0.9,2.1,4.3,4.9,6.3,Lucknow,1,7.0,206.1,1442.39
6,5.3,24.0,1.6,1.9,6.0,2.3,4.5,Kolkata,7,7.8,288.1,2246.95
3,9.6,23.3,12.0,2.1,4.4,2.6,3.6,Pune,2,8.1,746.9,6049.66
4,6.8,21.7,8.2,4.7,6.3,2.7,6.8,Lucknow,5,7.3,586.9,4284.08
4,4.9,17.2,1.2,5.3,3.1,4.8,6.8,Delhi,1,7.5,225.4,1690.8
2,5.0,19.5,8.7,2.6,1.7,2.7,6.2,Kolkata,3,7.8,563.7,4396.93
3,8.8,18.9,10.5,4.1,2.8,4.3,10.2,Pune,12,7.8,684.8,5341.7
3,5.7,16.3,3.5,4.3,3.5,0.3,5.1,Kolkata,2,7.7,345.9,2663.78
6,8.3,23.3,5.5,0.6,1.2,0.0,6.7,Hyderabad,1,8.2,426.2,3494.76
6,5.4,18.8,4.3,3.3,1.6,5.0,6.2,Delhi,7,7.7,368.5,2837.14
5,4.2,19.5,10.8,2.2,2.2,3.9,5.9,Jaipur,5,7.2,635.3,4573.87
4,7.6,19.6,1.5,0.4,0.8,4.9,3.9,Hyderabad,1,8.2,231.1,1895.21
1,6.8,19.4,2.9,3.9,1.8,0.8,5.5,Pune,6,7.8,306.3,2389.13
6,8.7,21.6,8.3,5.5,4.5,3.4,7.9,Pune,5,7.8,566.5,4418.74
2,9.2,18.1,6.2,3.6,4.6,0.9,7.2,Mumbai,3,8.6,460.1,3957.17
2,6.1,23.1,6.1,0.0,0.2,4.5,7.7,Delhi,12,7.6,471.1,3580.32
2,7.9,18.2,4.8,2.6,3.6,3.2,4.8,Ahmedabad,7,7.4,400.4,2962.94
6,6.0,19.9,7.1,1.7,2.9,3.0,7.9,Ahmedabad,11,7.7,538.6,4147.2
6,8.6,16.1,8.8,7.1,5.1,4.4,3.8,Pune,10,7.8,601.1,4688.82
2,7.6,23.2,8.1,2.8,2.5,3.0,5.6,Ahmedabad,9,7.8,558.8,4358.46
6,5.4,24.0,2.4,0.3,0.5,2.9,4.0,Bengaluru,9,8.0,283.5,2267.62
1,5.2,22.1,2.9,3.4,2.0,1.0,9.5,Mumbai,9,9.0,277.2,2495.06
1,7.7,20.5,3.9,4.8,0.6,5.2,6.3,Pune,2,8.0,344.7,2757.79
5,9.9,19.9,1.7,3.7,0.0,3.3,7.9,Ahmedabad,3,7.8,266.0,2074.69
4,9.3,15.3,2.4,1.9,2.9,3.9,6.8,Delhi,7,7.7,286.1,2203.11
1,4.6,15.9,4.8,2.6,4.0,1.1,7.1,Lucknow,5,7.0,383.0,2681.21
5,4.9,22.3,2.5,5.0,3.4,5.2,3.9,Jaipur,2,7.5,309.6,2321.68
3,5.3,19.5,1.8,3.7,0.4,3.4,5.9,Hyderabad,3,8.2,259.2,2125.17
4,5.5,15.9,2.8,7.6,0.3,5.7,3.8,Hyderabad,10,8.2,295.1,2419.42
1,2.5,15.8,14.0,3.7,3.4,4.6,5.1,Bengaluru,6,7.7,780.5,6009.97
3,9.0,21.9,10.9,0.4,6.4,0.0,6.0,Kolkata,7,7.7,666.2,5129.41
5,5.9,22.6,1.5,3.1,5.6,4.3,4.1,Delhi,9,7.7,262.1,2017.83
1,8.2,15.4,0.7,2.4,2.4,4.5,3.4,Kolkata,1,7.9,173.8,1372.97
1,6.2,20.5,3.4,0.4,3.4,4.1,3.6,Mumbai,11,8.6,305.1,2623.83
6,6.9,21.2,1.1,3.8,4.8,3.4,7.2,Jaipur,7,7.2,243.4,1752.61
3,5.3,18.2,1.5,2.7,2.7,2.8,5.3,Mumbai,8,8.8,238.5,2098.54
1,6.9,23.7,4.8,3.8,0.3,3.0,3.4,Pune,12,8.2,412.4,3381.51
2,4.8,19.0,2.2,7.2,0.0,5.2,5.8,Delhi,3,7.5,261.7,1962.92
6,6.9,14.8,11.7,3.2,3.4,5.3,7.4,Pune,4,8.0,671.9,5374.95
6,10.6,19.4,1.9,5.5,2.6,2.8,5.7,Chennai,10,8.1,284.4,2303.54
1,8.3,24.0,6.0,3.1,0.0,1.9,3.1,Ahmedabad,6,7.6,425.8,3236.09
6,7.7,19.0,10.9,4.3,0.1,5.0,5.6,Hyderabad,10,8.3,644.2,5346.52
4,3.7,16.9,2.2,3.7,2.5,4.5,4.3,Lucknow,7,7.2,253.9,1827.9
3,8.4,21.9,1.2,4.0,1.9,3.4,6.4,Pune,4,8.2,245.6,2013.91
4,8.7,20.8,1.4,3.2,5.9,1.6,5.2,Kolkata,8,7.7,254.7,1961.06
5,7.7,20.0,13.2,6.4,5.8,0.6,6.3,Chennai,5,8.1,781.8,6332.32
4,7.5,21.4,1.8,4.8,1.3,4.2,2.4,Hyderabad,1,8.3,260.0,2158.37
2,6.6,17.9,1.5,3.7,6.0,2.2,6.0,Pune,4,8.2,241.9,1983.21
6,8.6,18.2,6.1,5.3,6.2,2.2,5.4,Chennai,3,8.3,476.4,3954.14
6,10.5,22.2,1.0,3.8,3.6,3.7,4.1,Chennai,9,8.5,256.5,2180.26
2,7.8,17.1,3.7,5.7,1.1,2.3,6.0,Delhi,8,7.3,319.5,2332.37
6,4.6,24.0,0.9,1.1,3.2,2.3,5.3,Mumbai,1,8.8,247.1,2174.44
4,4.8,23.7,2.6,7.8,0.0,2.0,5.7,Chennai,11,8.3,293.5,2435.97
5,8.8,16.6,10.1,3.8,1.8,4.1,3.9,Bengaluru,6,8.0,608.5,4867.81
1,4.6,24.0,2.1,1.2,3.5,1.6,6.2,Mumbai,9,8.9,255.7,2276.02
2,7.5,20.5,0.9,5.0,3.8,0.8,2.2,Hyderabad,7,8.3,213.2,1769.17
4,6.1,24.0,4.4,6.1,2.1,1.6,5.5,Hyderabad,4,7.9,384.2,3035.41
4,4.3,20.4,4.9,1.5,3.1,5.2,5.8,Hyderabad,1,8.2,399.7,3277.85
4,9.1,19.5,2.9,2.6,1.0,2.1,9.2,Hyderabad,12,8.2,318.3,2609.87
1,8.8,19.2,11.2,5.5,5.8,3.7,5.3,Bengaluru,2,8.0,724.2,5793.32
3,3.6,12.7,1.4,4.6,5.9,2.5,9.0,Pune,12,7.8,218.6,1705.41
6,8.2,22.8,3.1,2.6,4.4,2.7,8.1,Jaipur,5,7.4,353.1,2612.64
6,7.8,17.9,2.8,3.0,2.5,5.1,5.6,Chennai,12,8.1,312.8,2533.28
5,9.1,22.9,4.0,1.0,1.4,3.2,5.9,Hyderabad,11,8.2,335.5,2750.98
3,7.4,24.0,1.9,1.5,4.7,5.5,3.7,Mumbai,5,8.6,280.5,2412.67
6,10.6,18.3,2.1,0.2,3.4,5.9,4.6,Mumbai,8,9.0,267.2,2404.56
5,6.7,18.1,2.8,2.8,1.0,5.4,6.3,Chennai,6,8.1,290.4,2352.15
5,6.3,23.0,1.3,4.9,5.1,2.2,5.2,Pune,8,8.2,261.5,2144.35
4,4.6,18.6,2.7,3.0,2.1,3.3,7.6,Lucknow,2,7.0,305.5,2138.57
2,4.7,24.0,4.9,5.7,1.3,5.2,7.1,Lucknow,3,7.4,382.0,2826.78
4,4.4,17.9,1.1,2.2,4.9,4.2,6.4,Jaipur,6,7.4,222.7,1647.78
1,7.5,24.0,3.1,0.5,1.4,4.7,7.2,Pune,12,8.0,323.1,2584.9
6,6.3,19.1,3.5,5.8,3.3,4.9,6.7,Chennai,10,8.4,363.1,3050.14
5,7.8,21.0,3.5,4.2,5.6,5.0,6.0,Lucknow,3,7.4,397.7,2942.71
2,4.0,22.9,14.0,6.0,5.4,1.5,4.5,Lucknow,6,7.2,874.5,6296.53
6,4.9,21.5,4.8,2.8,3.7,2.9,9.6,Lucknow,6,7.4,420.1,3108.99
5,4.8,23.2,2.5,6.7,0.7,2.0,7.2,Kolkata,2,7.8,321.4,2507.03
5,12.4,15.6,1.8,1.3,2.0,2.8,6.7,Bengaluru,7,7.9,251.4,1985.71
4,6.6,18.8,2.1,2.9,7.8,3.3,4.4,Chennai,12,8.4,285.0,2394.06
2,6.8,20.2,1.5,4.3,4.9,3.2,10.8,Ahmedabad,2,7.8,259.5,2024.28
2,6.8,17.7,2.5,2.6,2.5,2.1,4.5,Delhi,6,7.3,273.1,1993.98
6,10.9,22.9,2.2,4.0,0.5,1.1,6.1,Delhi,1,7.6,294.3,2236.68
5,3.0,18.5,2.7,6.0,0.0,0.7,6.1,Pune,3,8.0,288.8,2310.03
2,6.9,17.7,4.5,4.3,5.4,5.7,3.3,Chennai,2,8.4,397.8,3341.16
2,2.9,22.8,1.7,3.1,5.5,4.9,6.9,Chennai,7,8.3,271.1,2250.21
6,1.1,16.9,2.3,6.0,2.9,3.5,6.7,Delhi,4,7.3,277.5,2025.43
4,5.2,17.0,3.4,4.5,2.2,0.0,3.8,Jaipur,8,7.2,266.3,1917.7
3,8.0,21.5,4.6,3.5,5.3,1.8,7.5,Delhi,6,7.5,403.9,3029.52
1,5.0,24.0,2.0,3.3,0.0,3.8,4.1,Chennai,12,8.4,262.6,2205.68
3,8.0,20.5,0.9,2.8,7.0,4.3,5.3,Lucknow,10,7.0,220.4,1543.11
2,7.3,15.2,7.9,5.2,4.5,2.5,4.4,Jaipur,4,7.5,511.9,3839.43
5,6.7,22.1,5.7,5.3,0.5,3.8,7.2,Hyderabad,5,7.9,451.2,3564.29
1,10.2,18.2,3.1,6.0,4.6,2.9,7.0,Ahmedabad,9,7.4,321.2,2376.7
1,5.5,23.4,5.2,4.4,1.6,4.7,3.7,Kolkata,7,7.8,430.1,3354.47
5,8.0,18.9,0.6,2.4,0.3,2.9,4.8,Bengaluru,10,7.9,196.5,1552.62
1,2.5,23.4,0.5,4.2,4.6,2.9,4.8,Hyderabad,9,8.1,197.9,1603.18
5,7.2,18.7,2.9,2.4,0.8,2.3,7.3,Mumbai,7,8.8,299.8,2637.87
1,6.4,17.9,4.8,3.8,0.3,4.1,4.6,Delhi,12,7.5,372.7,2795.1
6,4.0,14.2,2.9,6.3,4.0,3.6,5.7,Ahmedabad,1,7.7,305.1,2348.95
6,8.0,18.0,0.6,5.9,2.8,1.3,5.5,Delhi,12,7.7,224.6,1729.65
3,5.2,20.5,4.8,5.3,5.0,3.6,5.3,Delhi,8,7.6,411.3,3125.88
1,11.3,20.3,2.3,3.5,2.4,3.3,9.4,Hyderabad,4,8.3,304.1,2523.79
4,1.0,21.8,6.3,5.3,2.2,4.4,4.6,Lucknow,3,7.0,479.6,3357.24
5,7.6,23.7,12.0,2.2,0.0,2.9,5.5,Lucknow,7,7.0,736.8,5157.71
1,7.1,20.1,0.6,0.6,4.0,1.5,6.7,Kolkata,12,7.9,185.0,1461.46
6,6.3,20.2,1.2,4.0,3.0,2.3,5.2,Jaipur,3,7.2,247.5,1782.23
6,5.7,23.3,2.4,2.7,5.4,5.8,4.8,Delhi,8,7.6,339.9,2583.03
5,7.2,20.7,4.3,7.1,4.5,2.7,6.7,Pune,6,8.2,417.7,3424.92
4,9.7,17.2,7.8,6.8,3.7,4.5,7.6,Lucknow,5,7.0,575.8,4030.65
1,2.8,18.4,3.8,2.1,1.5,0.9,8.6,Chennai,4,8.4,291.0,2444.21
1,5.0,13.6,1.2,4.9,2.2,3.6,5.6,Ahmedabad,8,7.8,175.1,1365.98
4,4.4,17.2,3.9,0.0,4.1,0.7,4.5,Pune,8,8.1,317.8,2574.31
4,4.3,14.9,1.2,4.2,2.9,3.1,4.4,Hyderabad,12,8.3,212.6,1764.37
4,7.9,21.1,1.8,4.1,5.8,1.9,8.8,Hyderabad,1,8.2,277.1,2271.9
6,8.5,23.6,6.2,1.5,5.6,1.6,6.7,Kolkata,9,7.5,483.4,3625.86
5,9.7,17.2,2.3,3.8,2.5,1.4,4.4,Kolkata,5,7.9,256.0,2022.15
4,8.5,17.3,1.7,1.6,3.2,2.7,4.6,Jaipur,4,7.6,235.9,1793.06
5,8.7,22.8,2.6,5.2,1.4,0.1,3.8,Chennai,6,8.3,297.6,2470.29
3,3.5,18.6,5.9,3.9,2.8,0.8,5.8,Ahmedabad,6,7.7,407.1,3134.71
1,10.7,20.8,0.4,6.5,4.9,3.1,7.0,Chennai,2,8.1,210.0,1701.19
1,6.5,22.2,3.9,0.4,1.9,0.4,9.1,Mumbai,8,9.0,326.0,2934.34
2,9.6,17.9,2.8,1.8,2.3,0.7,8.2,Kolkata,7,7.5,255.6,1917.11
3,3.6,17.9,1.7,2.5,0.7,5.7,6.1,Jaipur,1,7.4,249.2,1844.29
4,6.4,18.5,3.8,4.5,1.9,5.4,4.6,Bengaluru,5,8.1,344.1,2787.6
4,9.4,15.3,2.5,4.0,4.2,1.8,6.9,Delhi,12,7.7,274.6,2114.2
6,7.1,21.5,3.2,4.4,2.5,3.5,2.5,Delhi,6,7.6,333.7,2536.41
3,5.1,21.8,3.6,2.2,0.7,1.8,4.4,Bengaluru,4,8.1,335.6,2718.19
4,10.3,20.2,2.6,0.0,3.4,1.8,7.3,Lucknow,2,7.3,299.1,2183.25
2,4.1,24.0,2.0,2.0,2.9,0.0,7.8,Chennai,4,8.1,257.0,2081.66
5,6.9,19.2,2.0,6.3,5.2,5.3,8.6,Bengaluru,1,8.0,309.4,2475.53
1,8.6,21.9,3.8,2.3,2.7,3.8,5.8,Jaipur,7,7.4,339.4,2511.9
3,12.2,21.5,0.8,3.9,1.0,4.1,8.6,Ahmedabad,2,7.7,233.6,1798.82
1,5.9,17.6,3.1,3.6,4.9,3.8,5.2,Bengaluru,2,7.7,327.0,2517.77
5,6.3,23.5,1.0,3.9,1.1,2.7,5.1,Jaipur,9,7.5,258.6,1939.84
3,5.9,20.4,4.1,0.8,0.4,2.3,6.6,Kolkata,5,7.9,362.9,2866.61
5,7.6,22.9,0.8,5.1,0.9,2.9,8.3,Pune,2,8.1,231.5,1874.75
4,8.5,16.1,1.6,3.3,1.8,5.2,7.9,Hyderabad,11,8.3,238.4,1978.72
4,9.7,20.3,3.4,8.1,0.0,3.0,8.1,Hyderabad,9,8.3,340.6,2827.22
4,8.9,18.6,2.4,2.8,0.0,5.9,7.1,Mumbai,9,9.0,284.9,2564.42
5,5.8,17.4,2.8,5.5,4.6,1.8,7.9,Chennai,1,8.4,313.6,2634.16
5,9.0,24.0,1.3,2.7,2.7,0.8,6.1,Ahmedabad,11,7.8,237.5,1852.16
5,7.2,20.6,5.0,7.3,2.7,1.6,6.6,Pune,3,8.1,403.9,3271.66
1,8.9,15.6,3.3,5.0,2.9,2.8,11.6,Pune,4,7.8,319.9,2495.55
5,9.0,18.5,2.2,0.9,4.1,5.1,7.8,Kolkata,7,7.9,285.5,2255.32
4,11.1,22.8,2.9,6.3,1.4,2.3,6.0,Bengaluru,10,7.7,328.3,2527.55
2,6.1,17.4,0.5,5.1,4.1,0.8,7.6,Chennai,4,8.4,177.8,1493.21
5,5.6,17.1,2.5,2.6,3.2,3.0,3.9,Delhi,2,7.7,269.1,2071.93
2,8.1,19.6,2.9,0.3,1.1,4.8,5.4,Pune,7,7.8,288.0,2246.37
4,10.0,21.4,2.1,5.9,4.2,3.0,5.6,Jaipur,6,7.2,279.3,2011.05
5,7.1,17.8,5.4,7.0,3.1,3.3,4.6,Delhi,3,7.7,413.6,3184.69
1,10.1,21.2,1.0,5.7,0.9,3.0,9.5,Mumbai,6,8.6,232.9,2003.29
1,8.7,20.1,5.0,5.2,1.1,2.7,6.9,Bengaluru,11,8.0,409.8,3278.11
2,6.5,20.5,9.1,4.6,4.0,6.6,7.2,Bengaluru,6,8.1,622.7,5043.77
6,8.4,12.8,4.1,5.6,5.0,5.0,5.8,Ahmedabad,12,7.8,341.8,2666.05
1,5.9,20.0,2.2,3.0,3.6,5.8,3.7,Pune,5,8.2,263.9,2163.97
1,7.6,19.2,4.4,0.0,4.8,7.3,5.9,Kolkata,4,7.9,362.4,2862.67
1,4.3,21.2,1.3,5.0,5.5,4.9,5.2,Lucknow,10,7.3,238.1,1738.12
4,6.8,18.0,9.3,4.3,2.5,2.3,4.0,Lucknow,12,7.3,580.5,4237.94
1,9.5,18.9,2.4,0.7,3.3,4.3,7.5,Hyderabad,1,8.2,260.3,2134.61
3,8.9,21.6,1.3,0.0,4.3,5.9,5.5,Jaipur,10,7.6,252.6,1919.49
5,8.6,24.0,0.3,3.7,0.7,3.8,2.4,Delhi,6,7.5,208.0,1560.29
1,7.7,16.0,2.7,3.2,5.1,2.5,6.0,Mumbai,2,8.9,280.0,2491.83
6,7.4,21.5,5.9,3.0,5.7,5.1,6.0,Hyderabad,3,8.3,475.2,3944.17
6,3.8,23.7,4.0,4.7,1.5,1.1,7.5,Bengaluru,8,8.1,365.7,2962.0
1,6.5,22.1,5.4,2.0,8.7,3.2,6.2,Delhi,10,7.7,447.2,3443.76
1,7.5,23.5,13.7,4.9,4.6,4.1,4.8,Chennai,6,8.4,796.3,6689.04
3,4.2,18.4,2.8,4.9,2.7,2.8,7.0,Pune,3,8.1,298.2,2415.54
1,2.6,23.7,2.4,0.0,0.0,3.9,4.7,Mumbai,7,8.8,267.3,2351.92
1,9.8,17.8,14.0,3.4,2.8,4.0,7.4,Chennai,4,8.4,809.4,6798.82
5,7.1,20.2,3.3,3.9,3.8,3.8,8.3,Kolkata,9,7.7,359.1,2765.05
6,7.5,18.5,1.2,5.0,3.6,2.7,2.0,Pune,5,8.0,227.3,1818.27
3,8.4,18.6,1.6,4.6,0.4,2.4,4.5,Delhi,3,7.6,240.6,1828.73
6,4.5,14.8,11.0,0.0,1.7,2.8,6.9,Pune,2,8.2,643.0,5272.71
3,6.0,14.1,3.7,3.7,4.4,0.9,6.2,Hyderabad,11,8.2,309.4,2537.24
6,10.8,23.5,6.0,3.0,4.2,5.1,8.6,Ahmedabad,2,7.6,504.5,3834.46
1,5.8,14.6,1.2,5.6,4.9,3.8,8.5,Hyderabad,3,8.3,201.5,1672.83
6,6.3,20.8,6.0,1.1,3.2,3.3,7.9,Kolkata,2,7.5,485.9,3644.42
6,5.3,16.1,3.0,3.5,2.9,2.0,2.6,Jaipur,4,7.4,314.3,2325.84
3,5.1,17.5,6.1,5.2,4.0,3.2,5.7,Chennai,2,8.5,432.9,3679.29
2,9.8,22.1,8.8,5.0,3.2,3.2,7.3,Hyderabad,10,8.1,589.4,4774.06
3,1.0,20.5,1.6,3.2,0.0,2.3,5.9,Ahmedabad,9,7.7,209.1,1610.41
3,5.9,19.6,4.8,5.9,6.0,4.6,5.7,Jaipur,2,7.6,395.1,3002.89
3,7.6,23.4,3.4,2.0,4.8,1.3,8.5,Hyderabad,9,8.2,385.3,3159.21
4,11.2,19.1,2.7,5.0,3.8,1.6,6.7,Bengaluru,6,8.1,321.8,2606.98
4,4.2,23.7,1.7,5.3,0.3,4.7,5.5,Ahmedabad,1,7.4,278.4,2060.12
4,3.7,16.8,4.4,0.8,4.7,5.3,3.6,Chennai,4,8.3,346.3,2874.4
3,4.8,16.4,1.4,6.1,2.1,3.4,9.4,Mumbai,1,9.0,230.9,2077.89
2,8.8,19.6,3.6,0.2,4.7,1.5,6.6,Lucknow,6,7.2,327.6,2359.02
3,7.3,20.0,6.8,4.2,4.1,5.0,5.1,Jaipur,4,7.2,462.4,3329.23
1,3.4,17.4,0.8,2.6,2.3,3.3,7.9,Bengaluru,3,8.1,186.9,1513.81
2,7.2,19.2,1.2,5.5,5.1,3.2,2.8,Mumbai,3,9.0,240.3,2162.75
4,10.9,24.0,1.6,4.2,0.6,5.3,9.5,Delhi,9,7.3,309.7,2260.53
6,7.7,18.8,5.4,7.1,3.1,4.3,7.2,Ahmedabad,6,7.6,451.4,3430.83
6,7.4,14.2,5.5,5.8,6.3,2.4,10.4,Bengaluru,9,7.9,432.2,3414.41
5,7.6,14.8,4.3,3.8,4.0,0.6,7.3,Pune,5,7.8,355.3,2771.03
2,8.0,24.0,4.9,5.9,4.8,2.5,6.5,Delhi,2,7.6,431.3,3277.55
4,3.8,24.0,3.8,3.3,3.2,3.7,4.8,Delhi,8,7.5,375.3,2814.43
2,6.4,18.7,12.7,1.3,3.0,4.0,5.1,Jaipur,5,7.4,765.1,5661.52
2,6.6,22.4,1.1,2.6,0.6,1.2,3.5,Ahmedabad,2,7.6,195.0,1481.66
6,5.8,20.8,1.4,3.3,2.7,2.0,10.0,Bengaluru,4,8.1,270.0,2187.18
3,8.7,23.8,0.2,0.0,4.3,0.0,6.3,Kolkata,9,7.9,184.5,1457.49
1,5.4,16.8,1.1,6.3,0.8,3.5,7.7,Bengaluru,4,7.9,197.8,1562.98
5,6.1,16.9,1.6,3.3,1.1,0.4,8.1,Hyderabad,12,7.9,231.5,1828.54
4,3.8,24.0,3.1,5.4,3.8,2.3,5.6,Delhi,12,7.7,342.9,2640.69
2,7.9,15.5,3.1,3.8,4.7,1.7,4.4,Chennai,12,8.5,275.3,2340.47
5,9.4,20.2,5.5,0.4,7.0,4.0,4.6,Delhi,4,7.3,425.7,3107.47
2,6.1,19.9,2.8,3.7,2.5,3.6,2.9,Delhi,2,7.3,297.0,2168.41
6,9.0,22.4,3.0,3.3,2.5,1.9,3.8,Lucknow,12,7.4,338.0,2501.22
1,6.6,20.4,5.4,2.1,4.7,3.2,7.1,Pune,6,7.8,427.0,3330.25
6,1.0,19.6,8.5,2.7,4.1,4.0,8.0,Kolkata,11,7.5,587.5,4405.88
5,6.9,18.9,6.8,3.6,2.5,3.5,6.0,Mumbai,2,8.9,511.9,4555.87
4,6.6,17.0,0.9,0.0,2.9,0.0,7.8,Mumbai,12,8.9,195.4,1739.23
2,7.3,19.5,10.5,4.2,1.7,6.5,7.9,Pune,7,8.1,653.0,5289.27
1,7.6,23.5,11.4,4.7,0.7,3.8,5.4,Delhi,3,7.6,674.3,5124.45
6,5.3,19.1,0.9,4.5,2.7,4.7,8.2,Mumbai,3,8.6,226.8,1950.87
5,10.7,24.0,3.2,2.9,6.0,1.9,5.7,Ahmedabad,5,7.4,335.6,2483.55
6,6.8,22.2,3.5,7.4,1.6,1.6,5.1,Kolkata,3,7.9,382.5,3021.38
2,6.5,21.4,4.5,4.5,0.1,2.2,6.2,Mumbai,2,8.9,374.6,3334.08
2,8.9,19.5,1.2,2.7,1.0,6.0,3.2,Pune,10,7.8,232.9,1816.95
4,7.0,18.1,0.7,1.0,4.1,2.5,5.9,Hyderabad,9,8.3,220.5,1830.03
1,13.4,24.0,6.6,0.8,3.9,2.9,2.0,Mumbai,2,9.0,533.8,4803.98
3,6.5,22.4,5.0,4.3,5.5,5.8,7.4,Kolkata,11,7.5,449.3,3369.88
6,7.9,19.6,2.9,4.9,5.1,2.5,3.4,Jaipur,2,7.4,318.6,2357.99
2,5.1,24.0,2.4,3.7,3.6,3.0,6.0,Jaipur,8,7.4,309.3,2288.82
5,9.2,21.9,5.4,3.4,4.3,1.0,9.0,Ahmedabad,9,7.7,448.1,3450.28
6,7.8,15.7,1.0,2.8,1.5,5.9,6.1,Bengaluru,7,7.7,210.8,1623.42
4,6.2,18.7,3.9,4.5,4.4,1.9,2.2,Bengaluru,3,7.9,331.0,2615.1
4,4.8,22.2,5.0,1.9,2.8,2.7,6.3,Mumbai,9,8.6,424.1,3646.95
2,3.7,24.0,2.8,3.5,4.7,0.0,5.5,Chennai,3,8.3,317.7,2637.13
2,8.0,24.0,1.7,3.7,3.8,2.7,7.9,Hyderabad,5,8.2,288.9,2368.61
2,3.5,20.1,1.3,4.7,2.1,2.9,5.8,Pune,9,7.8,223.7,1745.2
3,10.3,21.8,2.1,1.9,0.8,2.4,8.2,Hyderabad,12,7.9,275.2,2173.89
2,3.8,18.2,2.8,1.5,2.0,0.4,6.9,Jaipur,3,7.4,259.8,1922.63
6,6.6,17.3,1.3,3.6,3.4,3.8,7.7,Mumbai,7,8.9,223.8,1992.2
6,4.8,14.9,5.4,3.9,1.4,0.1,5.8,Kolkata,12,7.9,379.6,2999.03
1,7.1,21.2,3.6,3.5,2.7,0.5,8.6,Pune,1,8.0,325.6,2605.07
5,7.1,23.8,1.0,0.0,5.2,2.6,5.0,Hyderabad,4,8.3,226.8,1882.85
2,8.1,22.3,5.1,4.2,5.3,4.8,2.3,Kolkata,4,7.8,410.0,3197.96
6,3.2,20.3,6.1,8.6,4.0,2.9,3.8,Pune,7,8.2,510.5,4186.09
6,5.1,23.7,4.5,5.3,5.7,3.4,6.2,Hyderabad,8,8.2,404.8,3319.59
6,9.4,24.0,8.5,0.0,0.5,2.0,6.5,Ahmedabad,1,7.7,529.9,4080.53
3,8.6,17.5,0.8,2.7,5.6,2.0,6.3,Jaipur,5,7.6,208.0,1581.0
5,1.0,12.7,1.8,3.1,0.3,4.3,8.4,Delhi,7,7.7,224.5,1728.8
4,7.9,21.0,4.1,2.9,3.0,4.8,6.4,Pune,12,7.8,362.3,2825.95
6,4.4,23.2,2.7,1.0,1.4,4.7,6.7,Jaipur,4,7.6,326.1,2478.63
2,5.5,15.4,3.7,1.7,4.5,3.9,8.0,Lucknow,4,7.2,347.5,2502.31
6,6.4,22.5,11.9,5.4,0.0,3.5,2.6,Chennai,4,8.1,722.4,5851.59
5,10.9,19.0,6.8,5.0,0.0,0.8,7.4,Mumbai,12,9.0,507.5,4567.15
4,4.4,21.0,6.0,3.3,1.7,2.1,8.6,Lucknow,6,7.0,468.3,3277.84
3,3.5,17.2,3.2,5.4,1.5,1.9,7.4,Kolkata,7,7.5,310.6,2329.7
1,8.1,17.1,4.5,2.2,1.9,3.1,6.6,Pune,2,8.1,371.9,3012.15
2,6.9,16.7,6.9,2.8,1.7,4.2,7.6,Mumbai,5,8.9,480.4,4275.49
1,10.0,22.0,2.8,2.8,4.4,2.5,2.0,Mumbai,4,8.9,290.5,2585.79
3,6.1,18.1,5.7,0.4,2.8,0.0,5.7,Lucknow,3,7.3,364.2,2658.42
5,10.0,20.8,4.0,3.0,6.1,4.9,3.4,Lucknow,7,7.3,386.9,2824.59
5,7.0,20.1,4.0,6.8,3.5,1.7,6.8,Delhi,11,7.6,371.5,2823.43
3,8.3,16.5,2.9,6.6,4.8,1.7,4.0,Hyderabad,12,7.9,281.8,2226.24
6,11.1,20.2,6.0,3.7,4.2,4.0,7.7,Pune,6,8.1,475.1,3848.44
3,6.6,20.7,6.1,3.1,1.2,2.2,5.2,Jaipur,7,7.4,443.4,3280.96
2,9.6,23.2,1.8,7.0,2.0,3.0,3.4,Bengaluru,5,8.1,282.7,2289.87
4,5.5,24.0,13.7,3.0,5.0,3.5,4.1,Pune,6,8.2,854.3,7005.18
1,7.6,16.9,8.7,2.5,0.0,3.2,3.4,Pune,5,8.1,516.0,4179.33
1,3.4,21.1,1.2,5.4,4.0,2.6,5.9,Pune,7,7.8,205.0,1599.12
5,5.7,13.3,5.6,0.1,2.6,3.2,7.2,Mumbai,2,8.8,389.6,3428.39
6,4.4,22.6,2.6,3.3,1.5,6.5,4.7,Kolkata,11,7.5,323.1,2422.97
5,10.1,23.3,1.4,3.4,2.5,4.9,3.1,Mumbai,5,8.6,282.0,2425.6
2,11.3,12.0,2.4,4.5,6.2,4.4,6.0,Kolkata,6,7.7,262.9,2024.23
3,6.1,19.0,2.6,2.3,0.0,3.7,5.9,Lucknow,6,7.3,284.5,2076.91
1,5.1,17.3,6.4,3.2,0.6,5.5,5.0,Bengaluru,5,8.1,415.6,3366.08
2,3.7,19.0,2.9,3.7,0.0,4.5,4.4,Mumbai,10,9.0,286.6,2579.51
5,7.7,18.4,4.0,3.0,2.1,5.1,8.6,Kolkata,7,7.9,319.3,2522.3
5,5.5,19.9,5.4,3.1,1.8,5.1,4.8,Mumbai,10,8.6,415.8,3575.75
1,5.6,23.0,4.4,5.2,3.3,4.2,3.1,Chennai,8,8.1,388.6,3147.65
5,11.1,19.1,5.4,4.7,2.0,3.9,5.8,Mumbai,7,9.0,429.4,3864.96
6,6.3,17.0,2.2,4.5,3.9,2.7,7.1,Bengaluru,5,7.9,263.9,2084.63
5,8.5,19.4,2.4,0.2,1.4,6.0,6.9,Bengaluru,1,8.0,288.7,2309.57
4,7.1,19.2,1.9,4.4,7.2,3.0,2.8,Kolkata,5,7.7,293.4,2259.26
3,3.6,19.7,2.5,1.8,4.2,1.5,8.4,Kolkata,10,7.7,269.5,2075.09
5,2.4,18.1,1.5,7.5,4.0,3.7,6.4,Lucknow,2,7.0,242.0,1694.19
4,8.2,21.1,2.6,3.5,4.3,2.8,7.1,Bengaluru,5,8.0,306.3,2450.45
2,11.3,23.9,2.3,3.1,0.9,1.6,11.3,Bengaluru,5,8.1,326.3,2643.29
5,7.8,16.2,3.3,6.5,2.5,1.7,7.5,Delhi,2,7.3,308.4,2251.58
6,8.6,21.4,10.3,5.9,2.6,3.2,7.1,Pune,5,8.1,649.6,5261.44
2,4.7,22.9,0.7,3.0,2.1,3.2,5.5,Ahmedabad,4,7.8,216.1,1685.95
5,9.5,18.7,2.2,1.1,2.3,1.0,6.0,Mumbai,1,8.8,256.3,2255.82
1,9.5,23.8,5.0,0.0,4.7,2.5,3.6,Hyderabad,3,8.2,389.0,3189.45
4,5.3,19.8,1.9,1.4,2.9,4.5,6.2,Lucknow,1,7.0,282.6,1978.14
4,8.4,16.6,6.1,4.1,3.6,0.0,9.3,Pune,12,8.1,483.8,3918.86
1,2.6,16.2,1.4,3.2,0.0,2.6,6.9,Ahmedabad,11,7.7,203.3,1565.47
3,8.8,22.4,3.0,1.6,0.0,3.0,10.5,Delhi,5,7.3,328.9,2401.21
6,5.6,22.1,2.8,2.7,1.1,4.0,7.1,Hyderabad,4,7.9,311.5,2461.02
4,3.9,24.0,1.7,6.9,6.3,2.7,6.6,Kolkata,7,7.5,289.1,2167.89
2,8.0,22.0,3.3,5.7,7.0,2.4,5.7,Bengaluru,5,7.9,336.0,2654.48
6,2.6,19.7,6.2,7.0,5.0,3.9,9.9,Chennai,10,8.5,515.4,4380.66
4,7.9,21.4,4.5,2.1,2.2,2.9,5.1,Lucknow,4,7.0,387.2,2710.68
3,4.2,20.2,8.7,5.1,3.9,5.7,4.5,Jaipur,2,7.4,571.7,4230.66
2,3.6,19.0,1.7,4.9,5.5,3.9,4.2,Bengaluru,4,8.0,246.5,1972.27
6,7.1,18.4,7.2,6.4,6.7,4.2,10.5,Chennai,12,8.4,519.8,4366.05
2,6.6,14.8,0.3,3.5,0.7,3.1,6.3,Ahmedabad,2,7.4,161.8,1197.56
1,10.6,17.8,5.0,1.9,3.4,5.8,6.2,Kolkata,8,7.7,392.9,3025.52
5,3.8,19.9,9.5,1.7,2.4,2.2,7.0,Hyderabad,3,8.1,675.9,5474.97
1,10.4,12.0,9.1,3.5,4.2,1.3,5.5,Ahmedabad,9,7.6,537.1,4081.71
6,4.2,18.5,2.4,3.7,3.1,2.9,4.5,Bengaluru,4,7.7,290.3,2235.62
5,9.3,22.8,7.5,4.0,1.0,2.6,4.4,Bengaluru,6,7.7,577.4,4445.61
1,9.8,24.0,6.8,0.7,3.8,2.8,4.3,Hyderabad,10,8.1,426.8,3456.96
5,7.8,18.4,6.5,6.1,1.6,6.0,2.0,Jaipur,5,7.5,467.9,3509.35
4,5.0,18.3,2.0,0.8,2.9,1.8,6.1,Chennai,10,8.4,267.1,2244.06
2,3.2,17.8,1.5,6.1,3.0,2.9,2.9,Ahmedabad,1,7.4,203.5,1505.58
5,2.1,18.3,2.6,2.9,6.4,0.6,7.1,Kolkata,9,7.5,302.6,2269.34
4,11.6,23.4,5.4,7.2,3.6,5.8,7.7,Bengaluru,1,7.9,477.3,3770.3
3,6.3,24.0,2.2,0.0,2.8,0.0,4.8,Ahmedabad,8,7.6,292.2,2220.47
1,4.2,14.9,2.6,5.9,4.4,3.2,6.7,Jaipur,9,7.4,268.0,1983.06
3,4.1,17.6,2.7,1.4,1.2,1.0,7.5,Ahmedabad,9,7.7,272.3,2096.58
6,7.4,14.4,4.5,1.3,3.2,0.9,9.0,Hyderabad,1,8.1,343.9,2785.72
4,6.0,19.9,3.0,6.8,4.3,1.7,5.2,Kolkata,2,7.9,320.0,2528.3
3,2.2,18.5,1.8,5.0,4.2,1.3,3.2,Delhi,12,7.5,230.2,1726.36
3,9.2,21.1,1.7,0.5,1.9,3.4,4.2,Hyderabad,1,8.3,244.3,2027.9
4,7.8,22.0,7.4,3.9,3.7,1.1,2.7,Ahmedabad,10,7.4,523.9,3876.93
2,11.6,21.7,5.6,6.3,4.4,4.6,7.0,Delhi,2,7.3,442.2,3227.88
5,9.9,15.1,4.5,4.6,1.2,5.0,2.0,Bengaluru,10,7.9,330.8,2613.19
6,1.0,19.9,3.4,3.6,1.8,5.5,4.0,Delhi,12,7.7,330.5,2544.84
6,10.5,14.9,0.5,5.8,2.4,0.7,6.0,Jaipur,8,7.2,200.4,1442.78
1,10.0,24.0,9.2,4.2,7.7,1.8,3.8,Mumbai,5,8.8,637.4,5608.71
5,5.2,18.9,1.8,0.2,1.5,2.3,4.3,Jaipur,12,7.4,239.0,1768.62
1,5.9,15.9,1.9,3.7,3.7,2.2,7.7,Hyderabad,11,8.1,227.2,1840.17
6,8.0,18.4,5.1,4.5,2.3,4.2,3.8,Mumbai,7,9.0,443.6,3992.53
5,4.5,20.6,6.8,3.9,1.1,3.5,5.1,Hyderabad,2,7.9,479.7,3789.29
3,6.4,22.2,3.1,2.7,4.4,1.6,7.9,Lucknow,8,7.2,311.0,2239.19
2,9.5,23.9,4.0,4.4,0.2,2.6,5.3,Kolkata,11,7.5,396.5,2973.8
3,8.3,20.2,0.8,3.9,5.9,3.0,10.8,Pune,6,8.1,253.7,2054.59
2,5.3,19.0,3.3,0.0,0.9,2.7,8.2,Bengaluru,8,8.0,263.8,2110.67
4,9.6,22.1,2.6,0.8,1.7,1.9,8.3,Bengaluru,1,7.7,289.9,2231.87
1,7.8,22.0,4.2,4.1,4.1,1.3,3.2,Lucknow,1,7.3,361.4,2638.23
1,7.7,20.4,3.6,5.0,4.5,4.1,5.8,Ahmedabad,12,7.7,348.9,2686.88
4,5.7,22.4,1.3,1.9,3.5,1.2,5.4,Chennai,7,8.4,245.8,2065.08
5,7.0,18.2,5.6,5.0,1.9,4.1,5.2,Hyderabad,8,8.1,479.7,3885.32
4,5.1,19.9,4.6,4.5,0.0,3.4,4.9,Pune,3,8.2,360.8,2958.79
6,2.1,13.9,3.2,3.1,2.8,1.7,5.7,Pune,5,8.1,290.8,2355.47
4,6.3,24.0,0.8,4.4,1.3,3.8,2.0,Jaipur,12,7.4,213.7,1581.42
2,6.7,18.5,8.8,4.3,7.8,1.9,4.1,Jaipur,1,7.2,578.8,4167.26
6,7.3,24.0,3.1,5.3,3.3,3.8,9.4,Chennai,7,8.1,386.6,3131.09
4,10.0,18.0,5.6,5.3,0.4,1.8,4.9,Ahmedabad,5,7.7,374.0,2879.79
1,5.4,20.9,1.7,1.4,2.3,3.2,4.7,Lucknow,8,7.2,221.4,1594.13
3,6.1,20.2,4.8,2.0,4.5,2.9,5.9,Delhi,8,7.7,403.0,3103.11
2,8.9,18.2,3.3,6.5,5.3,2.1,6.1,Jaipur,9,7.6,344.9,2621.51
2,5.1,21.4,3.7,5.3,2.4,2.5,2.0,Ahmedabad,7,7.4,326.1,2413.32
5,7.4,23.8,1.2,4.8,2.8,2.0,6.3,Kolkata,11,7.5,268.7,2015.15
3,6.0,24.0,3.4,5.1,4.1,4.8,7.1,Bengaluru,1,7.9,382.8,3024.27
2,6.4,22.2,1.2,5.8,1.1,1.9,7.2,Bengaluru,3,8.0,242.6,1941.18
4,8.9,16.4,4.5,3.8,3.7,2.9,4.1,Ahmedabad,8,7.4,397.0,2938.09
2,6.1,15.8,4.7,2.7,3.6,0.0,9.1,Chennai,3,8.4,366.2,3075.67
2,9.0,23.4,3.4,4.6,4.1,2.0,8.9,Lucknow,8,7.3,350.2,2556.59
2,2.1,17.0,3.0,3.4,2.9,4.0,8.7,Pune,1,8.0,296.2,2369.93
5,3.4,21.8,5.4,6.6,0.0,3.7,7.6,Chennai,5,8.4,452.9,3804.32
2,1.2,20.4,2.0,6.6,3.5,3.7,5.3,Ahmedabad,4,7.4,242.6,1795.03
2,4.1,24.0,14.0,5.3,1.2,3.0,6.0,Lucknow,5,7.2,826.0,5947.0
5,11.6,21.5,2.2,0.9,6.5,3.4,8.8,Lucknow,8,7.4,305.4,2260.1
6,7.0,19.9,4.5,1.3,6.5,5.2,2.0,Hyderabad,10,8.2,382.2,3133.89
3,5.2,24.0,7.9,0.9,0.7,1.6,4.5,Mumbai,4,8.8,499.8,4398.61
6,9.0,22.5,2.5,3.9,1.3,4.8,6.9,Bengaluru,11,7.9,293.2,2316.13
1,9.3,21.7,7.2,5.3,0.0,1.7,5.5,Ahmedabad,4,7.8,491.3,3832.2
5,3.9,18.0,7.6,2.9,4.5,3.5,5.2,Pune,3,8.0,499.6,3996.71
5,13.2,16.6,4.2,2.2,1.9,1.7,9.3,Mumbai,7,9.0,385.1,3466.13
2,7.7,19.2,1.6,3.7,3.5,4.3,7.7,Kolkata,3,7.8,263.0,2051.69
2,8.0,15.5,1.4,1.9,1.9,1.1,7.9,Jaipur,12,7.4,202.8,1500.97
1,8.2,19.0,10.2,4.0,0.0,1.5,4.5,Hyderabad,3,8.3,593.5,4926.07
2,8.2,22.4,2.0,3.0,3.4,2.8,4.9,Jaipur,11,7.6,267.4,2031.91
4,5.4,22.9,5.0,2.2,5.6,1.8,6.8,Mumbai,10,8.9,438.7,3904.12
2,12.3,19.0,13.5,3.7,2.9,1.9,6.9,Mumbai,5,8.8,764.3,6725.81
2,6.3,24.0,3.5,5.3,0.9,2.8,9.7,Jaipur,5,7.5,383.8,2878.64
4,9.4,23.8,2.3,0.5,2.7,1.1,6.7,Pune,6,8.2,297.0,2435.8
1,5.8,19.9,2.8,3.8,4.0,3.2,9.3,Pune,8,8.0,306.7,2453.34
4,5.4,23.4,3.7,0.0,2.6,3.6,7.3,Delhi,10,7.6,345.6,2626.46
5,11.8,18.3,6.0,3.0,0.8,0.6,5.5,Kolkata,6,7.5,477.9,3584.02
4,6.7,20.8,0.9,4.9,7.0,3.4,4.4,Pune,12,7.8,240.2,1873.22
3,6.9,18.9,1.7,5.5,0.0,3.3,7.6,Kolkata,1,7.7,246.8,1900.55
5,7.7,16.4,3.0,2.5,7.5,3.7,5.3,Kolkata,8,7.5,296.3,2222.1
2,13.5,21.6,4.3,2.4,2.8,3.2,5.8,Mumbai,8,8.9,397.3,3536.03
5,12.4,20.0,5.0,3.0,4.8,3.5,4.3,Kolkata,9,7.5,413.5,3101.38
1,10.2,20.2,6.2,1.3,3.4,3.5,6.0,Hyderabad,9,8.2,447.0,3665.22
1,14.0,19.9,1.5,3.8,1.2,3.4,7.2,Jaipur,2,7.5,240.7,1805.16
4,4.6,17.3,3.1,1.5,5.7,3.6,5.2,Delhi,2,7.3,291.3,2126.82
5,8.6,24.0,3.1,4.6,4.2,5.3,4.6,Ahmedabad,3,7.8,344.8,2689.28
2,7.2,20.7,5.6,2.1,2.8,5.0,6.1,Chennai,1,8.1,426.4,3453.56
1,2.6,19.2,7.4,2.9,4.5,2.8,6.9,Delhi,4,7.6,467.6,3553.62
6,8.2,16.1,1.9,4.5,2.7,2.1,6.0,Hyderabad,4,7.9,257.8,2036.95
2,5.8,24.0,1.0,4.8,0.0,4.9,9.8,Delhi,9,7.3,235.1,1715.88
6,10.8,22.8,2.3,4.7,0.0,6.4,6.2,Kolkata,9,7.7,315.9,2432.31
3,6.0,20.0,0.9,4.0,3.0,3.0,7.0,Mumbai,9,8.9,229.8,2045.57
6,5.9,16.1,1.6,1.3,2.4,3.7,7.8,Chennai,10,8.5,239.7,2037.35
1,10.8,24.0,7.0,3.4,2.8,2.5,6.8,Pune,7,8.0,499.3,3994.2
4,6.8,18.9,0.7,3.2,2.3,3.8,4.1,Mumbai,2,8.9,202.6,1803.57
3,9.9,18.0,0.7,2.7,0.8,0.0,4.3,Kolkata,10,7.5,196.7,1475.02
5,8.1,19.9,1.4,3.6,0.2,2.2,3.8,Kolkata,5,7.9,245.1,1936.49
2,8.1,21.1,7.8,1.8,1.3,4.1,3.4,Chennai,4,8.4,526.4,4422.17
1,6.4,19.5,3.9,3.4,4.5,1.7,6.5,Chennai,12,8.1,373.3,3023.35
3,8.3,12.0,0.3,2.9,1.4,3.8,8.5,Bengaluru,11,7.9,151.2,1194.51
3,6.7,20.7,1.5,2.6,5.1,3.8,7.4,Lucknow,8,7.3,259.0,1890.68
1,5.0,22.8,0.6,1.3,0.9,3.9,7.4,Lucknow,2,7.2,195.9,1410.3
5,6.7,17.3,1.0,1.2,5.4,2.2,3.9,Mumbai,6,8.9,223.1,1985.57
5,10.2,24.0,6.9,6.2,2.0,4.1,7.0,Pune,5,8.0,533.4,4267.22
4,8.3,22.6,2.1,3.7,2.4,5.8,7.1,Delhi,12,7.3,328.0,2394.69
6,8.9,21.4,4.5,7.1,2.4,2.3,9.4,Kolkata,2,7.8,417.8,3258.69
5,7.0,17.0,0.0,7.2,4.2,2.0,6.7,Kolkata,11,7.7,192.4,1481.44
4,2.2,20.8,2.9,6.0,3.5,2.7,9.5,Bengaluru,10,7.7,315.4,2428.8
6,3.9,21.1,0.3,0.9,3.3,3.4,6.2,Mumbai,1,8.6,198.3,1705.76
3,6.3,19.8,1.6,6.3,2.8,1.5,6.9,Mumbai,8,8.9,244.3,2174.01
1,4.2,22.7,0.8,3.2,1.9,2.3,8.3,Jaipur,2,7.5,215.5,1616.12
5,5.7,18.9,1.6,2.9,5.2,5.2,6.5,Chennai,7,8.4,235.7,1979.64
4,5.6,19.2,1.4,2.7,3.2,4.7,3.0,Pune,9,8.0,229.4,1834.9
3,5.7,18.0,3.5,2.8,4.1,1.5,4.0,Chennai,9,8.1,306.8,2484.8
5,10.6,18.6,2.1,4.3,3.4,5.8,11.3,Pune,8,7.8,328.3,2561.06
2,6.9,19.6,2.3,8.1,2.2,2.4,6.2,Hyderabad,11,8.2,276.3,2266.07
3,9.3,19.4,2.1,0.2,7.8,3.5,7.4,Ahmedabad,12,7.4,273.0,2020.41
5,7.4,19.3,0.8,7.4,5.5,3.1,3.9,Lucknow,10,7.0,224.0,1568.24
3,10.5,22.8,4.9,6.5,1.9,4.4,6.7,Lucknow,9,7.3,435.6,3179.85
1,9.6,24.0,2.6,3.1,7.1,1.3,8.7,Pune,2,8.2,317.1,2600.49
1,5.5,16.2,1.5,2.5,4.9,2.2,2.3,Lucknow,6,7.0,206.8,1447.35
1,11.9,24.0,2.3,0.8,0.8,1.6,6.4,Chennai,4,8.1,316.6,2564.26
6,5.9,22.0,9.2,1.7,4.8,1.4,6.4,Kolkata,4,7.9,611.9,4834.37
2,7.5,17.3,1.9,2.3,3.8,1.9,6.6,Chennai,5,8.5,253.2,2151.81
1,7.9,19.0,1.9,3.3,3.3,1.7,10.2,Pune,12,8.1,263.9,2137.61
2,8.2,20.9,4.9,3.4,5.0,4.0,5.5,Mumbai,3,8.8,391.1,3441.98
1,9.0,15.0,2.4,5.0,3.7,2.4,5.1,Chennai,1,8.4,257.0,2158.79
6,5.1,19.7,2.5,4.8,0.0,2.6,5.7,Lucknow,8,7.0,278.4,1948.54
3,8.8,21.6,4.6,4.0,0.3,0.2,10.7,Bengaluru,5,8.0,369.9,2959.14
5,8.5,17.8,5.0,3.4,1.3,4.5,6.3,Jaipur,3,7.5,402.2,3016.41
5,7.0,15.6,0.6,5.8,7.0,0.4,7.2,Kolkata,10,7.9,208.5,1647.37
1,6.5,20.6,6.7,5.2,4.3,3.1,2.0,Lucknow,7,7.0,473.3,3313.43
5,5.0,24.0,4.8,4.4,4.1,5.0,6.2,Bengaluru,7,7.7,430.9,3317.67
1,8.2,17.9,1.0,2.7,3.2,5.3,5.7,Pune,1,8.0,206.7,1653.28
1,5.3,17.9,2.3,5.7,1.2,0.9,6.2,Hyderabad,12,8.1,274.3,2222.04
4,7.6,19.4,1.6,5.2,0.1,2.7,5.4,Bengaluru,9,8.1,241.6,1957.07
4,6.7,24.0,1.3,3.0,5.0,4.2,3.4,Ahmedabad,2,7.4,270.3,2000.48
4,3.7,15.0,13.0,0.0,6.3,2.4,5.5,Hyderabad,5,8.1,755.6,6119.98
2,4.7,22.3,8.0,3.7,4.4,4.6,9.0,Delhi,5,7.5,488.6,3664.18
4,8.0,18.6,3.5,2.1,2.0,0.0,6.2,Kolkata,8,7.8,300.3,2342.13
1,5.7,18.8,1.2,4.9,2.2,3.2,2.4,Lucknow,8,7.3,194.3,1418.33
6,5.6,17.0,6.2,3.9,4.4,3.7,3.7,Delhi,7,7.5,460.3,3452.49
6,5.1,19.3,1.7,0.2,2.8,1.3,6.6,Chennai,7,8.4,234.9,1972.91
3,5.2,17.1,1.9,4.1,2.7,4.2,3.9,Pune,12,8.1,256.7,2078.94
4,11.1,18.4,1.5,6.9,1.9,1.5,6.5,Kolkata,11,7.5,243.8,1828.54
6,4.2,12.6,3.6,3.2,1.7,5.4,8.5,Mumbai,6,8.8,320.6,2821.62
4,10.7,14.8,6.3,3.5,2.8,2.5,6.9,Hyderabad,6,8.1,427.5,3462.91
3,6.2,21.0,5.2,2.8,0.0,2.8,4.0,Mumbai,11,9.0,413.7,3723.56
6,5.4,23.8,2.6,3.6,4.2,1.4,6.3,Delhi,9,7.7,315.0,2425.8
1,8.0,24.0,8.8,6.6,0.0,2.5,7.5,Bengaluru,6,7.7,577.3,4445.06
2,7.1,22.8,2.3,5.6,5.1,1.9,4.5,Bengaluru,12,7.7,286.1,2203.08
4,6.5,18.5,1.6,2.3,1.9,3.5,3.8,Pune,2,7.8,224.7,1752.6
6,7.5,14.0,2.9,3.4,2.8,3.4,5.8,Delhi,2,7.6,299.2,2273.54
6,7.1,21.6,6.3,3.5,4.1,2.9,9.1,Jaipur,5,7.2,472.3,3400.49
3,6.5,15.6,7.1,4.3,2.4,3.3,4.0,Kolkata,4,7.9,525.8,4153.97
1,9.3,17.6,2.9,4.4,1.5,1.4,5.1,Hyderabad,11,7.9,310.3,2451.59
5,3.4,22.7,3.1,3.3,3.6,1.5,3.6,Bengaluru,2,8.1,318.9,2582.92
6,4.7,20.9,10.4,1.0,7.4,4.8,4.5,Bengaluru,3,8.1,646.9,5240.14
2,5.0,17.2,6.0,3.3,4.6,1.9,5.7,Mumbai,7,8.6,423.7,3644.08
3,4.4,14.9,2.2,2.8,1.5,3.4,5.7,Mumbai,8,8.6,259.1,2228.28
6,7.2,20.6,0.8,1.7,2.3,0.0,2.0,Lucknow,12,7.3,226.6,1654.14
6,8.3,21.0,1.8,5.1,2.0,3.6,5.5,Chennai,6,8.3,255.1,2117.6
3,2.1,24.0,2.4,3.5,0.9,4.7,9.5,Jaipur,11,7.2,315.7,2272.99
3,5.8,12.5,1.2,1.4,4.2,3.2,6.3,Mumbai,5,9.0,191.6,1724.58
4,6.2,20.4,4.6,7.5,2.3,3.3,5.5,Mumbai,1,9.0,383.7,3453.36
6,6.3,22.8,1.7,4.3,3.6,5.4,4.9,Kolkata,8,7.5,297.0,2227.27
5,3.8,18.7,4.2,5.1,0.0,3.4,4.2,Lucknow,3,7.2,360.3,2594.42
2,6.2,15.2,3.8,5.6,4.4,2.0,6.2,Mumbai,6,8.8,350.6,3084.88
1,4.7,17.2,1.4,2.6,1.8,2.3,6.9,Hyderabad,3,7.9,217.9,1721.67
1,6.2,20.1,1.9,4.6,1.0,2.1,9.5,Kolkata,7,7.5,259.7,1948.08
5,2.7,18.5,4.2,0.0,0.3,4.5,4.5,Chennai,7,8.3,365.8,3035.9
3,6.2,20.9,2.9,5.4,1.2,4.9,8.6,Delhi,12,7.7,317.3,2443.31
3,5.2,23.8,2.4,3.4,2.1,4.6,8.5,Kolkata,9,7.5,290.2,2176.39
3,6.3,18.8,5.9,4.6,4.8,1.9,5.2,Delhi,5,7.6,479.7,3645.93
6,7.8,23.7,2.9,3.4,2.1,3.1,4.5,Bengaluru,8,7.7,329.6,2538.2
3,6.9,19.7,5.6,7.1,5.0,4.1,3.1,Lucknow,10,7.0,442.1,3094.58
3,9.0,21.0,4.4,5.9,3.6,1.2,6.1,Chennai,10,8.4,382.1,3209.26
6,6.1,19.6,1.8,0.0,6.6,4.4,5.4,Lucknow,8,7.2,270.1,1944.76
6,8.5,21.1,1.5,4.6,2.0,4.3,8.1,Chennai,1,8.3,275.5,2286.54
5,9.8,21.6,7.7,2.9,3.8,3.9,6.7,Lucknow,12,7.2,522.7,3763.52
4,7.7,21.9,5.0,4.7,5.5,4.2,2.0,Kolkata,5,7.5,403.4,3025.33
6,6.9,20.0,1.6,4.7,4.3,2.9,5.9,Lucknow,3,7.2,257.4,1853.39
2,8.0,12.0,0.4,2.0,2.7,1.7,6.6,Ahmedabad,1,7.7,149.9,1154.43
3,7.8,21.8,0.7,3.3,2.0,4.8,5.5,Chennai,4,8.4,222.7,1870.43
4,9.5,14.1,0.7,1.5,0.0,3.1,7.8,Delhi,8,7.3,193.1,1409.8
1,9.0,18.2,2.7,6.5,2.5,2.2,4.9,Chennai,3,8.3,324.4,2692.85
5,9.0,12.8,4.2,4.2,1.2,3.2,8.1,Bengaluru,10,7.9,349.9,2764.27
4,7.1,24.0,1.1,4.4,1.9,3.2,4.9,Hyderabad,2,8.2,242.7,1989.8
6,7.9,21.3,3.3,4.1,3.1,2.3,5.3,Ahmedabad,11,7.6,307.7,2338.75
3,7.8,19.0,2.9,1.4,0.0,3.8,9.9,Pune,9,8.1,304.6,2467.57
3,4.0,24.0,2.9,4.8,1.0,5.9,3.4,Chennai,10,8.1,318.0,2576.07
3,9.7,21.6,2.7,7.1,3.8,1.1,6.2,Mumbai,5,8.9,314.0,2794.5
4,2.8,20.4,1.0,0.4,0.5,1.2,6.7,Kolkata,7,7.7,195.0,1501.27
3,8.8,21.2,0.9,3.7,2.9,4.9,4.8,Kolkata,11,7.8,224.7,1752.91
6,7.7,18.9,4.2,5.0,0.2,4.2,6.9,Lucknow,11,7.2,381.4,2746.02
4,6.3,16.3,7.8,2.0,4.1,5.5,7.5,Lucknow,2,7.4,537.2,3975.07
3,8.0,22.9,3.1,5.0,4.3,5.8,6.6,Kolkata,9,7.5,347.2,2603.85
1,8.0,19.8,3.8,3.6,5.5,4.2,6.4,Jaipur,9,7.6,361.7,2749.25
1,3.7,14.7,7.2,2.1,5.5,1.3,7.0,Ahmedabad,4,7.7,487.0,3749.93
2,10.5,21.5,6.2,0.0,3.5,3.5,4.5,Ahmedabad,4,7.8,453.3,3535.75
3,7.2,20.1,5.0,3.3,0.0,2.5,4.7,Delhi,6,7.3,413.1,3015.47
3,12.8,24.0,7.4,3.4,3.0,3.8,6.9,Chennai,10,8.1,522.1,4228.82
4,9.0,20.8,5.3,6.1,3.9,1.9,5.3,Pune,10,8.1,442.3,3582.54
4,7.1,16.5,0.8,4.2,3.2,3.8,5.9,Kolkata,10,7.9,202.5,1600.01
3,5.3,14.6,3.0,2.4,6.3,4.1,2.0,Chennai,6,8.4,292.0,2452.92
2,6.7,23.8,1.2,0.4,5.6,3.4,7.3,Ahmedabad,12,7.7,222.7,1714.59
3,7.4,19.8,4.7,5.2,3.1,3.7,8.7,Bengaluru,1,7.7,424.4,3267.55
6,10.7,17.4,0.4,3.7,4.5,4.1,7.2,Kolkata,9,7.8,213.5,1665.23
4,10.1,17.8,6.2,2.7,0.1,1.9,7.5,Chennai,2,8.3,457.3,3795.72
3,8.1,23.9,2.5,2.4,3.4,3.5,7.9,Ahmedabad,5,7.6,300.6,2284.61
4,11.4,21.4,3.5,6.0,0.5,2.9,5.6,Hyderabad,9,8.1,383.1,3102.76
3,2.0,23.3,7.3,6.3,2.6,4.7,4.2,Ahmedabad,4,7.6,526.9,4004.21
5,8.2,20.7,3.5,2.2,1.6,4.2,7.0,Lucknow,11,7.0,340.6,2383.86
4,10.1,17.5,1.1,0.0,1.7,2.2,8.1,Mumbai,3,8.6,193.8,1666.33
2,8.4,24.0,5.6,3.1,1.4,4.1,3.8,Jaipur,7,7.6,432.4,3285.98
5,3.7,18.8,4.8,4.0,2.2,5.1,7.4,Jaipur,6,7.2,353.6,2545.7
6,10.5,22.4,4.1,3.6,1.9,3.6,6.6,Lucknow,8,7.2,394.7,2841.95
3,8.9,23.3,0.9,0.4,4.3,2.5,5.8,Lucknow,3,7.0,234.9,1644.24
6,7.9,20.0,8.4,6.6,2.5,1.4,5.5,Kolkata,5,7.5,593.8,4453.45
4,7.2,16.7,2.1,0.0,2.9,0.1,6.5,Hyderabad,10,8.1,237.4,1922.83
5,12.0,18.0,0.2,2.0,3.6,4.7,4.7,Hyderabad,4,8.2,189.2,1551.06
6,8.1,22.0,6.1,1.5,3.6,1.0,12.0,Kolkata,4,7.5,477.2,3578.65
2,6.4,21.6,1.7,1.4,0.9,1.5,3.3,Chennai,4,8.1,228.7,1852.27
4,5.0,23.9,2.3,0.0,2.5,3.2,2.0,Kolkata,10,7.9,257.5,2034.2
5,8.9,23.4,2.2,3.6,3.5,3.5,6.6,Pune,8,8.1,297.8,2412.34
6,9.5,17.1,2.7,6.3,1.2,5.2,6.2,Pune,6,7.8,319.9,2495.01
5,7.1,24.0,1.2,3.2,1.0,3.6,7.1,Jaipur,3,7.4,249.0,1842.42
5,5.6,16.9,4.5,1.5,0.7,2.6,2.0,Ahmedabad,10,7.7,348.0,2679.63
6,10.3,21.8,6.5,6.3,3.4,2.6,2.3,Kolkata,5,7.5,489.3,3669.63
1,4.8,24.0,3.5,5.2,2.4,0.7,5.1,Kolkata,6,7.5,370.8,2781.09
3,11.9,20.9,3.5,1.8,2.7,5.2,7.8,Chennai,5,8.5,356.7,3031.61
4,5.2,14.7,5.9,4.1,0.0,4.3,2.4,Delhi,6,7.7,416.1,3203.89
4,3.8,19.0,2.5,5.7,3.1,3.4,6.9,Jaipur,8,7.2,283.2,2039.15
4,4.1,24.0,6.4,1.7,3.2,5.1,5.5,Jaipur,7,7.6,491.2,3733.15
5,4.2,19.4,4.0,3.7,3.5,4.6,6.3,Jaipur,5,7.6,365.0,2773.74
6,6.4,24.0,8.6,2.7,5.9,3.8,5.9,Ahmedabad,10,7.4,553.9,4098.85
3,5.8,17.1,2.4,1.1,1.5,2.9,6.0,Lucknow,6,7.2,278.2,2003.38
2,9.6,18.9,4.2,3.8,4.0,3.1,6.0,Bengaluru,4,8.1,364.8,2954.76
4,9.2,19.4,1.5,4.4,3.7,0.8,8.2,Delhi,12,7.6,261.1,1984.34
6,6.4,24.0,4.9,3.6,3.9,4.6,6.1,Ahmedabad,9,7.8,422.1,3292.41
3,14.0,19.1,2.7,1.9,2.4,2.7,8.0,Pune,4,8.0,312.9,2502.82
3,6.4,14.3,3.0,7.7,4.5,4.6,5.1,Chennai,1,8.3,312.6,2594.8
1,6.7,24.0,7.8,2.5,1.5,4.1,8.2,Lucknow,7,7.0,503.6,3525.11
6,3.8,20.7,2.5,4.6,2.1,3.2,5.5,Pune,7,7.8,304.0,2371.46
4,6.8,22.0,4.0,5.1,2.6,4.3,5.6,Lucknow,4,7.0,374.0,2617.83
5,7.7,15.2,3.6,0.0,2.5,1.8,2.4,Hyderabad,3,8.2,293.3,2404.81
3,4.0,20.8,1.0,5.2,3.7,0.8,4.2,Jaipur,8,7.4,236.5,1750.47
3,5.8,20.1,5.1,3.5,3.5,2.8,4.6,Lucknow,5,7.2,384.8,2770.83
2,7.8,17.1,3.8,3.0,3.5,3.7,2.4,Mumbai,10,8.8,332.9,2929.95
1,5.7,22.0,3.0,3.3,5.6,4.3,4.3,Jaipur,7,7.5,297.8,2233.44
3,5.2,14.9,6.7,4.7,2.6,3.1,7.4,Jaipur,4,7.6,434.5,3301.88
3,9.0,17.1,1.5,0.0,5.1,1.6,7.6,Chennai,4,8.5,240.7,2046.06
5,3.8,23.6,1.7,3.6,0.9,5.0,2.6,Delhi,8,7.3,262.5,1916.29
5,4.3,17.8,1.3,4.4,2.7,2.5,9.3,Pune,8,8.2,252.5,2070.44
2,7.4,18.5,2.8,7.8,2.9,3.6,7.7,Lucknow,2,7.0,305.6,2139.3
6,9.1,20.3,3.7,0.8,0.4,3.8,10.2,Lucknow,2,7.3,349.6,2551.94
2,7.8,18.9,1.4,4.4,3.1,3.1,8.2,Hyderabad,3,8.2,231.8,1900.94
2,6.4,22.1,6.9,2.5,3.2,0.1,9.8,Jaipur,12,7.6,478.0,3632.64
5,6.2,20.5,1.7,4.5,4.2,2.0,6.8,Kolkata,12,7.5,276.5,2073.87
6,9.5,15.5,4.3,5.2,4.0,3.7,4.4,Bengaluru,3,8.1,376.8,3051.69
5,9.1,17.8,1.0,2.0,0.4,5.4,6.5,Kolkata,1,7.9,219.3,1732.82
1,7.1,17.5,3.2,7.4,5.4,4.0,2.0,Lucknow,3,7.4,326.0,2412.26
4,6.3,18.6,10.0,6.1,2.1,3.7,5.7,Kolkata,6,7.7,646.5,4977.88
4,7.1,20.3,3.5,5.1,1.8,0.0,5.9,Chennai,8,8.1,331.9,2688.34
1,5.2,20.9,3.3,2.8,4.0,4.6,7.9,Mumbai,12,8.9,349.0,3106.38
4,6.6,12.9,5.8,2.4,4.7,4.4,6.4,Lucknow,10,7.3,385.3,2812.95
6,5.8,23.1,5.1,4.4,2.1,3.9,5.1,Lucknow,6,7.4,439.3,3250.6
5,6.7,19.7,3.2,2.7,2.9,3.4,3.2,Mumbai,5,8.6,318.7,2740.82
4,5.9,16.6,5.1,2.5,4.8,3.8,4.5,Pune,4,8.2,404.3,3315.05
6,8.3,22.9,1.6,7.3,1.1,4.8,5.6,Mumbai,3,9.0,290.3,2613.01
5,9.0,13.7,0.8,4.6,0.0,2.9,4.6,Kolkata,4,7.9,194.5,1536.31
6,6.1,15.3,2.4,5.1,4.1,3.6,2.0,Chennai,7,8.3,253.8,2106.72
1,5.0,24.0,2.0,7.3,4.8,2.5,6.0,Hyderabad,1,8.2,292.8,2401.23
2,8.8,20.4,8.0,3.7,0.0,3.0,5.1,Pune,7,8.1,556.0,4503.54
1,7.5,17.8,4.1,2.2,3.0,3.2,5.0,Ahmedabad,1,7.8,329.2,2568.05
4,6.1,20.3,5.6,1.4,2.0,3.9,6.3,Hyderabad,2,8.2,443.8,3639.13
5,10.4,19.5,2.8,6.2,3.3,2.3,5.1,Delhi,4,7.3,317.8,2320.26
6,5.6,20.1,7.1,2.8,0.0,2.8,8.2,Delhi,1,7.3,487.8,3561.05
4,2.0,21.5,3.4,0.0,0.5,3.5,4.5,Delhi,11,7.6,303.3,2305.19
4,5.2,19.4,3.4,0.0,3.9,2.8,4.4,Delhi,12,7.7,299.8,2308.52
2,11.0,21.1,2.2,0.5,2.7,3.2,4.5,Chennai,11,8.5,275.1,2338.15
4,6.2,19.5,5.5,2.7,6.0,1.2,6.4,Hyderabad,11,7.9,416.5,3290.5
2,5.7,17.5,2.2,3.0,4.2,3.8,6.3,Jaipur,9,7.4,257.3,1903.87
5,7.1,16.7,1.5,4.6,1.1,2.1,4.9,Bengaluru,12,7.7,227.4,1751.17
5,9.5,24.0,2.8,1.2,4.4,0.9,6.0,Pune,6,8.1,329.9,2672.18
6,6.8,21.9,3.7,3.9,6.4,3.4,6.8,Ahmedabad,1,7.8,356.3,2778.92
2,8.5,23.1,1.7,5.3,2.9,3.5,7.2,Kolkata,1,7.7,283.6,2184.1
1,6.5,20.0,9.6,3.2,3.8,3.7,5.8,Lucknow,6,7.0,617.4,4321.69
5,8.5,20.7,13.5,2.6,4.7,3.7,4.4,Delhi,4,7.6,817.5,6213.12
6,7.5,19.5,14.0,1.8,2.7,3.6,4.4,Ahmedabad,4,7.7,775.1,5968.34
1,6.0,23.5,1.7,5.8,0.0,5.2,6.5,Lucknow,11,7.4,266.5,1971.96
5,7.6,19.0,1.7,0.8,4.1,4.3,7.4,Bengaluru,6,8.1,274.5,2223.1
5,5.6,17.0,1.5,6.7,4.6,4.4,6.3,Ahmedabad,12,7.6,241.7,1836.7
6,3.6,21.6,0.6,3.5,5.9,3.9,5.2,Hyderabad,11,8.3,224.9,1866.29
6,7.0,19.5,3.1,1.4,0.8,4.3,4.9,Ahmedabad,7,7.4,299.5,2215.95
3,3.8,20.7,2.6,5.2,0.9,2.4,7.6,Delhi,9,7.3,287.7,2099.97
4,8.5,22.1,5.4,4.5,1.6,4.0,3.5,Bengaluru,10,8.1,435.6,3528.46
4,6.9,18.3,2.7,4.3,2.7,4.7,5.0,Kolkata,5,7.9,288.8,2281.56
1,10.6,19.3,4.9,4.9,4.1,2.7,8.9,Jaipur,9,7.2,394.2,2838.44
4,6.2,19.1,0.8,3.8,0.8,5.1,8.3,Mumbai,4,8.6,219.5,1888.06
1,6.9,23.9,5.6,4.4,4.9,2.5,6.4,Delhi,10,7.5,426.1,3195.98
5,3.3,20.0,1.5,6.2,4.8,3.7,5.0,Lucknow,2,7.3,262.1,1913.41
3,4.2,20.5,1.1,3.9,4.9,1.5,5.5,Bengaluru,3,8.0,243.6,1948.59
3,2.8,16.5,2.1,5.1,2.4,4.2,6.2,Hyderabad,11,8.2,239.6,1964.78
5,9.7,22.2,6.4,0.0,0.0,4.8,10.2,Chennai,1,8.1,454.2,3679.11
6,5.9,21.3,3.9,4.1,6.2,3.0,8.0,Bengaluru,6,7.7,356.3,2743.24
2,10.3,17.5,4.8,8.5,1.8,1.0,7.8,Lucknow,6,7.0,387.2,2710.2
2,1.0,24.0,7.0,0.0,4.4,3.1,5.7,Mumbai,1,8.6,504.2,4336.11
4,10.9,21.0,2.6,7.5,3.2,1.7,5.0,Mumbai,11,8.9,334.1,2973.77
6,6.8,18.1,6.1,4.9,5.3,3.1,5.6,Pune,3,8.1,473.7,3837.13
1,7.8,20.0,2.3,0.1,2.9,4.3,8.0,Jaipur,5,7.4,273.5,2023.88
3,4.3,18.9,4.8,3.6,3.1,3.7,9.3,Lucknow,3,7.2,414.7,2985.94
4,8.3,24.0,0.8,4.3,3.4,0.7,4.3,Mumbai,10,8.6,229.4,1972.45
5,6.1,22.8,2.2,5.3,3.8,2.5,2.0,Pune,3,8.0,300.3,2402.03
6,4.0,21.4,3.2,2.6,0.5,3.3,5.5,Pune,10,8.1,355.5,2879.61
3,4.0,24.0,2.3,4.9,6.8,5.1,8.1,Pune,3,8.1,331.7,2686.98
1,3.9,16.9,0.5,6.3,2.9,2.8,4.9,Bengaluru,5,8.0,169.1,1352.95
1,8.0,22.3,4.7,5.3,4.2,3.7,6.9,Pune,5,8.1,392.8,3181.35
2,5.4,21.6,5.8,5.9,6.0,3.3,3.8,Delhi,4,7.7,493.0,3795.84
4,2.9,19.3,3.6,2.6,3.0,2.1,5.4,Lucknow,1,7.0,319.1,2233.55
5,7.9,19.3,6.8,4.9,1.0,2.3,4.4,Delhi,5,7.3,520.7,3801.18
3,1.6,22.8,1.3,8.1,0.9,2.7,5.7,Chennai,10,8.5,239.2,2033.38
1,10.3,22.5,1.1,1.3,2.1,4.9,6.4,Mumbai,5,8.8,230.5,2028.09
3,12.0,15.7,14.0,4.3,3.7,1.8,7.4,Jaipur,4,7.2,770.6,5548.41
5,3.7,24.0,2.0,1.3,3.9,2.7,5.2,Pune,6,8.0,271.0,2167.95
3,9.6,23.4,2.2,6.0,5.3,2.1,3.7,Hyderabad,10,8.2,304.3,2495.52
4,7.9,19.2,12.8,0.0,0.0,5.0,3.0,Hyderabad,4,8.1,744.5,6030.23
2,5.7,17.6,3.3,2.4,3.4,3.6,8.2,Mumbai,7,8.6,308.1,2649.39
3,5.9,23.3,5.8,8.1,4.2,5.1,4.4,Chennai,7,8.1,485.9,3935.89
6,8.6,21.5,1.3,2.5,4.2,0.0,7.0,Hyderabad,2,8.2,249.1,2042.59
2,6.9,22.1,0.8,3.4,0.0,4.4,2.8,Delhi,3,7.3,190.5,1390.66
5,1.0,21.7,1.2,6.0,2.3,1.7,9.1,Ahmedabad,1,7.7,238.2,1834.12
2,12.2,23.6,5.0,3.2,4.6,2.1,11.6,Bengaluru,8,7.7,428.3,3297.97
3,8.1,22.6,2.5,0.0,1.4,2.7,6.7,Kolkata,9,7.8,311.8,2432.32
3,6.9,18.4,14.0,1.4,0.6,3.0,5.4,Hyderabad,4,8.1,818.8,6631.92
6,5.2,18.2,6.6,6.1,4.1,3.0,8.9,Jaipur,6,7.4,513.0,3796.05
1,6.5,21.1,1.3,6.4,3.6,1.9,5.0,Pune,9,8.2,246.6,2021.92
6,10.2,24.0,3.0,0.0,3.5,2.8,6.1,Jaipur,6,7.5,344.9,2586.93
3,7.7,19.6,1.1,1.6,1.7,2.9,2.0,Lucknow,12,7.2,216.2,1556.81
2,7.9,21.1,5.1,2.2,0.4,0.5,5.8,Bengaluru,12,8.1,411.6,3333.78
6,3.9,22.7,5.1,2.7,4.9,3.5,8.3,Delhi,12,7.3,441.8,3225.1
6,6.1,18.7,6.1,1.6,9.7,3.0,5.1,Chennai,9,8.4,456.0,3830.36
1,7.1,22.4,3.4,3.7,0.0,3.3,5.1,Bengaluru,4,7.9,304.7,2407.32
3,8.7,20.0,1.3,2.4,5.0,2.3,5.1,Kolkata,8,7.7,220.1,1694.83
3,6.0,23.7,4.9,2.6,2.7,3.0,9.9,Ahmedabad,9,7.8,401.6,3132.79
5,9.3,17.2,1.7,1.2,3.6,0.0,6.5,Hyderabad,4,8.3,236.6,1963.5
1,4.1,24.0,2.2,5.1,2.9,2.2,6.1,Chennai,5,8.5,282.1,2397.86
5,7.2,19.1,3.5,0.7,7.4,2.3,5.2,Chennai,8,8.1,339.0,2746.05
5,6.8,21.6,4.5,4.3,1.4,2.9,8.1,Hyderabad,12,8.1,428.4,3470.41
5,3.2,20.0,5.8,5.5,1.8,3.0,4.4,Hyderabad,10,8.3,449.0,3726.65
4,6.9,16.8,10.9,7.5,3.2,4.4,8.5,Hyderabad,6,8.1,654.7,5302.81
5,5.5,22.5,9.3,4.5,4.1,1.3,5.8,Hyderabad,12,8.2,650.1,5330.83
6,10.5,19.2,6.7,4.0,5.7,4.1,8.3,Hyderabad,7,7.9,506.1,3997.99
2,6.0,21.6,4.4,0.1,4.0,6.0,5.3,Chennai,3,8.3,382.3,3172.82
6,7.9,17.6,0.8,6.4,3.5,2.3,7.6,Mumbai,7,8.9,232.3,2067.51
6,3.9,19.2,4.8,3.8,2.1,4.1,7.1,Mumbai,12,8.8,398.7,3508.33
3,7.6,19.1,1.6,4.1,4.0,5.1,5.9,Jaipur,8,7.5,272.8,2046.17
4,6.0,21.7,3.9,4.3,1.6,5.1,8.7,Mumbai,10,8.6,361.0,3104.86
5,5.1,20.9,1.8,3.7,3.4,2.6,8.6,Kolkata,6,7.5,273.8,2053.73
3,14.0,19.5,4.6,3.5,2.6,4.6,4.7,Mumbai,10,8.6,382.0,3284.89
1,6.1,18.9,3.8,2.8,1.0,4.3,4.6,Chennai,9,8.3,334.5,2776.17
1,6.5,20.9,8.9,5.0,6.1,4.8,5.5,Hyderabad,6,8.1,598.2,4845.43
3,9.3,20.6,4.1,0.5,1.0,4.0,5.4,Pune,12,8.1,357.5,2896.0
2,5.1,20.4,4.8,0.5,2.2,4.8,8.1,Pune,9,7.8,384.1,2995.82
3,8.0,24.0,7.9,1.8,0.0,2.7,6.7,Kolkata,4,7.5,535.9,4019.56
3,8.3,21.7,1.8,6.0,2.7,2.3,4.2,Lucknow,8,7.3,274.0,2000.17
4,7.6,24.0,4.6,4.4,3.9,0.0,4.3,Chennai,11,8.4,414.5,3481.65
1,12.7,19.8,3.4,2.2,1.2,2.4,6.2,Delhi,4,7.7,307.1,2364.29
1,5.0,19.9,3.8,1.9,0.0,2.5,7.7,Bengaluru,2,7.9,321.2,2537.21
5,10.8,18.5,5.4,3.3,2.2,0.3,9.1,Jaipur,10,7.2,420.6,3028.6
6,8.2,20.9,0.7,4.3,2.7,3.1,6.3,Delhi,11,7.5,238.8,1790.81
3,9.3,19.0,1.7,6.2,2.5,4.6,5.8,Chennai,9,8.4,280.1,2352.87
3,7.9,18.6,2.2,7.6,6.2,1.6,5.6,Mumbai,5,8.6,292.4,2514.54
2,11.7,14.3,3.6,3.2,3.7,5.8,4.5,Hyderabad,4,8.2,325.3,2667.68
1,6.2,24.0,1.8,7.9,3.5,3.6,5.8,Delhi,2,7.6,274.4,2085.57
2,8.2,18.9,5.5,3.7,3.7,4.3,5.0,Bengaluru,1,8.1,457.6,3706.21
4,10.3,24.0,1.2,4.1,3.6,2.9,5.2,Lucknow,11,7.4,254.0,1879.88
5,5.6,19.7,0.9,5.5,2.1,1.7,7.2,Pune,7,7.8,210.3,1640.68
2,9.5,21.9,5.9,5.7,1.1,3.8,3.1,Lucknow,6,7.2,468.0,3369.68
1,7.0,20.2,8.4,6.7,7.9,4.1,2.2,Bengaluru,2,8.1,554.1,4488.36
4,3.9,21.2,9.3,0.9,2.7,2.7,4.1,Hyderabad,8,8.2,605.4,4964.29
3,3.4,17.0,3.0,3.7,3.0,3.4,7.6,Mumbai,11,8.9,316.4,2816.1
4,6.8,23.5,3.3,6.0,3.1,3.0,6.7,Bengaluru,4,8.0,352.6,2820.83
6,9.5,18.9,1.5,1.4,1.5,2.0,7.9,Jaipur,8,7.4,252.6,1869.49
2,1.8,22.8,1.0,0.0,3.4,3.5,2.7,Bengaluru,7,7.9,202.3,1598.38
1,7.5,15.6,1.4,0.5,0.4,1.9,7.0,Chennai,5,8.3,197.4,1638.48
2,9.2,17.7,0.9,3.3,4.4,4.1,3.1,Mumbai,10,8.6,208.1,1789.5
3,3.8,21.1,3.0,7.5,2.5,6.5,3.8,Hyderabad,10,8.1,339.8,2752.6
3,5.4,19.5,2.8,0.5,5.3,4.6,3.4,Pune,12,8.1,284.2,2302.1
1,8.4,21.4,7.1,1.2,4.0,2.7,3.7,Pune,8,8.1,473.6,3836.03
6,9.1,20.6,2.2,2.5,3.8,3.5,11.3,Bengaluru,9,7.7,304.3,2343.3
5,11.0,24.0,11.2,1.5,1.4,4.7,7.1,Chennai,5,8.3,733.7,6089.38
4,5.5,21.6,6.8,1.2,3.1,2.9,2.3,Delhi,10,7.7,462.3,3559.84
4,5.0,18.7,2.1,0.0,4.5,3.8,2.9,Lucknow,5,7.0,239.8,1678.75
3,11.1,18.8,3.5,2.4,3.2,4.1,6.2,Lucknow,2,7.4,357.5,2645.28
2,5.1,23.6,3.8,7.4,0.3,3.4,6.3,Lucknow,5,7.3,328.0,2394.25
2,8.3,15.4,5.8,4.6,5.0,3.3,4.7,Delhi,3,7.5,400.1,3000.62
6,12.5,21.7,0.7,5.9,4.5,4.6,9.4,Chennai,7,8.1,286.8,2323.47
5,8.9,16.7,0.7,2.3,0.0,5.6,4.2,Lucknow,10,7.2,184.4,1327.45
2,9.0,23.3,3.3,1.8,3.3,2.9,7.9,Jaipur,5,7.4,331.7,2454.61
4,10.2,18.7,4.6,4.5,4.6,4.9,7.6,Delhi,8,7.7,390.3,3004.93
2,8.3,21.6,0.3,3.7,1.8,0.8,10.8,Delhi,1,7.7,178.5,1374.49
5,9.0,20.1,9.6,3.4,0.3,3.7,10.9,Hyderabad,3,8.2,597.6,4900.08
4,6.1,15.8,2.3,6.9,0.9,0.0,7.4,Hyderabad,3,8.3,268.5,2228.62
2,9.9,21.9,0.8,1.9,2.8,1.8,6.1,Mumbai,9,9.0,225.5,2029.2
4,8.0,17.8,1.6,1.6,4.9,1.4,6.7,Jaipur,5,7.6,254.0,1930.62
3,3.3,22.4,4.3,5.2,0.8,5.5,7.2,Jaipur,12,7.5,374.9,2812.11
3,7.6,17.0,1.8,4.9,0.8,2.6,2.3,Mumbai,9,8.9,218.3,1942.7
6,1.6,20.7,4.5,1.4,2.4,2.9,3.0,Jaipur,9,7.6,370.3,2814.43
3,8.8,20.1,3.0,3.7,4.4,2.7,7.9,Kolkata,1,7.5,344.0,2580.32
2,6.4,18.2,10.8,0.0,6.5,0.8,8.7,Ahmedabad,2,7.8,694.6,5417.95
5,11.8,24.0,2.1,4.1,3.2,3.4,9.0,Lucknow,5,7.0,330.5,2313.83
4,8.2,20.1,7.4,2.6,1.7,3.1,5.6,Hyderabad,4,7.9,481.0,3799.53
1,9.3,18.7,3.8,3.0,1.4,1.8,6.7,Mumbai,10,9.0,331.8,2985.92
3,4.4,20.9,0.8,1.2,5.7,5.1,5.1,Mumbai,9,8.8,216.5,1904.97
3,8.7,15.6,1.7,5.9,0.5,5.0,9.7,Jaipur,7,7.4,254.0,1879.29
1,5.4,24.0,3.9,4.0,3.4,1.1,5.2,Delhi,6,7.6,326.2,2478.97
1,9.7,16.7,4.9,5.5,5.6,2.0,4.4,Pune,7,8.0,423.8,3390.48
2,4.2,21.7,9.1,3.3,2.7,3.7,5.7,Bengaluru,1,7.9,616.8,4872.84
4,7.3,20.2,2.9,5.9,0.8,2.3,5.2,Bengaluru,1,8.0,314.7,2517.3
3,4.1,23.5,0.5,0.0,4.1,2.7,5.9,Mumbai,8,8.6,202.7,1743.46
5,7.3,20.5,0.5,3.5,3.2,1.5,7.8,Lucknow,2,7.3,207.8,1517.01
2,12.1,18.1,1.8,5.9,3.9,1.5,6.3,Kolkata,12,7.7,278.7,2145.71
2,8.8,14.4,5.7,0.0,4.2,2.2,4.8,Lucknow,10,7.4,378.6,2801.77
5,6.9,14.7,3.2,3.8,4.0,3.2,4.7,Mumbai,11,8.9,308.3,2743.82
5,1.0,19.3,2.1,4.7,3.6,3.3,4.9,Lucknow,9,7.2,257.8,1856.37
6,5.7,24.0,5.9,2.7,4.4,1.8,2.1,Hyderabad,7,8.2,463.0,3797.01
5,8.2,15.0,7.8,5.5,5.7,1.3,7.8,Lucknow,6,7.4,556.5,4117.76
1,5.7,24.0,2.6,5.5,1.4,1.1,7.2,Jaipur,1,7.6,294.8,2240.42
3,10.6,23.3,3.3,2.3,2.5,4.5,9.1,Jaipur,1,7.6,354.7,2695.84
6,7.2,16.0,1.7,2.7,4.6,6.2,6.8,Kolkata,2,7.7,256.3,1973.44
1,9.7,16.7,11.6,1.2,2.9,3.6,3.0,Hyderabad,6,8.1,650.3,5267.75
6,7.5,17.0,11.6,4.1,0.5,0.0,6.3,Pune,6,8.1,672.5,5446.86
3,6.3,20.9,2.7,3.9,3.7,3.9,6.4,Delhi,2,7.5,300.0,2249.76
6,5.8,19.8,2.0,3.5,2.0,4.8,7.5,Hyderabad,1,8.3,257.2,2134.85
1,4.5,19.7,4.1,3.7,7.2,2.0,9.6,Chennai,10,8.5,358.2,3044.87
4,9.7,18.5,5.7,1.8,5.0,4.3,3.5,Ahmedabad,5,7.6,438.9,3335.44
3,5.9,20.5,5.8,0.6,5.3,4.6,7.1,Mumbai,5,9.0,410.5,3694.82
2,8.3,22.5,1.9,4.4,3.1,4.9,5.7,Chennai,2,8.5,275.6,2342.53
3,5.7,19.6,7.7,3.1,3.6,2.1,11.1,Kolkata,6,7.7,521.4,4014.55
3,4.3,18.0,1.8,1.4,2.3,3.1,7.8,Chennai,9,8.5,249.6,2121.55
3,8.4,23.0,2.6,2.0,1.3,3.3,5.5,Jaipur,2,7.6,326.1,2478.42
4,5.1,19.3,1.5,5.3,1.2,5.0,8.7,Lucknow,10,7.4,254.6,1883.7
1,6.0,21.7,9.6,5.2,7.3,2.4,5.5,Delhi,2,7.6,581.8,4421.77
2,3.9,19.7,1.3,4.8,3.8,4.4,7.4,Bengaluru,3,7.7,227.5,1751.71
1,5.8,23.3,1.6,3.4,0.4,3.4,5.2,Mumbai,7,9.0,247.0,2222.79
6,7.1,23.7,8.9,2.1,4.9,4.4,6.1,Bengaluru,6,7.7,599.6,4616.96
6,6.3,23.6,8.0,6.1,8.2,4.1,8.5,Lucknow,12,7.4,590.8,4371.69
6,9.0,18.3,3.9,2.9,0.0,2.0,5.3,Jaipur,8,7.5,362.8,2720.95
1,7.4,18.3,0.9,4.0,4.2,3.4,2.0,Jaipur,8,7.6,199.6,1517.1
5,14.0,22.6,4.4,1.8,0.8,2.0,4.5,Lucknow,6,7.3,437.5,3193.76
4,8.1,19.8,0.8,3.0,5.3,3.0,9.0,Mumbai,12,8.6,212.9,1831.24
5,2.7,19.9,5.3,0.0,0.0,5.6,9.2,Bengaluru,11,8.0,416.4,3331.35
6,6.5,17.9,2.2,2.2,3.2,2.4,4.6,Hyderabad,10,8.1,251.3,2035.42
4,6.7,24.0,1.4,0.5,3.9,2.1,2.8,Jaipur,3,7.5,238.4,1788.17
1,5.5,23.1,3.8,3.9,0.2,2.7,5.1,Bengaluru,3,7.7,355.1,2734.49
6,7.2,19.6,8.5,2.3,3.9,4.0,7.9,Pune,1,8.0,523.2,4185.82
1,5.4,18.1,6.7,2.9,2.1,4.0,5.6,Bengaluru,7,7.7,463.4,3567.9
4,7.8,17.9,1.9,7.8,6.4,3.5,2.0,Pune,5,7.8,258.3,2015.06
1,2.2,20.4,3.6,1.5,0.2,1.8,7.1,Pune,4,8.0,308.1,2465.0
1,9.9,21.2,0.4,3.7,4.8,2.6,8.1,Jaipur,10,7.6,201.0,1527.82
2,3.1,17.4,10.0,3.9,2.8,5.1,9.2,Mumbai,4,9.0,615.7,5541.11
5,6.3,16.3,2.9,1.6,5.6,0.7,2.0,Kolkata,4,7.5,291.7,2187.89
5,5.2,20.2,1.1,5.7,5.6,3.4,8.3,Jaipur,6,7.2,263.4,1896.62
5,7.8,22.6,4.3,6.8,2.5,2.7,6.4,Mumbai,8,8.6,404.8,3481.34
3,6.5,20.2,5.7,5.9,2.9,3.7,4.7,Mumbai,8,8.6,452.7,3893.13
2,7.6,19.3,2.6,1.6,4.8,3.2,2.7,Chennai,5,8.4,279.3,2345.85
6,9.8,16.6,2.2,2.1,4.0,0.7,2.3,Lucknow,6,7.4,250.0,1849.78
6,8.9,18.1,2.9,0.0,2.8,3.9,4.5,Lucknow,4,7.0,287.2,2010.33
6,7.1,22.6,3.2,3.1,1.3,1.5,4.4,Lucknow,12,7.4,355.1,2627.91
5,8.1,16.2,3.4,3.3,3.7,1.2,5.8,Ahmedabad,11,7.7,302.9,2332.04
5,11.9,24.0,3.1,5.1,0.8,3.1,9.0,Jaipur,9,7.6,361.3,2746.18
2,9.0,20.3,6.9,7.0,4.3,2.4,5.9,Mumbai,8,8.6,505.8,4349.81
1,6.3,15.2,1.9,1.0,5.2,1.8,2.9,Chennai,10,8.1,221.0,1790.23
5,10.2,21.5,1.6,3.8,1.3,2.4,4.0,Pune,12,8.1,273.5,2215.37
6,8.0,21.4,1.5,3.0,2.2,1.9,6.7,Kolkata,10,7.9,253.7,2004.53
1,4.6,18.7,6.7,3.2,1.7,5.3,4.5,Kolkata,1,7.7,455.8,3509.45
5,6.5,22.8,8.8,6.6,5.1,3.5,5.8,Pune,2,8.2,600.6,4925.08
4,3.3,18.1,3.4,3.7,3.1,2.8,8.3,Bengaluru,9,7.9,289.3,2285.19
3,1.3,21.9,5.9,4.6,2.3,4.1,7.3,Bengaluru,8,7.9,429.8,3395.05
5,4.6,19.9,4.0,4.4,4.3,2.7,4.9,Lucknow,3,7.0,382.6,2678.35
4,7.3,19.1,9.7,3.9,2.0,2.6,4.0,Jaipur,8,7.4,665.1,4922.0
2,7.3,24.0,3.4,2.0,2.6,4.4,9.9,Ahmedabad,12,7.4,364.8,2699.5
4,3.5,23.0,1.9,7.2,0.8,2.0,4.6,Chennai,1,8.5,277.0,2354.1
2,1.1,16.7,1.6,3.4,4.7,1.5,10.8,Kolkata,10,7.9,213.8,1689.07
5,10.7,21.1,7.1,4.6,0.8,4.0,9.2,Lucknow,4,7.4,526.8,3898.07
2,7.2,24.0,4.1,4.0,5.9,3.2,5.8,Delhi,3,7.3,386.3,2820.08
4,10.9,24.0,10.9,0.0,3.5,3.2,3.6,Lucknow,6,7.2,755.5,5439.92
3,10.7,17.3,4.7,1.4,2.7,2.5,6.1,Delhi,7,7.6,348.0,2644.71
1,8.8,24.0,6.0,3.7,3.0,3.9,8.6,Hyderabad,4,8.2,441.7,3622.29
1,7.1,22.8,0.7,1.8,6.4,0.9,5.2,Mumbai,7,8.9,222.5,1980.01
3,6.0,16.9,3.7,4.3,0.3,0.1,3.4,Pune,9,8.2,332.5,2726.73
6,8.8,20.6,7.8,1.7,0.5,2.4,4.9,Mumbai,11,9.0,539.5,4855.33
1,6.6,21.4,3.0,3.5,4.9,3.9,6.8,Lucknow,2,7.4,312.2,2310.32
5,5.5,16.8,1.1,0.1,1.2,4.9,6.9,Mumbai,11,8.9,214.4,1908.55
6,1.8,22.1,1.4,5.2,1.5,3.8,6.2,Chennai,3,8.5,277.7,2360.21
5,6.8,24.0,4.4,4.4,2.1,1.6,5.1,Hyderabad,5,8.1,384.1,3111.27
4,9.7,24.0,7.4,4.5,5.3,1.6,5.8,Ahmedabad,3,7.6,553.4,4205.51
4,10.1,20.5,2.0,3.3,4.6,4.8,5.1,Hyderabad,11,8.3,286.2,2375.66
6,7.1,19.2,0.3,2.1,2.7,4.4,6.3,Kolkata,8,7.7,200.8,1546.33
6,4.8,21.0,3.3,6.7,3.8,3.8,6.5,Chennai,12,8.3,364.8,3027.81
6,9.3,17.1,3.5,6.8,3.8,4.4,5.5,Mumbai,10,8.9,343.4,3056.38
6,7.0,18.6,2.7,3.4,1.0,3.3,4.3,Ahmedabad,8,7.8,307.8,2400.9
2,6.1,14.1,4.7,2.4,1.1,2.7,8.5,Mumbai,8,8.6,343.8,2956.63
6,3.4,21.3,0.9,0.0,0.0,2.8,6.6,Jaipur,12,7.4,215.8,1596.59
6,12.3,19.0,2.9,4.0,6.0,4.0,7.4,Jaipur,12,7.4,311.9,2308.23
4,8.8,21.9,2.1,2.2,1.7,3.4,4.5,Bengaluru,9,8.1,289.5,2344.87
5,9.1,20.4,0.5,2.5,3.0,0.1,5.8,Hyderabad,4,8.2,196.1,1608.03
4,4.8,17.0,6.5,5.4,4.1,4.3,4.5,Ahmedabad,5,7.7,452.1,3480.86
1,7.2,20.6,5.3,1.6,1.1,3.9,8.8,Jaipur,5,7.4,365.1,2701.78
2,6.8,17.9,1.7,7.3,1.3,3.5,3.8,Bengaluru,8,7.7,240.9,1854.58
2,9.0,24.0,4.5,1.5,1.2,5.1,4.0,Chennai,7,8.5,413.2,3512.37
5,10.4,17.5,1.7,0.0,0.0,1.8,6.1,Ahmedabad,9,7.8,222.2,1733.11
6,3.4,18.6,1.9,2.2,2.9,1.4,3.7,Bengaluru,8,7.9,253.0,1998.46
4,4.3,17.0,3.0,4.2,7.7,3.8,8.8,Pune,2,8.1,288.8,2339.18
1,8.6,16.7,7.3,3.8,1.9,1.9,3.2,Ahmedabad,10,7.7,475.4,3660.5
4,5.7,20.1,2.1,3.9,2.0,5.5,5.5,Lucknow,12,7.3,289.4,2112.82
6,9.0,16.3,12.1,2.9,2.3,2.0,5.2,Bengaluru,4,8.0,710.4,5683.08
6,6.1,19.4,6.9,2.5,3.6,1.9,6.6,Mumbai,6,8.9,509.1,4530.56
3,3.9,21.3,2.9,1.0,4.8,2.4,4.4,Lucknow,12,7.4,292.2,2162.35
4,2.6,18.7,8.2,3.8,1.3,2.6,6.5,Pune,2,8.1,595.7,4825.36
5,8.2,13.4,5.1,5.6,3.9,2.4,4.3,Jaipur,7,7.4,410.8,3040.0
4,8.3,24.0,4.3,3.5,2.8,2.6,4.0,Delhi,3,7.3,393.9,2875.63
2,9.4,20.8,1.6,2.0,3.6,2.5,5.5,Bengaluru,3,7.7,267.1,2056.59
1,7.8,20.8,1.6,3.8,3.9,0.7,5.8,Chennai,11,8.4,262.4,2204.0
5,1.0,19.3,1.7,6.4,1.1,3.8,5.4,Bengaluru,2,8.1,243.9,1975.39
3,8.3,22.4,2.8,3.1,1.9,2.3,5.2,Delhi,11,7.5,316.9,2377.07
1,3.4,22.8,11.1,1.0,3.9,2.8,8.7,Pune,8,8.0,665.2,5321.98
1,2.3,23.1,4.1,3.9,2.7,1.2,6.6,Pune,6,8.1,369.7,2994.32
2,2.0,20.8,4.8,4.7,4.6,0.7,6.5,Lucknow,1,7.3,414.0,3021.98
2,1.8,15.9,3.9,5.2,2.6,2.9,8.1,Ahmedabad,12,7.7,304.7,2346.41
2,7.7,21.2,3.3,4.9,5.0,5.3,3.3,Chennai,1,8.3,339.5,2818.25
5,5.2,20.8,6.2,3.8,0.0,5.3,10.2,Lucknow,7,7.4,499.4,3695.93
4,3.2,18.4,1.9,1.8,3.6,1.6,2.6,Chennai,8,8.3,246.3,2044.14
1,7.1,17.6,11.3,1.5,0.4,1.9,8.5,Chennai,5,8.1,668.1,5411.83
4,4.2,21.6,1.8,2.8,5.2,3.3,2.6,Delhi,12,7.3,272.2,1987.22
4,9.5,19.8,4.5,4.7,2.7,0.0,5.9,Lucknow,11,7.0,361.1,2527.54
2,10.6,18.8,0.8,2.2,2.3,2.1,4.8,Chennai,5,8.1,207.0,1676.7
4,6.5,24.0,3.1,2.5,1.3,3.3,9.1,Kolkata,4,7.5,354.5,2659.09
1,10.4,22.0,14.0,1.7,4.3,2.7,7.5,Delhi,6,7.7,837.4,6447.84
1,10.4,21.3,0.2,6.6,4.1,0.2,5.4,Pune,6,8.1,185.7,1504.02
6,7.2,23.7,0.9,3.1,2.4,0.3,7.1,Delhi,3,7.7,238.0,1832.94
3,11.3,21.0,3.3,4.8,4.3,0.9,6.6,Mumbai,9,9.0,345.7,3111.05
5,5.4,17.9,4.9,6.7,3.4,2.9,7.4,Mumbai,12,8.8,391.5,3445.43
4,2.1,18.8,1.1,1.6,3.2,1.7,5.6,Chennai,11,8.5,199.2,1693.38
5,3.1,22.2,3.5,5.0,4.6,5.3,4.6,Lucknow,7,7.0,364.4,2550.46
5,5.3,21.9,1.2,3.3,6.6,1.0,2.0,Pune,1,8.1,257.2,2083.37
5,8.3,21.3,4.4,6.3,3.6,4.8,5.3,Delhi,7,7.7,372.7,2869.87
6,4.1,16.6,11.1,1.9,3.6,1.2,6.3,Lucknow,5,7.4,645.6,4777.26
5,5.3,22.4,5.4,3.9,4.8,6.8,4.0,Delhi,5,7.7,433.4,3337.09
6,3.9,19.8,2.5,4.8,1.1,4.0,5.8,Delhi,2,7.5,313.6,2352.32
1,5.4,21.8,4.2,2.1,2.6,0.0,8.2,Kolkata,4,7.5,367.9,2759.44
4,10.4,17.5,4.4,3.1,2.2,4.8,6.2,Mumbai,12,8.9,398.9,3550.14
6,7.9,24.0,8.7,3.2,3.6,2.3,4.5,Delhi,6,7.3,621.2,4535.12
3,5.6,20.7,3.3,5.7,3.4,4.4,7.8,Kolkata,10,7.5,359.7,2697.75
5,10.1,18.7,8.6,7.9,6.5,3.0,6.4,Mumbai,11,8.8,604.5,5319.3
3,7.1,21.9,1.0,6.7,6.0,2.5,6.4,Kolkata,7,7.8,254.8,1987.13
1,7.3,22.6,10.4,6.4,0.0,2.6,5.1,Lucknow,11,7.2,665.4,4791.05
1,9.9,21.9,3.3,0.0,3.7,1.2,3.5,Ahmedabad,5,7.8,315.8,2463.19
2,6.1,17.0,3.6,3.8,4.4,2.3,6.5,Mumbai,9,8.6,323.1,2778.77
5,9.3,23.4,3.6,3.6,3.2,1.1,6.7,Jaipur,3,7.2,374.7,2697.54
2,9.1,19.0,1.7,5.1,2.0,2.3,4.6,Ahmedabad,1,7.8,254.5,1985.27
3,6.6,20.0,6.4,0.6,5.8,3.3,6.3,Lucknow,4,7.0,468.4,3278.79
4,3.5,13.4,6.3,5.0,3.7,4.6,7.9,Delhi,9,7.5,443.9,3329.04
2,7.0,18.6,11.4,0.0,0.9,5.2,4.0,Pune,4,7.8,688.9,5373.55
1,9.8,18.6,3.3,5.6,5.0,3.0,6.8,Lucknow,2,7.4,330.6,2446.42
5,9.0,21.4,2.3,0.2,3.9,1.3,5.8,Kolkata,10,7.8,274.5,2141.13
3,11.3,18.4,4.1,5.9,1.7,2.9,7.9,Kolkata,5,7.5,374.2,2806.32
6,5.8,15.1,3.1,5.8,1.5,2.8,8.2,Kolkata,3,7.7,297.0,2287.07
1,8.9,20.7,5.1,2.8,1.4,5.0,6.1,Kolkata,12,7.5,424.8,3186.24
6,4.5,19.2,5.3,4.4,5.4,4.3,6.0,Lucknow,9,7.4,418.3,3095.48
4,7.5,17.8,12.9,3.5,4.2,3.3,5.6,Pune,4,8.2,740.0,6068.19
5,9.8,20.3,3.0,0.5,4.9,5.3,3.9,Bengaluru,6,8.0,332.5,2660.04
4,9.3,14.7,4.3,4.6,3.4,2.2,6.8,Kolkata,2,7.8,359.2,2801.78
4,7.3,21.9,3.9,5.9,1.6,3.9,6.1,Bengaluru,6,7.9,392.7,3102.41
5,6.3,19.5,2.8,2.9,1.4,2.2,4.5,Pune,3,7.8,293.6,2289.96
5,4.5,19.2,3.0,4.8,5.1,2.3,2.1,Pune,12,8.0,307.5,2459.96
6,6.4,22.9,5.1,1.7,3.9,0.0,7.1,Ahmedabad,12,7.8,408.3,3184.47
4,3.7,18.4,1.9,5.3,2.5,3.2,5.3,Mumbai,9,8.9,241.0,2144.76
3,6.1,20.8,4.3,3.5,3.0,3.2,7.4,Jaipur,11,7.4,368.2,2725.02
6,2.5,19.6,4.5,3.5,5.0,2.8,3.3,Chennai,2,8.1,385.8,3124.8
5,3.7,24.0,2.5,4.4,4.1,3.7,6.1,Jaipur,12,7.6,333.8,2537.15
1,9.1,21.5,2.0,6.6,2.8,4.5,5.9,Lucknow,12,7.0,292.4,2046.46
6,8.9,16.6,6.5,4.6,2.9,3.0,5.6,Chennai,9,8.4,461.1,3873.59
2,6.3,24.0,0.4,1.3,1.8,3.9,9.2,Pune,5,8.1,207.4,1679.56
3,7.2,23.1,1.1,2.1,3.0,3.6,6.3,Jaipur,8,7.5,241.6,1812.02
6,7.5,20.1,1.8,3.4,2.4,4.6,2.5,Hyderabad,2,8.2,284.2,2330.66
5,8.2,18.7,4.3,4.5,2.9,3.8,5.2,Mumbai,6,8.9,400.5,3564.87
5,7.9,16.0,3.2,1.2,1.9,5.7,2.8,Jaipur,3,7.6,275.7,2095.21
3,3.7,21.3,1.9,4.2,0.3,3.4,8.8,Mumbai,12,8.6,277.4,2385.62
2,1.0,18.0,4.9,5.3,4.9,1.6,6.5,Bengaluru,12,7.7,350.5,2699.05
6,4.5,17.4,4.6,2.5,4.1,4.9,5.7,Lucknow,10,7.0,387.3,2710.93
6,6.6,22.3,2.3,7.4,2.5,4.0,3.2,Mumbai,5,8.8,281.9,2480.83
4,9.4,24.0,4.2,2.0,2.4,3.7,6.3,Bengaluru,12,7.9,406.9,3214.82
1,7.6,18.6,1.4,3.9,0.2,0.7,8.1,Kolkata,8,7.8,216.7,1690.52
5,8.3,22.4,1.7,0.0,5.1,5.2,7.2,Bengaluru,10,8.1,284.7,2306.47
6,4.8,20.6,5.1,2.9,5.5,4.5,7.1,Lucknow,1,7.4,421.4,3118.02
6,6.8,21.1,3.3,3.2,2.8,3.5,8.9,Ahmedabad,5,7.4,363.6,2690.47
6,7.2,17.5,2.1,2.6,3.7,0.0,9.1,Kolkata,3,7.8,251.7,1963.51
2,5.1,19.4,1.8,2.0,1.0,2.5,6.2,Pune,4,8.2,244.6,2005.85
1,4.3,16.7,0.5,2.5,3.2,5.9,7.2,Delhi,2,7.3,179.7,1312.15
6,6.4,16.3,5.2,4.8,1.6,3.7,9.4,Bengaluru,9,7.7,420.1,3234.59
3,8.7,21.6,4.9,0.0,1.6,1.2,4.0,Bengaluru,3,7.7,395.0,3041.27
5,4.7,18.4,2.6,0.0,2.4,2.2,7.0,Mumbai,2,8.6,293.2,2521.1
4,6.5,17.3,4.7,2.5,2.2,2.4,4.0,Pune,10,7.8,386.8,3017.19
3,10.4,16.4,7.1,3.3,2.7,4.7,5.3,Jaipur,11,7.6,458.1,3481.69
5,5.7,15.5,3.7,1.9,5.1,0.7,8.7,Hyderabad,9,7.9,333.1,2631.68
2,7.0,14.1,4.0,3.6,0.0,4.6,4.3,Chennai,7,8.5,324.6,2759.43
1,6.7,20.3,3.4,4.7,1.9,4.2,8.2,Bengaluru,6,8.1,328.1,2657.91
1,6.5,12.1,1.6,5.5,4.3,6.4,4.8,Jaipur,1,7.2,220.9,1590.76
5,11.2,21.4,1.4,6.1,3.4,3.8,8.2,Hyderabad,5,8.1,284.9,2307.49
3,7.8,21.4,0.8,0.9,1.4,1.1,8.9,Chennai,12,8.3,218.1,1810.54
4,3.1,19.7,2.4,2.0,7.2,2.9,4.2,Delhi,11,7.6,287.3,2183.81
2,10.8,20.2,7.2,1.7,8.4,1.5,7.3,Mumbai,11,8.6,533.2,4585.39
5,7.7,19.1,0.7,5.5,3.0,3.6,8.2,Jaipur,3,7.5,248.6,1864.78
2,6.1,20.7,4.2,2.2,1.0,5.6,5.1,Mumbai,1,8.8,354.5,3119.89
1,10.4,20.6,6.0,4.1,2.5,1.7,7.1,Chennai,4,8.1,448.3,3631.36
6,5.1,23.9,2.6,0.7,0.7,4.4,3.6,Ahmedabad,2,7.6,313.7,2383.75
6,11.3,24.0,5.3,2.2,3.8,2.1,10.4,Bengaluru,2,8.1,457.7,3707.0
4,7.2,24.0,7.7,1.7,4.2,0.7,4.5,Kolkata,3,7.9,529.7,4184.66
2,9.5,17.6,7.7,4.9,5.0,5.4,5.4,Hyderabad,8,8.1,517.8,4194.45
5,14.0,22.3,6.0,1.0,3.8,3.3,5.7,Pune,8,8.1,490.3,3971.33
4,7.5,21.5,1.1,7.1,3.5,3.7,6.2,Lucknow,12,7.0,258.7,1810.81
3,6.8,18.1,4.5,3.9,1.0,4.3,6.9,Bengaluru,7,8.0,405.2,3241.57
6,4.3,17.3,4.2,2.0,0.6,0.4,6.9,Kolkata,6,7.5,330.4,2478.19
5,6.7,18.9,1.6,4.2,0.0,2.6,3.8,Lucknow,9,7.0,231.2,1618.75
2,4.4,16.8,5.7,1.9,3.2,0.5,3.5,Jaipur,4,7.2,396.4,2853.94
4,6.5,15.8,2.6,1.4,4.7,2.2,9.4,Lucknow,12,7.2,273.3,1967.63
5,14.0,21.5,1.1,4.9,5.3,4.7,8.3,Delhi,1,7.5,253.5,1901.2
4,7.3,20.1,5.1,6.2,4.7,3.7,3.4,Bengaluru,8,8.0,411.4,3291.5
4,5.6,20.1,2.8,4.3,2.3,2.1,6.8,Mumbai,7,8.9,336.0,2990.09
4,6.5,22.8,4.4,1.0,6.7,3.0,7.6,Ahmedabad,7,7.7,439.0,3380.64
2,6.0,19.4,2.2,1.9,1.1,2.8,10.1,Pune,3,8.0,270.9,2167.38
5,9.6,22.5,8.6,6.6,1.0,3.5,5.1,Mumbai,4,8.8,564.0,4963.55
1,6.8,17.8,1.1,5.1,4.5,2.1,8.0,Kolkata,10,7.9,210.0,1659.07
1,11.0,17.8,2.3,1.2,5.8,2.8,7.5,Bengaluru,9,7.7,275.8,2123.78
2,6.2,20.0,4.6,2.1,6.6,3.2,4.6,Ahmedabad,6,7.4,375.0,2774.66
2,6.4,24.0,1.1,3.9,5.0,3.6,5.3,Lucknow,5,7.4,248.3,1837.44
6,4.8,23.9,5.5,3.2,4.5,3.3,4.5,Bengaluru,3,8.0,449.0,3592.22
4,6.0,23.3,2.9,7.7,4.6,0.5,6.7,Lucknow,9,7.0,319.2,2234.21
5,2.7,15.9,1.2,2.0,2.4,1.1,2.9,Jaipur,5,7.6,194.5,1478.17
5,1.7,20.4,4.7,4.7,1.4,3.9,5.6,Delhi,5,7.3,396.0,2890.74
3,8.6,22.5,1.8,4.1,3.5,2.6,5.3,Chennai,4,8.3,269.5,2236.71
3,2.6,24.0,0.5,0.2,0.0,2.3,2.0,Bengaluru,4,7.9,189.6,1497.51
1,8.0,14.9,4.3,0.0,2.4,2.6,6.6,Kolkata,12,7.7,333.0,2564.26
3,5.7,22.2,7.0,2.7,1.9,2.6,7.4,Lucknow,1,7.3,491.8,3590.46
3,9.3,23.2,7.7,4.3,4.2,0.3,3.1,Mumbai,7,8.8,539.3,4745.99
1,2.7,21.4,0.7,6.7,3.4,5.6,6.0,Jaipur,9,7.5,207.8,1558.26
6,8.5,15.9,2.8,1.9,6.0,2.8,3.2,Kolkata,3,7.5,301.6,2261.95
1,7.8,20.8,7.6,4.4,4.6,3.0,6.2,Pune,12,7.8,504.8,3937.29
3,7.9,21.3,11.6,2.9,1.7,3.1,8.3,Chennai,2,8.1,784.8,6357.2
5,9.8,20.5,0.6,7.0,4.3,4.4,5.0,Jaipur,3,7.2,259.7,1869.5
3,7.2,17.9,3.7,3.4,0.0,4.0,5.4,Delhi,1,7.5,326.3,2447.36
4,1.0,17.6,8.3,2.6,4.5,2.9,10.2,Chennai,6,8.1,553.4,4482.44
4,8.1,21.4,1.6,3.8,1.5,1.7,4.5,Lucknow,11,7.2,259.6,1868.84
4,7.8,18.0,6.2,3.9,1.8,4.9,4.1,Kolkata,11,7.5,465.0,3487.69
6,6.4,18.0,7.6,6.3,5.7,3.1,6.0,Pune,7,7.8,553.9,4320.74
2,4.9,19.6,0.9,3.5,3.8,3.9,10.8,Hyderabad,11,8.1,227.6,1843.44
4,6.1,20.5,2.7,4.4,2.6,1.4,6.5,Delhi,11,7.6,309.6,2352.69
5,10.6,23.1,5.4,0.2,5.0,4.0,4.7,Ahmedabad,2,7.6,430.3,3270.65
6,4.7,16.4,2.0,1.2,5.9,0.9,7.2,Lucknow,8,7.3,259.7,1896.02
2,2.6,16.1,10.0,2.7,1.0,2.4,7.5,Hyderabad,6,8.3,570.8,4737.96
2,3.3,18.9,2.4,3.7,1.6,3.2,7.2,Bengaluru,4,7.9,273.3,2159.37
4,6.9,14.6,5.0,2.0,4.6,5.6,7.6,Pune,5,8.1,406.4,3292.16
3,11.2,21.8,4.5,4.1,3.6,4.0,7.9,Mumbai,8,9.0,413.2,3719.05
1,12.5,14.0,1.6,2.5,0.0,5.2,5.7,Ahmedabad,3,7.7,226.6,1744.83
3,8.6,22.1,3.8,6.9,6.6,3.7,5.7,Kolkata,3,7.7,383.9,2956.06
3,4.5,23.3,1.6,3.1,2.0,1.3,7.7,Pune,11,8.2,274.6,2251.98
2,4.8,20.8,3.4,4.4,1.0,1.3,2.0,Chennai,4,8.4,320.0,2687.76
2,9.2,14.4,0.5,3.1,3.0,4.1,2.0,Jaipur,1,7.4,162.8,1204.58
6,10.3,20.3,3.1,3.3,4.8,1.5,4.8,Chennai,9,8.4,327.5,2750.95
6,5.4,17.6,2.8,4.6,5.3,0.7,5.3,Chennai,8,8.1,307.8,2493.35
2,10.6,16.4,5.4,3.8,3.1,1.5,7.4,Bengaluru,8,7.7,431.1,3319.6
5,6.4,21.7,3.8,2.5,8.1,3.4,5.0,Delhi,10,7.3,377.9,2758.66
5,8.8,22.3,3.4,4.2,8.6,1.8,8.3,Mumbai,6,9.0,374.9,3374.29
1,9.9,23.9,3.2,3.2,3.9,4.9,6.3,Ahmedabad,7,7.8,325.0,2535.22
2,3.3,19.1,1.8,4.7,2.9,3.6,4.4,Delhi,6,7.5,264.9,1986.56
4,8.1,20.5,6.0,5.8,2.3,3.3,8.5,Pune,9,8.2,438.5,3595.33
6,10.6,24.0,1.5,5.5,2.7,3.6,6.6,Chennai,3,8.4,271.6,2281.11
2,5.6,24.0,2.5,1.4,6.0,3.9,3.4,Bengaluru,3,8.1,291.2,2358.54
5,4.4,23.2,8.4,0.0,3.7,3.9,7.5,Pune,3,8.2,582.2,4774.09
2,8.2,19.0,2.9,8.0,4.7,1.8,7.5,Jaipur,10,7.6,315.6,2398.49
5,7.3,20.0,2.4,4.5,4.4,4.9,3.4,Mumbai,3,8.6,290.6,2498.89
2,6.2,19.5,3.1,4.3,4.2,3.9,6.2,Ahmedabad,9,7.6,306.6,2329.84
4,7.0,22.1,6.5,2.1,5.2,2.4,7.2,Jaipur,12,7.6,525.0,3990.21
1,2.8,17.5,3.1,0.0,4.7,4.2,2.7,Bengaluru,4,7.9,281.5,2224.17
4,8.0,21.0,2.3,0.0,4.0,1.0,8.1,Mumbai,7,8.9,293.1,2608.17
5,11.0,21.0,1.2,2.8,6.7,4.3,4.6,Pune,9,8.0,284.5,2275.95
6,5.2,21.2,4.2,3.8,0.4,3.4,4.3,Chennai,11,8.3,405.3,3364.1
6,4.9,16.9,6.4,6.9,3.6,0.0,5.4,Chennai,12,8.5,446.0,3790.64
3,7.4,20.7,2.1,4.0,1.9,6.0,7.4,Lucknow,7,7.3,285.7,2085.9
4,14.0,24.0,4.9,4.8,4.8,1.0,8.0,Chennai,9,8.1,459.5,3722.21
2,9.7,18.6,3.2,2.4,0.0,3.9,9.3,Hyderabad,12,8.2,318.4,2610.51
1,6.8,20.8,4.6,2.6,3.5,5.1,4.2,Chennai,3,8.1,368.4,2984.28
2,7.1,14.5,1.2,0.6,4.0,0.0,6.7,Hyderabad,4,7.9,170.2,1344.48
2,10.0,20.8,2.3,1.0,5.4,3.3,7.4,Kolkata,8,7.5,306.0,2295.23
4,4.7,20.6,6.5,1.0,2.2,4.3,7.0,Hyderabad,6,7.9,504.1,3982.49
1,8.5,20.3,1.5,2.8,8.6,4.7,4.0,Mumbai,5,8.8,262.6,2310.57
3,4.2,22.2,1.1,0.2,1.8,4.8,6.5,Jaipur,4,7.2,222.5,1601.91
2,9.3,19.2,0.5,1.9,0.7,4.4,6.6,Mumbai,8,8.8,186.6,1642.29
1,6.3,23.5,1.3,3.4,4.2,2.5,4.7,Jaipur,1,7.5,241.2,1809.21
3,7.5,17.4,2.0,0.0,2.7,3.7,7.0,Lucknow,9,7.0,266.0,1861.71
2,6.1,24.0,5.0,6.5,6.7,6.0,6.4,Kolkata,1,7.9,449.7,3552.99
1,8.7,20.6,1.1,7.1,0.0,4.9,3.3,Jaipur,8,7.2,208.1,1498.44
4,6.6,19.8,5.6,5.6,3.1,2.0,7.3,Jaipur,4,7.2,470.1,3384.59
6,12.4,15.7,2.6,4.3,4.6,4.6,6.2,Bengaluru,9,7.7,319.1,2456.97
6,10.5,16.7,1.2,4.2,1.7,5.0,2.2,Delhi,11,7.3,220.8,1611.6
2,3.7,21.1,5.1,4.6,0.2,1.7,5.4,Delhi,5,7.7,401.6,3092.0
2,7.5,17.8,2.9,3.7,5.9,3.0,6.2,Bengaluru,3,8.0,304.5,2435.72
1,8.8,23.0,2.7,3.9,1.3,2.6,4.6,Chennai,9,8.1,304.4,2466.02
6,5.9,20.9,0.7,0.2,5.1,4.4,6.6,Bengaluru,11,8.1,210.1,1702.1
2,10.0,15.7,6.7,3.7,1.2,2.4,5.4,Jaipur,9,7.6,452.8,3441.27
3,9.7,22.3,9.5,4.5,2.4,2.1,8.1,Jaipur,4,7.5,578.7,4340.24
2,6.8,19.5,5.7,4.2,4.5,4.6,6.5,Bengaluru,11,8.0,464.2,3713.77
6,9.5,19.9,2.8,5.8,3.7,1.2,9.8,Bengaluru,4,8.0,318.4,2546.88
5,1.0,23.1,1.8,6.4,1.1,3.3,3.1,Chennai,12,8.5,278.9,2370.6
6,10.4,15.8,6.5,2.4,4.1,1.9,6.6,Mumbai,8,8.8,481.9,4240.36
3,9.2,16.6,2.1,1.2,0.0,4.6,6.0,Kolkata,2,7.7,245.7,1892.11
1,4.3,21.0,1.1,6.0,0.6,2.1,6.8,Pune,9,8.2,213.4,1749.54
3,7.6,14.9,9.4,4.8,6.5,3.1,8.6,Jaipur,6,7.2,600.1,4320.44
5,1.9,18.2,6.2,2.4,2.7,0.0,3.1,Kolkata,9,7.9,452.6,3575.19
5,5.1,22.9,3.0,3.1,4.4,3.0,7.2,Bengaluru,8,8.1,347.3,2812.85
2,9.7,19.7,4.7,2.9,4.4,2.7,6.7,Chennai,7,8.4,402.9,3384.46
2,7.0,15.9,3.3,4.0,2.3,3.1,4.2,Hyderabad,1,8.2,296.7,2432.88
6,6.8,20.6,1.3,6.4,3.2,5.0,8.4,Chennai,12,8.1,279.5,2264.33
4,7.1,18.8,2.1,1.7,0.7,3.9,6.1,Ahmedabad,3,7.8,244.0,1902.84
3,6.8,17.9,1.5,4.1,3.3,3.6,4.5,Ahmedabad,11,7.4,239.7,1774.14
6,9.5,24.0,5.1,4.0,2.0,1.9,6.9,Kolkata,2,7.8,440.4,3435.18
4,5.5,21.7,2.0,0.0,7.2,6.2,7.9,Delhi,5,7.7,270.2,2080.71
6,8.0,19.1,6.5,8.5,1.6,0.2,6.6,Ahmedabad,5,7.8,481.2,3753.39
5,4.1,22.7,4.8,3.9,4.0,1.2,5.1,Ahmedabad,5,7.6,435.9,3312.49
2,8.9,19.1,3.3,5.8,2.5,1.9,4.4,Mumbai,4,8.9,332.8,2961.71
2,6.2,18.4,2.0,0.3,4.6,3.3,4.4,Hyderabad,5,7.9,256.0,2022.52
6,6.9,20.9,3.7,7.4,0.3,3.1,7.6,Mumbai,3,9.0,360.0,3239.94
2,6.1,21.5,5.6,2.8,2.7,1.9,7.9,Hyderabad,12,8.2,398.2,3265.04
1,6.4,22.8,0.5,0.0,4.2,3.3,5.5,Lucknow,1,7.0,210.0,1469.85
6,4.5,24.0,1.9,0.7,3.5,4.7,10.7,Pune,5,8.0,284.9,2278.83
5,7.8,23.6,6.9,1.0,4.0,3.1,5.5,Jaipur,9,7.5,503.1,3772.91
6,8.4,22.6,2.9,2.0,1.3,1.1,5.9,Ahmedabad,9,7.4,304.1,2250.35
6,3.7,22.9,7.1,0.9,2.3,2.8,5.2,Jaipur,4,7.6,534.7,4063.74
2,5.5,23.6,7.3,5.1,3.0,1.8,5.8,Ahmedabad,3,7.7,523.8,4033.04
5,7.1,22.1,2.5,3.9,4.6,0.9,5.9,Mumbai,1,8.8,304.3,2677.92
6,5.5,15.2,1.1,4.5,5.8,3.1,7.2,Pune,2,8.1,232.1,1880.11
2,6.4,21.5,0.4,4.4,0.0,1.6,5.6,Mumbai,8,8.6,186.4,1603.3
3,11.0,24.0,6.4,3.0,2.4,2.5,7.2,Mumbai,1,8.6,477.0,4102.29
5,4.5,17.6,3.8,0.4,1.7,3.6,2.8,Hyderabad,8,8.2,307.8,2524.24
4,1.2,18.8,1.9,0.5,1.5,3.5,4.8,Delhi,7,7.6,222.8,1693.2
1,5.5,19.8,4.0,0.6,3.5,4.8,5.4,Chennai,8,8.1,358.4,2903.11
4,6.2,20.6,2.0,1.3,3.1,0.4,5.5,Kolkata,12,7.9,274.6,2169.25
5,5.8,18.3,7.2,6.9,0.8,2.7,2.3,Jaipur,6,7.2,457.8,3296.08
6,7.7,20.2,2.9,0.5,0.7,4.5,7.8,Lucknow,12,7.3,312.4,2280.46
2,4.4,21.5,1.3,6.5,3.9,0.5,3.1,Ahmedabad,9,7.8,235.4,1835.93
5,4.1,14.0,4.6,1.4,0.8,2.7,4.7,Mumbai,3,8.8,335.3,2950.84
1,5.3,20.2,1.0,0.8,1.6,3.3,5.9,Delhi,10,7.3,191.9,1401.14
5,5.4,18.9,1.8,4.3,4.8,1.4,10.1,Mumbai,4,8.8,268.4,2362.04
2,12.3,14.9,8.5,6.0,3.3,2.0,5.9,Pune,6,8.2,535.2,4388.57
4,10.9,21.7,6.3,0.3,6.1,1.2,6.9,Hyderabad,8,8.1,479.1,3881.0
3,2.8,20.9,8.3,3.3,2.8,3.4,3.0,Lucknow,5,7.2,515.7,3712.87
4,2.2,20.5,1.4,5.9,7.5,0.0,4.3,Chennai,3,8.5,237.8,2021.36
2,6.8,21.8,0.6,5.3,2.6,1.9,4.6,Pune,6,8.2,203.7,1670.24
2,11.8,21.0,5.2,0.4,5.4,1.9,4.9,Bengaluru,4,7.7,407.0,3134.21
1,8.7,17.8,1.6,3.1,1.3,4.4,8.0,Lucknow,9,7.2,246.9,1777.9
5,6.9,22.2,3.8,0.3,1.7,0.7,4.9,Mumbai,3,8.9,339.3,3019.55
5,5.9,22.7,3.1,4.2,6.4,4.9,7.2,Pune,4,8.1,367.6,2977.92
4,9.7,16.7,3.9,3.8,1.6,4.1,4.5,Chennai,7,8.5,300.0,2549.87
3,7.4,22.6,6.1,4.6,2.6,4.6,5.4,Delhi,7,7.6,468.2,3558.44
3,11.3,19.1,3.0,1.6,1.7,2.4,2.0,Delhi,12,7.3,274.5,2004.16
1,2.8,21.8,5.6,2.1,5.2,2.4,5.9,Jaipur,12,7.6,445.2,3383.23
2,8.1,20.5,6.0,5.5,0.6,1.8,6.0,Chennai,4,8.5,485.4,4125.5
1,5.6,19.5,3.2,5.6,5.6,3.9,5.6,Delhi,6,7.5,323.5,2426.61
5,8.0,21.6,1.2,6.8,3.5,2.5,9.9,Pune,12,8.2,289.0,2369.96
6,7.6,19.0,8.3,6.3,3.4,1.8,5.9,Jaipur,3,7.5,547.5,4106.46
6,8.3,23.2,7.0,0.2,2.9,2.5,2.0,Delhi,6,7.7,524.5,4038.97
6,9.4,23.7,4.0,5.9,5.5,3.6,3.6,Lucknow,12,7.2,418.5,3013.36
2,10.5,18.4,1.4,3.4,2.6,1.1,5.9,Hyderabad,2,7.9,231.0,1824.8
1,11.9,19.5,2.3,5.0,1.6,1.6,5.8,Bengaluru,8,8.0,278.6,2228.76
4,7.0,18.9,7.3,2.8,4.0,5.0,4.4,Chennai,2,8.5,512.9,4359.64
5,5.6,21.1,3.0,1.7,2.8,1.6,4.0,Pune,11,7.8,312.6,2437.93
6,3.9,23.9,4.0,2.9,6.9,5.2,8.8,Ahmedabad,7,7.6,402.2,3056.9
3,8.1,15.0,7.0,3.6,4.8,2.2,8.0,Mumbai,9,8.8,524.6,4616.16
1,9.1,15.7,3.0,4.1,3.7,1.0,8.3,Pune,1,7.8,318.9,2487.16
5,3.6,19.7,1.9,5.4,5.9,5.1,4.7,Delhi,8,7.5,287.1,2153.49
5,9.9,20.6,0.8,1.4,0.1,5.6,7.4,Pune,7,8.0,246.2,1969.23
3,6.7,17.2,4.9,1.3,4.1,2.1,2.0,Ahmedabad,6,7.6,353.4,2686.07
3,3.9,20.5,4.9,0.2,3.2,4.6,5.2,Mumbai,6,8.8,402.7,3543.63
3,4.9,17.8,13.8,3.1,2.6,3.2,4.9,Jaipur,6,7.6,808.9,6147.34
6,4.6,18.7,4.8,1.8,2.4,3.2,5.5,Delhi,9,7.3,378.8,2765.19
6,4.7,23.8,1.8,2.8,5.2,3.5,6.2,Kolkata,2,7.5,316.8,2375.69
1,8.4,19.0,1.7,3.5,0.0,3.0,5.7,Delhi,1,7.5,253.0,1897.34
3,9.2,18.9,2.0,0.0,3.9,3.2,3.7,Bengaluru,12,7.9,259.8,2052.1
4,11.2,20.4,4.0,2.4,0.1,3.0,4.5,Kolkata,6,7.5,350.3,2627.04
5,5.3,23.3,1.9,4.2,2.5,2.1,7.0,Bengaluru,10,8.1,263.3,2132.67
3,7.9,19.9,2.5,3.6,2.9,1.9,6.7,Ahmedabad,11,7.7,279.0,2148.43
5,5.4,18.3,0.4,2.8,6.2,1.3,9.2,Chennai,8,8.5,215.4,1830.79
2,7.1,21.7,8.8,3.4,1.9,0.2,6.6,Mumbai,3,9.0,563.0,5067.16
2,3.3,22.4,4.7,3.0,3.1,2.9,9.0,Hyderabad,12,8.2,413.1,3387.36
3,4.2,23.4,3.0,1.5,0.5,1.7,3.1,Jaipur,10,7.4,306.9,2270.7
5,9.0,19.9,1.1,1.2,4.0,0.5,7.2,Hyderabad,1,8.3,208.8,1733.13
2,3.3,21.4,1.1,8.9,0.3,1.8,7.5,Lucknow,9,7.2,226.7,1632.09
3,8.5,22.4,1.2,4.8,0.0,2.2,7.0,Lucknow,1,7.3,231.1,1687.08
5,5.3,20.5,9.5,5.7,0.0,2.2,3.6,Ahmedabad,3,7.8,625.9,4881.74
3,2.2,24.0,3.7,4.7,2.4,5.1,6.6,Chennai,8,8.4,375.5,3154.31
6,1.0,22.0,3.7,6.3,2.5,2.1,5.3,Lucknow,3,7.0,353.2,2472.36
5,10.7,24.0,3.5,4.6,5.3,5.2,7.2,Delhi,4,7.5,410.5,3079.06
2,2.2,22.8,4.8,0.0,6.0,1.9,5.8,Pune,8,8.2,405.3,3323.17
3,6.8,14.2,3.2,1.8,6.0,3.7,4.9,Bengaluru,1,7.7,291.2,2242.5
2,7.9,18.8,7.6,4.0,5.3,1.5,10.6,Lucknow,6,7.4,539.3,3990.81
3,3.7,15.1,0.6,3.9,7.2,5.6,4.5,Ahmedabad,1,7.6,182.0,1383.2
1,5.6,18.1,2.1,3.8,3.9,4.8,6.6,Bengaluru,1,7.9,255.6,2018.9
2,8.2,18.9,4.2,1.3,3.9,4.1,7.1,Delhi,8,7.3,369.5,2697.6
2,7.7,22.6,2.2,2.4,6.7,6.0,5.4,Chennai,11,8.3,298.3,2475.76
4,5.8,18.7,0.8,4.0,0.8,4.3,8.3,Mumbai,4,8.9,200.8,1787.39
6,7.6,24.0,4.8,3.6,4.9,3.7,7.7,Hyderabad,12,8.2,440.5,3612.3
2,6.7,18.0,8.3,5.1,2.9,1.0,2.6,Delhi,1,7.3,526.0,3839.45
5,4.6,19.1,1.4,1.4,5.7,0.0,7.2,Jaipur,10,7.5,225.9,1694.37
3,10.0,16.3,1.6,4.5,5.4,1.1,9.5,Kolkata,7,7.7,236.2,1819.0
1,7.5,24.0,3.8,2.4,2.7,0.5,4.5,Ahmedabad,5,7.4,345.7,2558.19
5,2.4,24.0,10.1,2.8,0.6,1.8,3.2,Hyderabad,5,8.3,638.3,5298.15
5,8.3,19.6,1.5,3.4,5.7,4.6,5.4,Jaipur,1,7.5,259.1,1943.58
5,5.5,15.6,1.6,0.0,2.1,1.4,5.9,Mumbai,10,8.6,221.3,1902.95
5,6.3,19.4,1.7,3.8,3.2,2.3,6.1,Jaipur,11,7.2,255.4,1838.87
1,7.0,20.7,7.1,6.0,0.8,3.1,8.1,Chennai,6,8.3,510.5,4236.99
4,5.0,18.1,5.7,1.1,2.3,3.1,4.6,Kolkata,9,7.7,410.3,3159.5
6,11.5,24.0,0.4,7.2,5.0,2.1,7.1,Bengaluru,9,7.7,232.2,1787.75
2,3.3,24.0,2.1,2.2,3.8,4.8,7.5,Hyderabad,8,8.2,268.2,2198.88
5,7.1,14.8,14.0,4.7,1.5,3.0,6.2,Kolkata,5,7.8,774.1,6037.73
2,8.0,16.5,2.8,0.9,0.0,3.3,4.8,Pune,1,7.8,284.3,2217.22
2,7.1,21.4,1.2,7.8,4.4,6.7,3.7,Delhi,9,7.3,244.4,1784.22
5,6.5,16.8,8.2,1.4,2.2,5.6,2.9,Pune,1,8.2,541.7,4442.16
4,6.1,20.5,1.8,3.9,3.3,3.0,3.1,Delhi,8,7.7,266.2,2049.87
2,5.0,20.0,0.7,2.4,2.7,3.8,2.8,Chennai,5,8.4,181.2,1521.87
3,4.9,19.9,5.1,3.4,2.1,1.6,9.0,Kolkata,3,7.7,396.3,3051.86
2,9.9,23.1,0.8,3.7,4.2,0.0,5.6,Mumbai,11,9.0,227.7,2049.69
6,5.9,24.0,3.4,2.8,1.3,4.0,10.1,Lucknow,7,7.0,359.2,2514.05
5,12.3,21.2,3.2,2.1,3.3,1.4,6.7,Jaipur,7,7.6,348.1,2645.53
1,8.7,16.4,2.0,3.4,3.8,3.8,2.9,Lucknow,9,7.2,251.5,1810.74
2,1.0,20.4,0.1,3.4,5.7,6.2,5.6,Kolkata,7,7.7,182.5,1405.07
4,9.2,18.2,4.7,4.1,3.1,0.2,7.3,Pune,11,8.0,405.6,3244.64
3,6.9,24.0,4.6,4.5,0.6,0.0,6.6,Lucknow,3,7.0,393.6,2754.94
3,3.5,22.1,1.0,5.1,4.3,1.6,5.1,Ahmedabad,11,7.7,229.7,1768.67
1,10.3,21.2,8.3,4.6,1.2,4.2,7.8,Lucknow,1,7.2,570.0,4104.24
6,5.9,21.9,2.8,3.8,1.7,4.9,3.9,Delhi,8,7.5,302.8,2271.26
1,5.7,19.9,2.5,3.0,2.0,4.2,6.3,Ahmedabad,12,7.7,286.3,2204.14
6,7.9,23.8,2.1,0.4,2.6,3.4,7.6,Hyderabad,3,8.2,286.8,2351.76
2,9.9,18.3,1.8,3.8,5.6,3.0,5.2,Lucknow,12,7.2,254.6,1833.44
5,7.3,22.9,5.2,5.7,4.3,3.2,7.0,Ahmedabad,8,7.6,457.2,3474.92
4,7.1,24.0,2.1,2.0,0.8,4.8,5.7,Kolkata,8,7.5,293.0,2197.3
3,5.3,17.6,6.2,2.2,6.0,2.0,6.4,Jaipur,5,7.2,416.3,2997.61
1,9.8,21.0,2.8,6.1,5.1,3.1,6.8,Hyderabad,12,8.2,301.7,2474.34
4,7.3,21.2,4.7,6.8,3.8,1.3,5.4,Mumbai,1,8.8,388.4,3417.6
6,6.4,16.8,5.5,1.8,0.0,3.5,8.8,Mumbai,10,8.9,417.5,3715.65
5,6.1,15.9,3.1,8.6,1.3,3.0,6.5,Chennai,7,8.4,333.4,2800.5
3,9.6,17.3,2.7,4.3,3.0,6.9,7.1,Lucknow,12,7.4,299.8,2218.65
3,6.3,19.8,3.3,5.3,6.3,0.8,8.3,Jaipur,10,7.2,323.3,2327.98
6,9.6,21.3,4.4,2.8,5.7,4.4,7.2,Bengaluru,5,8.1,390.3,3161.09
5,5.8,18.9,3.9,4.0,1.1,2.2,4.1,Ahmedabad,8,7.8,350.0,2730.16
3,8.8,24.0,0.6,4.4,0.0,4.2,7.4,Hyderabad,9,8.2,240.8,1974.29
5,7.5,23.1,2.4,1.7,2.6,4.1,6.5,Kolkata,11,7.5,319.8,2398.48
3,4.6,21.4,1.8,6.8,3.3,2.6,4.6,Lucknow,7,7.4,259.1,1917.3
2,6.8,18.7,2.5,3.4,0.5,1.5,8.3,Kolkata,7,7.5,256.6,1924.86
6,1.5,20.2,5.1,2.5,1.3,1.4,3.9,Bengaluru,1,8.1,394.2,3192.72
5,5.1,23.3,10.8,1.2,7.2,3.2,4.9,Chennai,4,8.5,731.0,6213.44
4,3.1,22.8,1.1,4.6,2.3,1.9,5.2,Bengaluru,2,8.0,235.8,1886.73
2,12.0,22.7,0.7,4.0,2.4,2.7,3.4,Delhi,2,7.3,210.3,1535.49
4,3.1,19.1,2.3,1.5,8.7,1.1,6.0,Pune,2,8.2,275.3,2257.47
6,13.5,18.4,3.4,3.8,2.3,3.8,4.7,Hyderabad,4,8.1,331.8,2687.42
3,8.3,15.7,0.8,4.5,1.0,1.7,6.5,Pune,1,8.0,194.4,1555.55
4,5.7,21.6,4.1,2.7,1.6,2.4,9.5,Bengaluru,4,7.7,369.8,2847.31
2,9.0,15.4,3.6,4.2,3.6,5.0,5.9,Chennai,2,8.3,322.5,2676.87
5,5.4,20.0,1.5,3.5,2.1,3.2,7.0,Chennai,5,8.4,242.5,2037.27
1,3.5,18.7,2.1,3.1,2.7,4.1,6.0,Mumbai,3,8.6,257.8,2217.39
4,7.2,20.7,4.1,1.6,2.9,1.6,5.4,Lucknow,12,7.2,380.2,2737.73
1,8.8,23.5,1.6,3.9,9.3,3.4,7.5,Mumbai,8,8.6,299.9,2579.46
6,10.2,24.0,1.4,0.0,4.4,3.6,4.1,Hyderabad,4,8.2,275.2,2256.91
4,8.2,22.1,1.0,6.4,1.1,1.6,8.0,Hyderabad,1,7.9,256.7,2027.7
4,5.7,17.7,2.3,5.9,2.7,3.1,4.5,Hyderabad,1,8.1,262.5,2126.57
5,10.5,19.9,0.9,1.5,4.6,2.4,8.7,Kolkata,12,7.8,229.9,1793.05
3,9.9,17.4,5.2,0.6,5.2,3.4,5.3,Mumbai,10,8.9,385.8,3433.43
2,7.7,18.0,3.9,5.8,0.0,1.0,4.4,Kolkata,3,7.8,326.5,2546.92
2,10.0,21.4,5.4,3.2,0.2,1.4,6.2,Pune,9,8.1,398.3,3226.23
2,12.5,17.1,7.4,3.6,3.9,0.9,2.9,Lucknow,7,7.4,537.1,3974.24
6,5.6,18.6,1.5,3.5,1.7,1.3,3.9,Bengaluru,2,8.0,233.0,1863.81
3,4.8,16.8,2.3,0.9,1.4,2.1,6.9,Ahmedabad,9,7.7,247.9,1909.21
1,5.6,22.0,4.1,5.1,3.4,3.8,8.4,Mumbai,10,9.0,346.5,3118.57
2,3.6,18.9,3.8,4.4,4.6,3.1,4.8,Ahmedabad,2,7.7,307.4,2366.77
1,8.5,13.4,3.1,3.5,2.5,3.1,8.6,Chennai,3,8.3,309.0,2564.99
3,3.0,24.0,4.7,0.0,0.0,1.5,5.2,Mumbai,11,8.6,370.1,3182.97
6,10.2,23.0,3.0,4.5,1.9,3.0,6.4,Pune,10,7.8,381.4,2974.77
3,5.3,14.0,6.5,4.3,0.7,4.9,6.4,Mumbai,2,8.6,437.2,3759.77
5,10.4,22.2,2.8,3.3,4.1,3.4,9.1,Kolkata,3,7.8,317.9,2479.61
2,1.0,24.0,5.4,5.4,7.1,4.2,7.8,Lucknow,6,7.4,444.4,3288.5
6,6.0,19.4,1.2,5.8,3.6,2.2,5.6,Bengaluru,9,7.7,246.6,1898.92
5,3.8,20.4,4.6,4.2,3.9,2.3,10.9,Jaipur,9,7.6,400.4,3043.37
2,10.4,19.0,0.8,0.5,4.6,3.8,5.9,Bengaluru,7,7.7,206.6,1591.05
3,11.2,21.6,2.1,1.0,5.7,1.6,6.0,Bengaluru,12,7.7,263.9,2032.29
3,1.1,23.1,2.0,2.1,1.8,2.8,6.7,Chennai,3,8.4,244.3,2051.86
4,9.2,16.4,6.7,3.0,2.9,3.3,5.2,Pune,4,8.1,496.2,4019.35
4,9.7,17.9,2.1,5.2,4.9,2.4,8.8,Ahmedabad,6,7.8,311.1,2426.81
3,7.8,20.3,3.7,4.2,1.1,1.7,5.8,Pune,11,7.8,336.8,2627.26
3,8.5,20.9,3.0,3.2,0.0,2.0,7.3,Jaipur,5,7.4,287.0,2123.87
1,8.3,21.2,3.9,4.8,2.1,0.9,2.0,Chennai,2,8.3,363.1,3013.9
1,9.2,19.4,4.2,1.9,5.5,3.4,6.3,Lucknow,6,7.0,350.4,2452.47
5,4.3,17.4,1.3,4.8,3.3,4.3,5.3,Bengaluru,3,7.7,235.0,1809.59
4,10.0,23.0,0.2,4.0,2.1,2.2,6.1,Kolkata,8,7.7,204.4,1573.73
4,7.5,16.3,1.5,4.5,5.0,7.1,3.7,Chennai,2,8.1,243.0,1968.48
3,7.4,18.5,1.6,5.2,4.1,1.9,5.6,Hyderabad,1,8.3,238.7,1981.39
3,8.4,20.1,5.3,3.4,1.4,1.9,6.4,Mumbai,9,8.6,441.3,3795.45
5,3.8,21.5,1.8,0.0,2.6,4.2,5.3,Pune,12,8.1,263.2,2132.04
6,3.1,19.1,2.4,2.2,1.0,3.9,7.2,Chennai,3,8.4,284.5,2389.51
6,6.7,22.3,2.5,5.1,3.3,4.0,6.1,Hyderabad,11,8.1,318.6,2580.29
6,10.9,23.8,3.5,2.4,4.3,4.6,7.3,Ahmedabad,1,7.4,386.1,2857.44
4,4.0,18.1,2.6,2.2,0.0,1.6,8.0,Jaipur,7,7.5,258.2,1936.37
1,7.4,21.2,5.9,3.6,1.0,3.6,8.1,Jaipur,10,7.2,452.4,3257.33
6,5.2,20.7,4.9,5.7,6.4,0.9,5.2,Bengaluru,5,8.1,442.6,3585.23
2,4.9,19.0,1.2,4.4,2.3,4.6,5.2,Bengaluru,5,8.0,225.7,1805.48
5,8.3,14.3,1.3,7.0,6.3,4.5,9.2,Chennai,1,8.3,260.3,2160.56
6,8.9,21.1,2.8,4.3,0.4,4.6,4.2,Chennai,9,8.1,314.4,2546.68
2,5.0,21.4,2.8,4.2,1.9,2.9,5.2,Lucknow,7,7.2,306.4,2206.11
6,10.5,23.3,0.8,3.0,3.4,4.5,5.7,Mumbai,8,8.9,246.3,2191.63
1,8.1,19.0,2.4,0.4,2.4,3.3,4.3,Delhi,9,7.6,243.9,1853.96
1,6.4,18.0,8.7,3.8,5.5,5.1,6.2,Ahmedabad,6,7.7,556.9,4287.88
6,7.9,17.3,1.4,3.6,2.8,2.5,8.4,Bengaluru,12,8.1,257.8,2087.87
2,12.1,12.0,0.9,4.8,4.4,2.5,2.2,Delhi,5,7.7,176.1,1356.34
5,8.9,18.8,6.8,4.1,0.8,3.6,5.0,Delhi,6,7.6,522.4,3969.97
2,5.3,24.0,1.3,4.0,3.5,1.1,6.2,Mumbai,11,8.6,237.3,2040.93
5,7.0,23.8,3.5,5.8,2.4,2.6,9.1,Kolkata,2,7.9,382.0,3017.78
6,7.3,17.0,5.4,3.0,1.0,2.9,3.0,Kolkata,4,7.8,435.5,3397.06
5,8.7,18.5,5.4,5.2,3.9,1.0,7.7,Bengaluru,3,7.7,468.5,3607.73
3,7.6,18.4,4.9,6.1,5.7,3.1,5.7,Hyderabad,7,8.1,435.3,3525.81
4,11.7,24.0,1.7,2.4,1.8,3.7,6.3,Mumbai,9,9.0,274.4,2469.95
4,6.4,24.0,5.0,2.7,3.8,4.3,8.5,Mumbai,5,8.9,452.3,4025.36
1,2.7,20.3,12.2,2.0,2.6,0.8,5.7,Pune,6,8.2,679.7,5573.77
3,7.5,20.8,2.6,0.8,3.2,4.5,5.9,Delhi,10,7.3,283.6,2070.08
4,5.9,21.6,3.4,7.2,4.7,0.0,6.3,Pune,12,7.8,340.3,2654.58
6,3.2,20.0,0.9,9.9,5.9,1.6,6.4,Delhi,12,7.3,258.6,1887.48
5,5.2,20.8,4.3,3.9,5.5,6.1,3.8,Kolkata,2,7.9,380.0,3002.29
5,6.1,20.1,1.5,2.8,1.5,3.2,6.3,Bengaluru,3,8.0,240.7,1925.75
2,9.8,21.4,2.1,7.0,0.3,1.4,6.9,Ahmedabad,3,7.4,304.2,2250.76
2,3.3,14.0,2.1,4.7,0.0,1.0,2.8,Kolkata,12,7.9,218.1,1723.17
5,7.9,18.6,1.3,2.0,4.3,1.1,7.7,Mumbai,12,8.8,243.6,2143.86
6,12.6,16.4,2.8,1.7,1.9,1.6,7.8,Ahmedabad,9,7.8,292.2,2279.12
5,6.6,22.1,0.3,5.1,5.1,4.5,6.5,Chennai,7,8.5,218.4,1856.13
2,6.5,17.6,0.8,4.3,0.9,3.8,3.3,Ahmedabad,8,7.6,191.7,1456.91
4,8.8,15.3,1.6,5.7,3.9,4.6,4.7,Ahmedabad,11,7.6,238.9,1815.45
1,8.3,14.6,12.0,4.9,0.0,1.4,2.0,Kolkata,10,7.7,672.5,5177.88
2,10.5,21.3,0.5,1.1,4.0,0.0,5.3,Mumbai,11,8.8,190.6,1677.63
6,6.6,17.2,4.8,2.0,3.8,4.0,4.2,Ahmedabad,9,7.4,388.9,2877.54
4,8.8,19.6,5.9,1.7,0.8,2.9,5.9,Kolkata,6,7.8,462.6,3608.26
4,8.8,24.0,2.6,3.9,3.4,1.8,8.0,Kolkata,4,7.7,298.4,2297.85
4,6.2,21.1,3.1,3.3,7.1,4.5,5.0,Ahmedabad,12,7.7,331.1,2549.29
3,6.7,18.5,4.3,2.6,4.4,4.9,6.8,Delhi,1,7.6,361.5,2747.3
3,7.0,16.5,2.0,2.9,8.9,5.6,5.8,Mumbai,8,8.6,262.7,2259.03
4,3.9,21.3,6.2,4.8,3.3,1.5,4.2,Jaipur,7,7.5,498.0,3735.33
6,6.0,19.6,8.0,3.1,4.2,4.8,8.8,Ahmedabad,2,7.6,595.0,4521.66
5,10.7,21.7,3.0,2.1,2.0,3.6,7.7,Pune,8,8.2,328.1,2690.52
6,9.6,12.8,1.3,0.9,3.5,2.1,3.8,Pune,12,8.2,198.3,1626.13
3,5.6,23.4,5.9,1.7,1.0,4.8,6.9,Chennai,5,8.5,480.5,4083.97
2,7.0,14.9,2.8,5.6,4.8,1.7,5.6,Mumbai,7,8.9,288.3,2565.66
3,9.4,18.5,14.0,2.2,1.4,2.1,7.0,Kolkata,4,7.9,757.1,5981.03
5,8.1,24.0,5.2,7.1,6.3,4.4,3.3,Lucknow,5,7.0,440.2,3081.55
1,9.0,13.3,4.5,4.8,0.3,2.1,5.3,Bengaluru,8,8.1,342.4,2773.36
3,8.3,19.7,5.0,1.9,2.4,3.6,6.7,Hyderabad,1,8.3,433.0,3593.99
6,7.5,19.2,3.8,2.3,2.5,2.3,3.8,Lucknow,1,7.3,340.8,2488.1
6,6.6,19.9,3.0,0.0,0.8,3.3,6.5,Mumbai,4,8.9,316.8,2819.32
4,4.0,21.1,1.8,2.6,3.5,3.4,5.3,Mumbai,3,8.9,251.3,2236.42
4,8.7,20.0,5.0,7.4,1.9,1.6,6.1,Ahmedabad,10,7.6,424.0,3222.45
4,6.4,16.0,3.7,6.8,5.8,3.3,8.0,Ahmedabad,12,7.6,324.8,2468.2
1,2.9,20.3,3.5,6.7,1.4,2.2,11.4,Lucknow,2,7.3,341.5,2492.87
5,5.6,19.9,3.3,4.7,3.8,1.6,6.2,Kolkata,12,7.9,336.1,2655.31
2,9.1,19.8,3.1,3.1,2.8,1.3,5.6,Chennai,3,8.4,300.3,2522.76
6,2.2,24.0,5.1,3.7,2.6,1.3,9.9,Ahmedabad,11,7.4,364.4,2696.39
6,4.4,24.0,1.0,4.6,3.2,2.1,8.3,Hyderabad,11,8.3,270.8,2247.87
5,7.3,24.0,1.3,3.5,4.4,3.9,9.6,Hyderabad,11,8.3,252.4,2095.29
1,10.5,21.0,1.4,1.9,0.0,1.0,6.5,Chennai,1,8.4,242.3,2035.08
4,9.5,24.0,2.9,3.4,3.1,3.1,7.6,Delhi,1,7.7,326.8,2516.17
5,10.8,17.4,5.6,0.8,1.3,3.6,6.1,Delhi,6,7.7,429.0,3303.38
2,7.5,18.9,5.5,4.7,1.5,4.5,6.1,Mumbai,5,8.6,434.2,3733.73
4,6.5,18.3,3.4,1.7,3.5,2.2,6.2,Ahmedabad,8,7.4,345.1,2553.54
2,9.1,18.5,3.7,4.6,5.2,3.2,6.8,Pune,2,8.1,331.4,2684.22
3,4.8,20.1,1.8,1.3,6.1,1.3,6.1,Lucknow,4,7.4,251.3,1859.45
2,4.6,20.6,3.1,3.2,1.8,1.0,8.8,Jaipur,8,7.4,295.8,2188.87
4,4.1,21.3,1.9,4.0,0.0,3.5,7.2,Chennai,12,8.1,252.6,2045.97
3,9.7,24.0,4.7,3.2,3.1,6.1,6.4,Mumbai,6,8.8,420.0,3695.62
4,4.9,15.4,0.9,4.8,0.0,4.0,6.3,Pune,1,8.0,203.8,1630.41
6,9.5,16.4,3.8,4.4,3.9,1.2,5.1,Ahmedabad,4,7.6,389.7,2961.37
4,7.4,12.7,10.2,2.7,1.2,1.3,3.8,Pune,1,7.8,588.7,4591.48
3,9.8,17.5,5.6,2.3,3.7,3.9,8.0,Pune,2,7.8,425.3,3317.47
2,4.2,18.7,5.1,2.2,1.3,4.1,8.0,Chennai,5,8.5,386.7,3286.98
6,5.4,17.9,4.6,1.9,0.7,3.1,3.8,Mumbai,8,8.9,372.8,3317.82
1,8.1,16.6,2.6,7.7,0.7,2.7,3.8,Kolkata,8,7.9,278.7,2201.45
1,5.9,20.3,4.4,2.2,3.8,3.8,7.4,Hyderabad,11,7.9,350.4,2768.46
1,1.0,18.8,0.2,5.7,0.4,1.5,5.4,Lucknow,3,7.4,135.6,1003.25
1,3.6,17.3,1.1,3.8,4.1,4.5,4.0,Mumbai,11,8.9,200.3,1782.32
5,4.2,20.5,3.2,2.8,6.6,3.5,2.8,Jaipur,4,7.6,353.7,2688.4
1,4.4,18.3,6.4,3.9,6.3,1.8,5.1,Pune,10,7.8,449.8,3508.28
3,8.7,23.5,2.3,4.0,0.0,2.9,6.3,Kolkata,11,7.7,295.2,2272.87
1,7.8,19.5,3.2,0.0,0.3,8.0,5.4,Chennai,6,8.5,308.0,2618.08
4,7.4,19.0,1.1,3.3,4.0,2.6,3.3,Bengaluru,11,7.7,214.5,1651.83
1,12.0,20.8,2.3,3.5,0.9,3.8,4.8,Lucknow,11,7.2,281.0,2023.14
2,9.9,14.0,8.1,2.8,4.2,4.3,7.1,Lucknow,10,7.0,523.4,3663.97
3,9.0,23.6,3.6,0.0,0.0,3.3,9.2,Hyderabad,3,8.3,351.9,2920.74
3,3.3,22.4,1.4,2.8,2.9,2.4,6.1,Bengaluru,2,7.9,241.0,1904.24
6,7.1,17.6,6.7,6.7,4.9,1.9,8.1,Ahmedabad,6,7.8,497.6,3881.45
5,7.7,16.6,3.9,4.6,0.0,2.7,7.4,Bengaluru,11,8.0,345.0,2759.62
4,6.0,17.0,5.2,1.4,2.8,2.8,4.8,Pune,5,8.0,408.7,3269.94
3,11.3,15.8,7.2,5.3,2.7,4.9,7.9,Pune,10,8.0,547.3,4378.59
2,7.1,14.9,0.8,1.3,4.2,5.4,8.2,Pune,5,7.8,178.7,1393.49
1,3.9,15.7,4.8,4.0,1.7,5.7,5.0,Pune,10,8.2,353.5,2899.11
3,4.5,12.1,8.2,4.1,0.1,2.5,6.0,Mumbai,5,8.9,449.8,4003.17
2,12.7,18.9,0.5,2.8,0.0,4.6,4.9,Lucknow,10,7.0,198.3,1388.04
1,5.9,19.6,2.6,5.6,5.7,3.4,3.5,Bengaluru,12,7.9,309.6,2446.06
5,1.8,23.8,1.6,5.0,4.7,1.4,8.0,Lucknow,5,7.2,273.7,1970.52
3,5.5,23.0,2.3,1.9,3.0,0.8,9.2,Jaipur,3,7.4,289.5,2142.15
3,2.4,17.8,4.4,2.9,2.9,2.5,5.9,Bengaluru,7,7.9,341.5,2697.48
2,9.3,19.3,6.6,1.8,3.9,2.8,4.9,Mumbai,6,8.6,468.8,4031.62
6,2.1,23.3,12.2,2.4,4.9,1.7,8.1,Jaipur,4,7.6,741.6,5636.43
4,3.5,18.7,2.7,4.8,0.0,4.9,8.4,Lucknow,2,7.4,306.5,2268.11
5,7.0,20.5,6.5,3.5,0.0,5.2,4.3,Jaipur,12,7.2,516.3,3717.54
4,9.8,18.2,2.7,5.6,0.0,2.7,6.3,Hyderabad,9,7.9,320.3,2530.43
3,6.8,20.1,10.7,0.3,2.3,5.3,10.0,Jaipur,1,7.5,726.0,5445.14
4,3.9,20.3,4.8,4.1,3.4,3.6,9.6,Bengaluru,11,8.1,412.8,3343.58
1,7.5,19.0,4.7,5.2,5.0,0.1,4.2,Pune,4,8.2,384.9,3156.21
5,5.8,23.2,1.5,3.7,0.0,0.0,3.2,Pune,1,8.0,245.4,1963.26
4,9.8,17.4,8.3,0.8,0.3,3.5,6.7,Ahmedabad,6,7.8,545.3,4253.35
1,9.1,20.3,6.0,1.4,3.3,2.8,7.4,Lucknow,4,7.3,448.4,3273.4
2,5.7,24.0,4.3,5.3,3.5,1.6,7.4,Hyderabad,5,8.1,411.9,3336.51
4,8.9,20.9,9.8,2.4,2.6,3.7,7.1,Bengaluru,5,7.7,625.0,4812.59
5,7.7,17.6,9.2,1.9,0.7,6.3,6.6,Bengaluru,9,7.9,562.6,4444.35
1,10.4,21.0,6.9,2.8,1.6,3.1,5.2,Chennai,1,8.3,483.4,4012.2
4,8.8,24.0,6.8,3.0,2.7,2.4,4.7,Delhi,2,7.7,481.4,3706.6
2,8.4,20.1,4.7,5.9,0.0,1.9,7.6,Lucknow,6,7.3,387.1,2825.55
4,10.3,22.4,9.0,0.0,1.3,1.2,4.6,Bengaluru,5,7.7,539.8,4156.54
1,7.0,20.0,8.0,4.7,0.2,4.2,2.7,Kolkata,11,7.7,524.0,4034.49
4,5.1,20.8,5.4,6.4,4.0,2.4,6.3,Bengaluru,7,8.1,415.7,3367.42
5,7.5,19.8,4.8,5.4,1.2,2.8,6.6,Chennai,3,8.1,419.1,3394.77
3,6.1,16.9,2.0,8.1,0.4,2.4,9.8,Jaipur,3,7.5,261.1,1958.28
1,8.5,21.1,3.2,2.6,2.0,5.4,6.1,Mumbai,10,8.8,294.6,2592.76
1,7.2,16.3,3.8,5.3,4.5,0.9,3.3,Mumbai,2,8.8,318.1,2799.09
1,8.0,19.1,1.2,3.3,3.0,4.0,8.4,Kolkata,3,7.9,225.9,1784.63
1,4.0,24.0,1.3,2.5,5.2,4.3,5.9,Kolkata,10,7.7,250.1,1926.01
4,8.3,19.8,4.8,0.0,4.9,1.9,5.7,Ahmedabad,1,7.8,399.7,3117.37
5,3.8,17.2,8.4,2.6,1.5,3.9,3.7,Mumbai,5,9.0,517.0,4652.88
2,9.4,20.7,8.6,5.6,3.3,2.7,7.0,Jaipur,12,7.6,558.1,4241.9
5,9.4,18.3,2.2,0.1,5.2,4.2,6.3,Mumbai,5,8.8,282.6,2486.73
1,7.9,20.3,10.5,7.7,2.0,1.5,6.2,Delhi,12,7.7,663.2,5106.93
6,7.8,16.5,3.3,4.3,3.5,3.4,7.9,Lucknow,11,7.0,338.9,2372.18
4,6.4,22.3,2.1,1.3,1.2,3.1,8.1,Mumbai,7,8.9,290.8,2587.74
6,5.5,20.4,0.8,4.0,2.5,3.8,6.6,Pune,4,8.1,210.7,1707.05
4,7.0,17.0,6.1,4.9,2.5,0.0,7.1,Ahmedabad,3,7.6,461.7,3509.11
1,12.0,21.1,3.6,2.5,4.3,1.9,6.7,Chennai,1,8.4,360.8,3030.86
4,7.6,24.0,10.5,2.3,2.2,3.9,9.3,Kolkata,12,7.8,704.1,5491.6
1,3.6,17.6,2.0,7.4,3.4,5.6,4.2,Delhi,8,7.3,254.6,1858.66
5,2.7,22.3,7.3,2.8,3.8,4.6,3.8,Kolkata,3,7.5,520.2,3901.42
3,3.4,21.3,3.2,3.2,1.4,3.6,3.6,Ahmedabad,2,7.8,318.1,2481.27
4,6.1,21.2,1.4,6.1,2.2,1.7,7.0,Bengaluru,11,7.7,252.6,1944.83
1,10.2,22.7,5.3,3.4,3.9,3.4,5.8,Delhi,4,7.3,450.2,3286.47
6,4.4,19.2,2.3,5.0,6.7,3.9,3.8,Hyderabad,3,8.1,280.7,2273.37
1,10.6,20.5,6.6,2.6,0.5,5.7,5.6,Delhi,1,7.3,487.9,3561.97
6,7.4,20.3,3.5,2.1,4.1,1.7,10.3,Ahmedabad,3,7.8,362.8,2829.73
4,8.2,17.4,0.9,4.3,5.4,2.4,6.9,Chennai,12,8.3,235.9,1957.88
2,8.1,21.4,0.5,1.5,3.2,6.0,8.9,Delhi,2,7.6,228.8,1738.62
6,8.5,18.9,5.1,4.3,1.2,2.7,3.4,Ahmedabad,8,7.7,408.4,3144.54
1,6.0,24.0,6.1,1.7,2.9,3.7,6.6,Jaipur,6,7.6,488.9,3715.87
4,1.2,18.5,5.8,4.3,1.1,1.4,7.0,Lucknow,9,7.4,422.6,3127.02
1,5.5,16.0,7.6,6.0,2.0,2.5,7.4,Mumbai,8,8.6,503.1,4326.26
2,4.8,23.4,2.9,0.0,3.8,3.5,5.5,Jaipur,10,7.4,311.6,2306.13
3,7.8,17.8,1.1,2.7,2.9,2.4,8.0,Ahmedabad,3,7.6,207.2,1575.01
2,7.5,16.4,5.4,0.0,3.4,3.3,7.0,Pune,5,8.0,413.2,3305.44
5,6.3,21.2,11.4,2.9,0.7,3.4,6.2,Bengaluru,7,8.1,653.5,5292.97
4,11.4,24.0,3.4,4.2,1.8,3.1,5.1,Mumbai,5,8.9,370.5,3297.59
2,5.4,22.2,2.8,2.8,4.2,1.9,3.0,Pune,8,7.8,264.9,2066.01
3,1.4,18.3,1.8,0.0,0.0,4.2,2.2,Chennai,12,8.4,213.7,1794.69
1,7.3,20.4,6.6,5.3,0.3,3.3,4.7,Kolkata,5,7.7,466.8,3594.5
4,10.0,19.1,6.2,0.6,2.4,2.0,5.7,Hyderabad,1,8.2,465.3,3815.06
6,7.7,24.0,2.7,5.2,2.0,1.8,4.6,Mumbai,5,8.6,347.4,2987.88
2,6.1,18.7,1.5,2.0,4.5,1.5,6.7,Jaipur,4,7.2,230.2,1657.15
3,7.6,20.3,0.2,1.8,0.0,4.8,7.6,Bengaluru,6,7.7,172.8,1330.61
2,11.6,20.5,3.6,3.5,2.8,1.9,3.5,Pune,3,8.0,334.8,2678.63
5,4.8,16.5,1.5,5.6,5.7,1.6,7.1,Ahmedabad,11,7.7,245.1,1887.16
4,7.1,19.4,1.0,7.4,3.7,1.5,5.9,Mumbai,5,9.0,236.7,2130.68
1,8.7,19.5,2.2,2.7,0.0,0.0,2.6,Kolkata,2,7.7,228.9,1762.72
3,7.6,24.0,3.3,0.9,7.9,6.3,7.8,Ahmedabad,11,7.4,352.1,2605.43
2,6.4,20.6,1.9,4.2,1.9,3.1,4.1,Pune,6,8.2,250.0,2050.29
4,5.9,18.9,7.1,0.8,0.0,1.7,11.1,Bengaluru,12,7.9,480.0,3791.89
2,6.3,19.6,1.6,5.0,4.6,2.5,8.3,Delhi,6,7.3,259.3,1893.18
4,8.3,19.8,6.6,4.4,1.4,1.1,5.7,Kolkata,5,7.8,459.2,3582.1
5,8.2,19.9,5.9,6.2,6.7,3.3,6.0,Ahmedabad,6,7.8,493.5,3849.58
2,12.2,22.8,1.7,5.6,4.4,2.8,3.2,Kolkata,11,7.5,290.3,2177.56
5,3.2,22.9,4.6,3.8,7.3,4.7,9.5,Chennai,7,8.5,377.8,3211.48
6,11.4,17.0,2.9,3.6,0.9,2.0,4.3,Ahmedabad,12,7.7,301.9,2324.78
6,6.5,23.2,6.1,1.7,5.6,3.5,6.1,Mumbai,5,9.0,486.2,4375.82
3,6.8,22.3,3.2,1.7,1.4,3.0,4.7,Delhi,1,7.6,340.4,2587.06
5,9.1,19.8,0.7,3.4,3.7,1.7,6.9,Delhi,8,7.3,208.9,1524.74
4,9.1,15.6,0.5,1.3,3.3,3.5,6.0,Hyderabad,4,8.3,170.5,1415.19
3,9.9,20.6,8.2,3.0,5.8,2.9,4.7,Kolkata,9,7.8,566.4,4417.62
2,10.4,18.9,0.5,2.6,4.6,4.5,6.9,Jaipur,10,7.5,197.8,1483.31
2,6.9,21.7,3.0,4.7,2.1,3.6,9.0,Delhi,12,7.3,322.9,2356.94
4,10.5,21.9,2.3,3.5,5.2,2.3,6.1,Delhi,6,7.3,295.4,2156.21
1,5.4,24.0,2.4,5.5,2.8,4.3,2.0,Chennai,1,8.1,305.5,2474.95
1,6.2,16.8,5.8,2.9,4.4,3.4,6.8,Lucknow,3,7.4,433.6,3208.91
2,6.5,24.0,2.4,1.2,3.6,2.2,3.0,Chennai,3,8.3,276.7,2296.76
4,5.7,22.7,5.3,4.6,2.6,4.4,3.3,Chennai,10,8.1,458.7,3715.79
1,7.1,22.1,7.7,3.3,0.4,4.3,3.1,Lucknow,12,7.4,519.7,3846.1
5,9.2,24.0,4.3,3.0,3.4,1.6,7.4,Kolkata,12,7.5,406.8,3051.02
2,8.6,21.0,1.7,2.7,1.6,1.9,3.1,Ahmedabad,4,7.8,238.6,1861.05
6,5.5,23.1,3.4,3.5,0.5,3.2,8.0,Bengaluru,6,8.0,339.9,2719.16
5,5.3,20.5,4.8,3.0,4.7,2.5,7.6,Jaipur,7,7.5,431.5,3236.46
4,4.9,22.5,2.8,4.5,1.7,2.5,4.3,Delhi,10,7.6,310.3,2358.64
6,7.2,23.5,1.8,5.0,0.0,1.8,7.0,Hyderabad,4,8.1,288.0,2332.48
5,3.0,23.2,9.0,2.8,3.0,3.3,8.4,Jaipur,6,7.6,585.2,4447.48
1,4.8,15.5,2.2,7.5,2.7,3.3,4.8,Ahmedabad,11,7.6,254.4,1933.12
1,5.9,18.8,5.7,2.4,2.9,0.9,8.5,Lucknow,1,7.0,415.3,2907.04
6,9.6,23.5,2.5,3.5,2.9,2.4,6.3,Jaipur,8,7.5,324.6,2434.85
3,6.7,21.5,2.5,0.3,1.0,2.2,4.6,Delhi,7,7.6,297.6,2261.61
2,9.5,19.9,2.2,3.3,2.2,3.4,7.7,Jaipur,11,7.5,279.2,2094.0
6,7.5,21.5,12.0,3.1,5.1,3.9,4.5,Bengaluru,11,7.9,702.9,5553.16
4,5.8,16.7,1.0,3.4,4.7,4.1,8.8,Lucknow,9,7.0,224.5,1571.48
2,5.9,22.4,4.2,5.5,2.3,2.4,3.7,Jaipur,3,7.4,363.6,2690.55
5,4.1,21.1,3.5,6.9,4.2,3.8,8.6,Delhi,2,7.6,345.2,2623.25
4,13.0,20.3,4.5,5.7,3.2,0.7,6.4,Delhi,1,7.5,386.8,2901.2
4,9.8,19.5,0.8,3.3,2.3,5.0,7.4,Jaipur,3,7.2,237.4,1709.16
1,8.5,20.7,6.8,3.9,5.5,2.0,5.2,Kolkata,5,7.5,463.2,3474.31
5,3.7,19.2,1.1,6.5,1.2,1.0,6.8,Hyderabad,11,8.2,215.3,1765.14
1,5.9,19.0,7.8,1.5,3.6,2.0,2.0,Pune,2,8.0,502.0,4015.97
1,4.6,24.0,1.1,5.1,0.0,5.2,6.4,Chennai,12,8.4,230.8,1938.92
3,7.3,15.2,2.6,1.7,3.7,4.0,3.4,Lucknow,3,7.3,255.2,1862.96
1,4.7,15.3,3.6,5.8,1.7,5.7,7.5,Pune,4,7.8,331.4,2584.67
2,5.3,22.3,5.5,3.2,2.2,3.5,4.9,Ahmedabad,7,7.7,415.2,3197.17
4,4.7,16.3,6.9,1.7,2.4,5.0,4.9,Ahmedabad,3,7.7,440.3,3390.0
1,6.4,14.0,4.7,2.2,0.0,2.5,3.7,Delhi,9,7.3,341.1,2489.74
6,7.2,23.0,3.6,2.5,0.0,1.0,6.4,Ahmedabad,8,7.6,366.6,2785.78
2,6.5,23.8,10.9,5.4,4.7,3.5,4.3,Kolkata,4,7.7,702.0,5405.47
5,10.8,16.1,8.1,6.2,3.2,3.1,5.9,Hyderabad,1,8.1,563.9,4567.57
4,9.0,14.6,4.5,2.7,5.9,3.8,5.3,Ahmedabad,1,7.4,382.4,2829.55
6,5.0,16.3,5.2,1.8,0.3,4.2,4.0,Bengaluru,1,8.0,383.4,3067.3
6,7.8,17.9,2.8,7.6,4.7,3.6,5.2,Hyderabad,1,8.1,319.4,2587.38
5,5.2,24.0,11.9,5.1,3.9,2.9,4.8,Kolkata,8,7.5,719.3,5394.77
6,6.0,18.7,1.9,1.9,5.3,2.9,7.9,Pune,3,8.2,272.6,2235.7
2,8.2,22.5,5.6,4.2,2.8,3.7,8.3,Hyderabad,6,8.1,412.9,3344.26
5,8.7,22.2,7.9,2.7,3.2,0.8,3.4,Hyderabad,3,8.1,516.6,4184.84
6,5.5,24.0,8.4,0.9,1.2,1.9,6.4,Pune,11,8.0,603.4,4827.58
5,4.2,18.1,5.5,2.9,2.5,6.1,5.4,Kolkata,5,7.8,436.6,3405.78
5,7.2,20.0,3.2,0.8,2.0,2.3,4.2,Ahmedabad,7,7.8,317.5,2476.32
1,8.1,19.3,3.4,2.5,0.3,4.0,6.3,Delhi,2,7.3,337.6,2464.74
1,5.4,21.6,2.8,2.7,3.3,2.4,6.9,Lucknow,6,7.2,301.2,2168.76
1,9.0,23.6,1.5,2.4,4.9,2.7,2.0,Pune,6,8.0,250.9,2007.37
6,8.6,24.0,2.0,5.3,5.4,0.0,8.0,Pune,11,7.8,292.5,2281.37
4,5.4,18.8,2.4,4.3,1.4,3.9,7.4,Pune,3,7.8,282.2,2201.02
2,9.8,20.4,12.8,2.2,2.9,2.2,5.9,Pune,6,7.8,784.7,6120.82
6,9.9,22.6,7.6,4.1,2.7,0.0,4.2,Lucknow,10,7.0,554.5,3881.16
1,12.2,21.8,3.2,6.1,5.9,0.9,7.0,Lucknow,10,7.4,376.0,2782.36
5,11.3,24.0,14.0,1.8,6.6,3.2,4.7,Ahmedabad,5,7.4,845.9,6259.52
6,4.7,19.7,7.4,0.9,0.4,2.0,8.5,Jaipur,12,7.5,447.2,3353.66
5,9.3,18.8,1.6,1.3,4.0,1.8,7.8,Jaipur,2,7.2,258.3,1860.08
5,9.2,24.0,1.3,4.3,4.1,2.4,6.0,Mumbai,9,8.8,241.7,2127.0
5,6.1,20.9,6.5,6.5,2.6,0.0,4.4,Pune,8,8.1,468.0,3791.01
3,8.1,21.6,6.4,5.2,0.5,0.6,7.0,Pune,3,8.0,490.3,3922.53
4,2.3,19.8,2.9,6.1,4.4,4.0,7.6,Hyderabad,8,8.2,340.6,2792.84
2,2.2,22.8,3.5,0.0,5.4,3.8,5.3,Jaipur,9,7.2,311.7,2244.55
2,2.7,17.4,1.6,1.8,1.9,3.8,6.8,Ahmedabad,3,7.7,223.4,1720.28
1,8.0,18.6,2.1,1.3,5.4,3.9,5.0,Delhi,3,7.5,280.2,2101.52
3,8.1,12.1,5.5,4.6,3.0,3.7,2.5,Mumbai,2,9.0,392.2,3530.0
6,6.3,18.1,1.3,3.1,5.8,5.2,2.7,Mumbai,8,8.9,235.5,2095.96
6,11.3,22.8,2.1,0.0,5.8,3.9,6.3,Ahmedabad,10,7.7,328.6,2530.58
2,9.5,20.1,1.1,5.0,3.0,3.1,9.0,Delhi,1,7.3,249.6,1822.25
4,3.0,17.2,6.0,5.8,3.8,5.3,4.1,Hyderabad,8,8.1,441.0,3572.17
5,6.6,24.0,3.7,7.5,1.6,3.8,4.4,Lucknow,7,7.4,349.2,2583.86
1,4.7,20.4,2.7,3.8,0.0,3.9,6.6,Chennai,7,8.4,280.8,2358.44
4,8.0,24.0,7.2,4.7,3.5,2.2,6.1,Jaipur,3,7.4,513.0,3796.57
2,6.9,22.6,1.3,1.2,0.1,3.0,6.6,Pune,1,8.1,211.9,1716.5
3,4.8,20.6,8.0,0.2,7.2,1.3,7.0,Ahmedabad,4,7.8,564.9,4406.39
1,11.2,24.0,1.4,6.0,5.3,0.7,6.0,Jaipur,9,7.4,277.1,2050.41
2,7.1,18.9,3.9,4.6,2.7,0.4,6.3,Pune,5,8.2,331.6,2718.95
6,6.0,16.7,3.2,6.0,8.3,2.7,3.7,Chennai,1,8.3,324.3,2691.28
1,6.4,24.0,0.4,3.0,1.7,5.1,5.2,Chennai,5,8.3,199.0,1651.79
2,11.0,21.8,8.1,8.2,2.2,3.7,8.5,Lucknow,8,7.0,548.2,3837.43
6,9.3,24.0,4.5,4.1,2.2,4.3,6.9,Kolkata,8,7.5,475.7,3567.56
6,6.6,22.6,2.0,2.0,2.9,1.7,6.6,Chennai,5,8.3,274.8,2280.99
5,4.5,24.0,2.8,2.9,2.4,3.5,4.3,Jaipur,12,7.4,313.9,2322.98
3,4.9,18.5,2.9,0.3,3.9,6.0,4.4,Bengaluru,9,7.7,284.4,2189.99
5,5.8,19.4,0.6,1.6,1.0,4.2,3.9,Bengaluru,1,8.0,179.9,1438.87
2,8.3,19.4,4.9,2.7,3.3,2.4,2.3,Pune,4,8.0,365.4,2923.52
4,8.9,19.4,5.5,6.6,1.9,0.5,5.5,Pune,3,8.2,451.4,3701.55
5,5.2,15.3,4.7,3.4,3.1,1.0,5.2,Kolkata,2,7.7,362.5,2791.43
4,9.0,20.5,3.5,5.7,0.8,4.0,6.4,Bengaluru,8,7.7,355.0,2733.16
6,4.7,22.4,8.8,3.3,1.3,3.3,8.1,Pune,7,8.1,604.4,4895.25
2,5.5,18.0,9.9,1.4,7.3,5.7,4.7,Chennai,9,8.3,628.3,5215.06
3,3.4,17.3,2.1,4.6,1.2,3.1,8.5,Pune,2,8.0,247.7,1981.26
4,3.3,19.6,4.7,1.8,4.0,0.8,7.0,Mumbai,4,8.8,404.4,3558.93
2,4.7,22.4,2.8,2.7,1.9,2.7,8.8,Kolkata,6,7.7,318.1,2449.69
4,6.9,16.8,4.7,7.6,1.0,3.1,3.7,Ahmedabad,11,7.8,388.3,3028.8
5,4.5,24.0,4.6,4.7,3.1,2.4,8.3,Delhi,3,7.7,416.4,3206.55
2,10.7,16.1,2.8,1.9,1.3,3.0,4.7,Hyderabad,8,8.3,259.7,2155.65
5,4.7,18.3,0.7,5.0,4.0,3.6,4.4,Delhi,3,7.3,216.7,1581.8
1,7.5,23.4,3.8,1.6,2.8,0.0,5.9,Delhi,12,7.6,340.9,2590.74
2,10.3,22.9,1.5,0.0,5.7,2.0,4.3,Lucknow,2,7.4,242.2,1792.25
4,7.2,22.6,4.6,5.7,0.4,4.9,6.9,Ahmedabad,3,7.8,387.0,3018.65
1,6.1,17.9,6.8,4.1,3.6,5.4,7.7,Pune,11,8.2,496.1,4068.12
5,7.4,18.5,4.8,3.1,3.7,1.1,7.0,Lucknow,6,7.3,368.1,2687.03
5,5.6,17.4,1.2,0.2,1.0,1.1,5.9,Delhi,2,7.5,201.6,1511.99
4,4.5,19.0,9.2,2.9,1.7,4.1,8.4,Mumbai,8,8.9,589.8,5249.65
1,8.5,21.1,1.2,3.9,0.2,6.0,6.9,Hyderabad,1,8.3,233.1,1935.05
6,5.5,17.4,3.6,1.2,0.0,3.3,5.7,Delhi,7,7.6,327.7,2490.73
3,9.3,14.8,3.7,3.6,2.8,3.2,5.7,Bengaluru,2,8.1,342.9,2777.82
4,9.0,23.5,5.6,6.6,4.6,1.9,4.2,Ahmedabad,10,7.7,474.2,3651.25
5,7.4,19.5,0.8,4.0,2.7,4.5,4.1,Ahmedabad,12,7.6,221.1,1680.67
2,9.4,22.2,2.6,4.7,2.8,2.5,5.1,Ahmedabad,6,7.7,300.9,2316.76
1,5.6,19.1,1.5,2.6,0.4,5.4,3.9,Kolkata,12,7.8,208.8,1628.85
6,9.0,21.6,1.6,1.4,0.0,3.5,3.7,Kolkata,2,7.9,256.1,2022.83
3,8.9,24.0,1.2,2.4,3.7,3.4,4.2,Chennai,2,8.3,245.3,2035.61
2,6.2,16.6,1.5,5.6,1.7,1.8,8.1,Jaipur,10,7.6,234.8,1784.65
1,5.9,17.7,1.4,3.3,0.0,1.8,4.4,Hyderabad,8,7.9,204.4,1614.7
6,7.8,17.3,4.4,3.1,1.9,2.1,7.6,Lucknow,12,7.0,394.3,2759.85
4,11.9,24.0,6.5,2.5,3.5,2.9,4.7,Pune,2,7.8,486.9,3797.49
6,6.4,19.9,1.4,1.0,3.8,4.7,6.4,Delhi,7,7.7,245.2,1888.3
4,5.9,22.7,1.6,6.2,3.4,4.2,4.4,Jaipur,3,7.6,276.1,2098.47
1,9.9,12.1,4.1,3.1,1.6,2.3,6.4,Pune,8,7.8,323.6,2523.8
6,7.2,21.1,4.5,2.4,4.2,0.0,10.6,Lucknow,7,7.3,407.5,2974.87
3,9.2,18.9,1.1,3.7,3.0,1.9,4.6,Jaipur,8,7.4,223.3,1652.52
6,10.7,24.0,2.1,2.4,1.2,3.2,5.4,Pune,7,7.8,302.8,2361.75
1,2.2,22.0,1.9,4.1,0.8,3.3,3.6,Mumbai,11,8.8,242.7,2135.99
2,6.9,18.7,8.1,2.1,3.4,5.7,8.2,Kolkata,6,7.5,542.2,4066.8
2,6.4,24.0,1.3,3.7,4.7,5.1,8.5,Lucknow,7,7.3,278.1,2030.48
6,4.6,24.0,0.5,3.4,4.2,4.2,4.1,Hyderabad,5,8.1,219.7,1779.96
6,2.2,24.0,2.3,7.2,3.3,2.0,5.7,Bengaluru,7,8.1,300.0,2429.79
4,3.0,22.3,2.5,7.3,4.3,3.4,6.8,Mumbai,1,8.6,316.2,2719.19
1,7.3,19.2,3.0,5.1,7.7,3.8,6.1,Kolkata,1,7.8,317.8,2478.68
4,5.7,20.7,3.5,3.3,3.6,5.0,4.1,Ahmedabad,9,7.7,362.0,2787.55
3,5.0,18.7,11.1,5.1,3.3,1.5,4.1,Kolkata,5,7.8,685.6,5347.85
2,7.2,20.7,6.9,5.0,4.1,4.3,3.5,Jaipur,5,7.2,513.7,3698.65
5,5.3,18.2,1.6,2.6,4.5,3.9,8.0,Chennai,3,8.3,264.3,2193.33
5,10.2,19.5,2.6,0.2,0.3,2.2,7.3,Mumbai,5,8.6,284.8,2448.85
1,5.4,24.0,2.6,0.0,3.4,5.0,9.3,Ahmedabad,3,7.7,304.1,2341.26
1,10.8,20.9,3.4,3.3,5.0,0.2,4.0,Jaipur,9,7.5,339.0,2542.67
5,6.9,18.7,2.1,2.5,6.5,6.3,6.6,Lucknow,9,7.4,288.5,2135.19
1,5.4,16.7,5.2,2.4,3.0,5.0,6.3,Hyderabad,6,7.9,370.8,2929.63
2,5.2,19.7,1.7,1.9,2.1,2.7,6.7,Kolkata,1,7.7,249.6,1922.17
3,10.8,22.2,1.9,1.8,3.3,2.4,7.2,Lucknow,7,7.0,274.1,1918.72
3,8.7,20.4,2.4,4.8,1.7,2.9,12.0,Ahmedabad,7,7.6,308.5,2344.32
4,5.1,19.8,1.5,0.0,6.1,1.9,12.0,Jaipur,10,7.4,255.9,1893.84
2,7.3,21.3,0.6,4.7,4.0,2.7,6.7,Chennai,10,8.5,226.4,1924.49
1,1.1,21.2,10.2,2.9,2.9,4.2,9.2,Kolkata,4,7.5,634.1,4755.47
1,3.7,22.1,1.4,6.4,5.2,1.9,4.3,Hyderabad,8,8.1,220.8,1788.24
4,5.1,22.2,6.0,4.0,0.7,4.4,5.8,Chennai,6,8.3,460.3,3820.49
4,5.1,19.7,9.2,0.0,0.0,2.6,4.4,Pune,4,8.2,575.4,4718.62
1,10.0,19.6,5.0,0.0,3.8,4.6,6.5,Jaipur,4,7.5,366.3,2747.4
1,2.2,20.0,2.2,1.2,5.1,5.0,7.1,Lucknow,2,7.4,279.4,2067.8
2,3.4,21.7,3.6,4.0,2.7,1.5,10.6,Kolkata,2,7.8,302.1,2356.44
4,8.1,23.4,6.2,0.1,1.6,0.0,4.1,Kolkata,12,7.8,465.0,3627.0
2,7.6,19.0,11.1,3.7,1.1,3.2,8.7,Ahmedabad,4,7.8,623.2,4861.08
6,6.1,19.5,1.2,4.9,0.5,3.4,5.2,Hyderabad,5,8.2,249.1,2042.7
1,12.1,17.6,8.9,2.4,4.3,1.2,4.9,Bengaluru,8,7.9,580.0,4581.69
5,8.5,15.5,4.7,1.7,4.6,5.5,5.5,Pune,6,8.0,411.3,3290.47
5,10.1,16.3,5.8,0.0,4.8,2.5,10.0,Chennai,4,8.4,447.0,3754.63
6,6.9,17.0,3.2,6.5,3.0,4.0,2.1,Mumbai,11,8.6,329.1,2830.36
1,5.6,18.0,0.8,7.2,0.7,1.9,6.9,Mumbai,7,8.9,196.8,1751.35
4,5.7,21.4,2.3,5.9,1.6,0.8,8.3,Kolkata,8,7.5,266.7,2000.52
5,9.3,16.8,3.1,2.9,4.2,4.8,4.1,Ahmedabad,2,7.4,347.6,2572.1
4,8.9,20.1,2.0,3.4,0.9,1.6,7.1,Delhi,12,7.6,265.2,2015.33
5,6.5,22.5,6.2,4.9,2.8,4.2,4.6,Kolkata,7,7.9,486.6,3843.94
4,8.2,17.5,1.4,3.8,1.0,1.8,9.9,Mumbai,2,8.6,227.7,1957.91
5,9.4,18.5,2.6,0.0,1.6,2.7,3.4,Mumbai,2,8.6,269.9,2321.28
4,5.6,16.0,2.3,5.3,0.7,2.8,7.2,Pune,8,8.1,268.0,2171.16
6,6.1,17.1,1.9,5.9,3.0,3.0,5.1,Lucknow,2,7.2,270.4,1946.85
2,8.1,24.0,4.0,5.6,0.1,2.0,5.7,Delhi,11,7.7,402.6,3099.66
4,2.5,21.5,4.4,4.4,1.5,4.1,5.4,Kolkata,9,7.5,395.6,2966.87
2,8.2,24.0,2.1,5.4,4.7,4.4,8.2,Pune,12,8.1,308.1,2495.94
2,4.2,17.8,1.1,0.7,5.1,4.8,6.4,Ahmedabad,1,7.6,209.1,1589.38
1,9.4,24.0,2.2,3.3,4.3,2.3,3.2,Pune,9,8.2,292.0,2394.78
6,12.4,17.8,5.9,2.2,5.8,1.3,6.8,Kolkata,1,7.9,450.9,3561.91
2,5.3,18.5,1.5,6.4,0.4,3.3,6.6,Jaipur,10,7.6,238.6,1813.22
3,3.6,24.0,3.0,3.9,2.8,3.6,8.1,Bengaluru,10,8.1,318.0,2576.06
2,6.6,17.5,1.1,3.2,3.2,3.6,6.7,Kolkata,2,7.7,205.8,1584.99
4,6.3,24.0,2.4,1.5,6.9,5.3,3.0,Hyderabad,6,8.1,307.7,2492.23
2,8.7,19.9,2.5,1.4,2.5,3.2,8.4,Mumbai,6,9.0,289.4,2604.2
4,7.6,16.8,1.6,1.2,4.6,6.1,8.3,Delhi,1,7.5,249.3,1869.8
4,6.3,15.7,3.9,5.0,6.4,4.3,7.1,Delhi,7,7.5,358.3,2687.0
3,7.2,20.3,1.2,4.7,3.3,4.4,6.6,Lucknow,8,7.0,230.1,1610.63
2,4.2,16.6,3.5,4.0,2.1,3.1,6.8,Bengaluru,2,8.1,294.3,2384.07
2,9.1,19.1,9.7,5.1,2.2,2.5,8.3,Hyderabad,8,8.1,616.8,4996.06
5,11.0,14.3,3.6,1.9,0.0,2.1,8.8,Mumbai,9,8.6,297.8,2560.95
5,4.0,21.1,1.7,0.0,2.1,3.3,7.1,Delhi,6,7.6,260.7,1981.16
1,3.1,15.4,5.9,4.9,0.2,4.3,7.3,Hyderabad,5,8.2,382.2,3133.63
4,6.0,19.8,4.2,3.4,4.6,2.7,6.4,Pune,12,8.1,363.9,2947.66
3,3.9,15.8,5.7,5.2,0.0,2.4,10.8,Lucknow,9,7.4,423.9,3136.99
5,3.8,23.7,2.4,4.4,3.8,1.5,2.0,Kolkata,12,7.7,311.3,2396.94
2,3.5,13.7,4.3,3.4,5.3,3.8,4.7,Kolkata,11,7.8,345.5,2694.98
1,6.5,19.2,2.0,3.9,4.5,1.4,4.4,Jaipur,9,7.6,259.4,1971.74
3,6.0,21.7,1.9,6.3,2.0,3.6,10.2,Mumbai,1,8.6,315.3,2711.4
6,7.9,21.1,5.2,2.9,4.5,3.4,5.6,Hyderabad,11,7.9,412.6,3259.75
2,5.6,16.3,0.5,5.0,3.0,2.8,2.0,Chennai,3,8.3,173.5,1440.4
2,4.0,14.8,4.8,4.1,2.1,4.8,4.4,Delhi,9,7.5,370.6,2779.32
6,7.0,22.3,12.0,0.2,2.3,5.4,7.1,Ahmedabad,11,7.7,747.4,5755.33
4,4.4,19.6,2.8,0.9,3.9,0.0,6.1,Ahmedabad,2,7.6,281.2,2137.47
4,8.3,16.8,5.8,3.4,0.0,0.8,5.8,Kolkata,12,7.9,427.3,3375.42
5,2.8,22.5,4.9,2.5,2.0,3.9,6.4,Chennai,4,8.3,413.0,3427.99
5,1.6,18.3,14.0,1.6,3.7,5.5,8.3,Ahmedabad,4,7.7,846.6,6519.14
2,3.0,18.0,4.1,5.6,2.0,1.0,7.9,Bengaluru,2,7.9,350.9,2772.23
2,6.0,17.4,1.3,0.5,0.4,3.6,4.4,Bengaluru,3,7.7,185.9,1431.56
5,6.3,17.7,1.0,3.1,1.2,0.4,6.6,Mumbai,3,9.0,215.7,1941.06
6,7.3,17.6,0.9,1.8,3.3,0.2,9.1,Chennai,1,8.3,210.3,1745.15
5,5.6,21.0,3.1,6.5,4.0,6.1,6.5,Bengaluru,6,8.0,343.9,2751.36
2,4.9,24.0,1.1,8.5,5.2,3.6,4.9,Bengaluru,8,7.7,243.9,1877.68
3,10.6,15.8,1.6,2.9,4.6,0.7,3.7,Kolkata,12,7.8,233.3,1819.43
2,9.9,19.0,6.6,5.2,4.5,2.7,6.5,Ahmedabad,3,7.7,522.6,4024.16
3,9.5,19.5,10.0,6.0,0.0,1.8,5.6,Mumbai,5,8.8,659.4,5802.71
3,7.8,21.4,1.5,5.3,4.5,2.4,5.6,Hyderabad,1,8.3,247.4,2053.2
2,8.0,23.0,3.7,5.1,2.0,2.5,6.5,Pune,10,8.2,353.1,2895.61
1,5.0,19.5,2.0,0.0,0.1,3.3,4.7,Delhi,7,7.6,243.4,1849.57
5,7.4,18.1,0.9,5.9,4.1,3.7,8.6,Delhi,10,7.7,230.6,1775.86
4,4.7,21.7,5.0,4.2,3.4,2.0,5.9,Lucknow,1,7.4,372.4,2755.75
2,4.4,15.1,2.8,3.0,4.8,1.9,10.0,Pune,12,8.2,270.4,2217.23
3,3.0,13.6,2.0,3.3,1.9,3.6,8.1,Pune,11,7.8,247.3,1929.01
2,8.0,24.0,4.4,4.0,3.0,2.0,5.8,Delhi,9,7.3,417.3,3046.15
5,7.4,17.6,1.3,3.0,0.0,2.0,3.4,Delhi,8,7.3,217.3,1586.04
6,6.2,18.8,0.6,2.8,6.9,3.2,7.3,Hyderabad,7,7.9,215.6,1703.07
3,5.9,21.6,4.8,1.5,0.3,3.0,6.9,Chennai,10,8.3,349.3,2898.93
4,2.4,21.0,6.4,4.5,1.4,2.3,4.6,Chennai,7,8.4,459.3,3857.91
4,7.6,22.7,0.5,3.2,0.9,4.6,3.7,Hyderabad,5,8.1,206.9,1676.2
4,6.2,22.8,8.1,1.9,3.4,3.7,6.0,Ahmedabad,5,7.4,507.9,3758.3
6,9.2,15.7,8.6,3.7,1.3,6.0,6.5,Pune,11,8.0,541.3,4330.51
1,7.4,23.8,3.4,3.6,5.2,2.6,6.3,Jaipur,5,7.5,323.7,2427.95
3,8.8,21.5,4.7,4.5,3.6,4.1,6.0,Pune,1,8.1,408.5,3308.65
6,7.0,21.1,2.9,3.4,0.0,5.2,8.4,Lucknow,8,7.2,348.7,2510.69
3,7.5,21.3,4.9,4.7,4.6,1.7,4.7,Delhi,12,7.6,403.9,3069.69
6,9.3,13.3,2.6,3.0,4.8,2.5,9.8,Pune,11,7.8,294.3,2295.41
6,6.5,19.4,4.3,3.1,1.5,4.8,2.7,Delhi,1,7.5,411.7,3087.43
1,8.2,17.1,0.8,4.1,0.7,4.0,4.5,Pune,4,8.1,175.3,1419.82
3,5.9,16.7,1.5,4.3,3.8,3.0,3.6,Lucknow,9,7.0,230.3,1612.13
6,6.7,18.5,3.6,5.9,4.3,0.9,6.4,Ahmedabad,9,7.6,370.7,2816.95
1,11.0,22.5,2.1,5.6,1.0,1.1,6.8,Jaipur,5,7.5,287.0,2152.86
2,8.6,20.9,4.0,3.4,4.8,2.3,9.5,Bengaluru,4,8.1,343.8,2784.52
5,5.6,21.3,8.9,0.7,1.9,1.8,6.4,Hyderabad,3,8.2,628.2,5151.26
6,8.1,18.7,0.6,4.9,5.4,1.8,7.7,Hyderabad,3,7.9,233.3,1843.46
4,3.8,21.1,2.3,4.6,0.0,0.3,3.8,Jaipur,12,7.5,271.4,2035.67
1,6.4,19.4,2.7,3.9,1.5,1.0,3.2,Pune,5,8.0,259.2,2073.23
1,4.6,22.8,5.3,5.0,2.6,1.7,8.6,Bengaluru,10,7.7,464.3,3574.95
6,8.1,22.1,5.5,2.8,1.0,3.2,7.9,Lucknow,1,7.4,457.3,3383.79
1,6.5,20.5,8.1,0.3,2.9,2.5,6.5,Chennai,5,8.3,537.6,4462.01
2,7.7,17.6,2.7,1.8,2.3,3.1,4.2,Pune,6,8.2,285.1,2337.72
1,8.9,20.8,0.8,0.0,2.6,3.0,10.9,Ahmedabad,7,7.4,221.4,1638.62
5,5.8,20.7,2.1,4.4,2.2,0.4,7.7,Delhi,12,7.6,280.6,2132.43
5,5.9,20.4,2.6,3.4,0.4,4.6,4.6,Mumbai,9,8.6,296.8,2552.55
4,6.9,18.6,4.4,5.2,3.0,4.1,6.1,Pune,3,7.8,343.0,2675.02
2,4.8,18.0,4.3,5.0,2.7,3.1,3.1,Mumbai,2,9.0,339.4,3054.46
5,7.0,21.0,4.0,2.5,1.0,2.2,6.2,Pune,3,8.0,395.2,3161.4
6,7.1,17.4,5.8,1.9,5.5,5.0,5.1,Jaipur,12,7.5,425.9,3193.9
3,7.6,19.2,3.8,1.9,3.6,1.5,10.8,Mumbai,9,8.8,344.2,3029.01
3,8.0,21.8,1.5,7.3,4.4,4.5,7.5,Pune,12,8.0,262.8,2102.26
3,3.0,21.3,3.5,3.2,1.4,1.7,2.0,Hyderabad,7,8.2,325.4,2668.69
6,3.8,16.5,4.8,3.0,0.0,5.0,9.7,Mumbai,9,8.6,382.3,3288.03
1,4.1,20.9,6.0,4.1,6.5,3.7,6.8,Pune,2,8.0,444.5,3556.11
6,7.2,24.0,4.7,0.3,3.3,4.3,9.1,Chennai,5,8.1,403.4,3267.31
1,6.3,22.0,4.4,2.7,3.7,3.3,6.6,Delhi,4,7.6,383.7,2915.82
3,1.3,19.2,2.9,1.8,3.6,3.7,6.3,Chennai,2,8.5,310.0,2634.59
4,11.9,23.9,4.3,1.4,3.8,3.0,4.3,Bengaluru,9,8.1,367.3,2974.75
4,2.0,24.0,7.5,3.0,0.9,1.5,7.3,Pune,9,8.2,510.6,4186.73
1,7.1,22.6,7.4,3.6,0.9,4.6,8.2,Kolkata,6,7.5,512.1,3840.39
3,8.4,14.8,5.9,1.0,0.9,2.6,2.5,Ahmedabad,11,7.8,390.1,3043.02
6,5.2,21.9,1.1,2.8,4.1,3.1,4.4,Chennai,6,8.5,253.8,2157.48
4,8.6,24.0,3.6,3.7,0.6,0.6,3.5,Mumbai,8,8.9,366.6,3262.75
1,4.5,13.8,6.2,4.4,0.0,2.7,9.6,Jaipur,6,7.5,419.6,3146.72
6,7.4,22.8,7.8,3.0,1.7,3.6,8.2,Ahmedabad,1,7.8,535.8,4179.48
3,1.5,19.4,3.5,4.2,2.5,5.6,5.3,Kolkata,4,7.9,341.4,2696.92
2,9.9,23.9,0.4,2.8,2.9,2.9,8.2,Lucknow,7,7.0,215.3,1507.12
3,7.0,19.8,2.3,6.1,2.0,2.5,3.3,Pune,2,8.1,293.4,2376.47
3,3.0,21.0,1.8,4.6,4.0,2.0,6.6,Jaipur,9,7.4,289.2,2139.93
6,8.6,21.1,1.1,2.2,5.3,2.0,7.9,Pune,8,8.0,252.0,2015.66
6,11.1,22.1,1.9,2.5,3.1,5.7,4.9,Bengaluru,8,7.7,298.2,2296.12
5,4.7,21.3,2.6,4.3,5.3,1.4,6.0,Kolkata,7,7.7,297.6,2291.35
5,6.5,17.3,4.8,2.4,4.1,2.4,7.0,Pune,4,8.1,406.5,3293.04
6,5.7,19.2,3.6,0.0,1.1,5.1,8.3,Mumbai,2,8.8,344.4,3030.75
6,5.1,20.0,2.4,4.1,1.3,4.7,2.9,Bengaluru,3,8.1,272.9,2210.84
2,4.8,23.7,3.3,2.7,1.2,6.5,5.7,Hyderabad,12,8.1,321.3,2602.91
2,5.4,21.5,6.2,4.9,2.6,4.6,4.2,Lucknow,6,7.0,500.5,3503.71
3,5.5,18.0,1.9,3.6,2.4,3.4,7.1,Kolkata,12,7.8,247.9,1933.69
4,6.1,17.2,0.6,4.8,4.2,3.9,5.4,Delhi,12,7.5,190.2,1426.67
2,5.9,22.0,3.3,8.5,2.7,1.5,7.6,Jaipur,5,7.5,345.9,2593.98
3,8.9,18.6,3.2,6.1,3.5,2.8,3.3,Chennai,12,8.1,316.1,2560.63
1,8.7,22.3,0.2,2.8,0.7,1.6,5.1,Pune,8,8.0,178.3,1426.07
5,3.2,19.8,0.4,4.3,3.5,5.1,10.0,Jaipur,6,7.6,215.9,1640.64
4,5.5,24.0,6.3,3.7,2.0,0.8,5.6,Jaipur,6,7.5,479.8,3598.39
3,10.1,17.8,1.6,4.0,1.9,2.6,8.2,Delhi,1,7.5,251.4,1885.37
6,7.7,24.0,5.1,0.4,1.7,1.4,3.9,Delhi,4,7.7,406.3,3128.73
1,7.8,23.0,7.1,5.6,6.0,4.5,3.0,Bengaluru,5,7.7,473.5,3646.29
5,7.6,18.7,3.7,0.0,0.6,3.3,8.8,Kolkata,12,7.9,366.3,2894.08
1,6.3,17.4,1.2,3.5,4.4,3.0,7.6,Mumbai,11,8.6,234.9,2020.21
3,6.9,24.0,6.7,0.0,2.9,1.2,5.2,Lucknow,3,7.3,481.0,3511.26
2,6.0,17.3,1.6,2.1,0.3,5.1,9.3,Delhi,9,7.5,239.4,1795.59
5,9.1,20.9,1.0,3.9,2.4,1.6,4.8,Delhi,1,7.5,234.6,1759.51
1,6.0,21.0,1.0,5.2,0.0,2.4,4.3,Chennai,6,8.4,201.7,1694.57
2,6.7,20.0,3.0,5.5,6.4,3.0,6.0,Hyderabad,6,7.9,325.0,2567.24
4,8.8,22.3,4.3,3.1,2.3,3.8,5.5,Delhi,10,7.3,392.2,2863.07
3,6.2,17.2,0.8,5.5,5.2,2.6,3.7,Hyderabad,5,8.1,221.2,1792.08
3,6.8,24.0,1.0,3.4,5.7,5.2,5.8,Bengaluru,12,8.0,250.9,2007.45
5,6.1,17.5,4.3,2.1,1.9,3.1,6.5,Mumbai,5,8.8,386.7,3402.81
1,6.8,19.6,4.8,4.2,3.1,5.5,7.7,Jaipur,10,7.2,391.4,2817.73
4,6.2,15.7,7.2,1.7,3.4,1.6,11.3,Delhi,5,7.3,473.6,3457.13
6,5.7,23.1,5.2,3.2,6.8,3.8,8.4,Pune,6,8.2,478.2,3921.16
5,5.2,24.0,1.4,2.5,2.6,1.9,3.9,Hyderabad,8,7.9,269.3,2127.75
6,6.6,24.0,2.0,0.4,2.9,2.8,11.4,Chennai,2,8.3,296.9,2464.45
5,9.5,23.4,6.4,4.2,0.2,1.0,6.1,Lucknow,6,7.4,495.0,3663.34
1,8.6,18.9,1.1,3.8,1.2,5.1,6.7,Chennai,1,8.5,222.4,1890.54
4,3.1,20.0,4.7,5.8,2.0,5.1,4.6,Delhi,4,7.6,393.8,2992.53
1,5.9,19.0,1.2,0.0,5.6,4.8,6.0,Kolkata,10,7.9,214.7,1695.91
3,5.4,16.4,4.3,2.1,6.8,4.4,6.0,Jaipur,3,7.6,396.9,3016.4
6,3.1,19.1,2.5,5.8,4.0,7.1,7.4,Mumbai,9,9.0,306.5,2758.31
2,7.7,22.7,2.4,4.6,3.7,3.3,7.8,Pune,3,8.0,313.4,2507.45
3,6.8,17.4,1.5,4.9,4.4,5.5,5.2,Kolkata,6,7.8,245.7,1916.75
3,12.1,13.2,0.8,6.4,1.6,3.0,8.4,Chennai,1,8.3,182.0,1511.0
6,6.2,16.2,4.7,2.0,5.8,3.9,4.9,Hyderabad,12,8.2,387.6,3178.14
5,5.1,22.5,1.4,1.8,0.1,4.2,8.2,Hyderabad,6,8.2,248.6,2038.33
3,4.8,14.8,10.9,5.2,2.1,0.3,4.7,Kolkata,4,7.9,619.7,4895.94
4,5.9,18.6,1.4,4.8,4.3,2.8,3.7,Hyderabad,8,7.9,226.4,1788.79
3,8.5,18.8,2.3,3.2,2.0,2.7,5.4,Chennai,11,8.1,294.7,2387.28
4,8.8,20.8,9.6,3.2,7.9,3.0,5.5,Kolkata,9,7.7,600.3,4622.2
1,14.0,20.7,1.9,1.6,4.3,1.9,4.0,Chennai,4,8.5,261.5,2222.67
5,4.0,21.2,7.6,6.7,5.0,3.2,5.2,Pune,10,8.1,528.1,4277.71
4,7.2,19.6,2.0,7.6,1.5,3.5,4.9,Jaipur,12,7.2,264.3,1902.71
3,5.3,17.2,10.0,5.7,4.9,1.5,6.0,Lucknow,10,7.2,638.8,4599.69
5,7.9,22.7,8.1,4.8,4.6,3.1,7.1,Pune,6,7.8,585.2,4564.24
5,10.5,14.7,2.8,4.7,6.1,2.6,5.8,Pune,1,8.1,296.8,2404.32
4,9.2,22.3,4.4,4.2,0.0,4.8,4.1,Hyderabad,4,7.9,374.6,2958.95
4,4.0,23.4,3.9,0.0,1.4,3.9,5.3,Delhi,7,7.5,362.7,2720.36
2,8.7,24.0,3.9,2.5,3.7,1.8,8.0,Ahmedabad,12,7.6,376.1,2858.51
2,1.7,17.7,6.8,5.1,3.7,4.5,4.7,Hyderabad,1,8.1,461.3,3736.73
5,1.1,18.3,12.0,1.8,2.9,2.9,4.1,Delhi,8,7.7,740.9,5704.63
6,6.4,20.2,3.1,3.8,0.0,3.1,2.9,Chennai,12,8.5,337.9,2872.05
6,8.5,19.9,5.5,5.8,3.4,1.6,4.6,Ahmedabad,10,7.8,431.2,3363.35
2,7.9,22.5,5.0,5.8,3.6,3.3,7.7,Hyderabad,12,8.1,461.7,3740.1
3,11.8,21.6,2.8,5.4,3.0,4.4,4.5,Ahmedabad,11,7.4,325.3,2406.99
1,7.3,18.9,2.5,4.1,2.9,2.6,5.9,Ahmedabad,6,7.6,277.4,2108.24
5,6.7,19.7,5.5,5.1,4.9,5.4,5.0,Bengaluru,5,8.1,459.9,3725.47
1,9.9,22.8,0.7,3.0,2.7,4.4,4.9,Jaipur,10,7.4,224.0,1657.53
2,6.1,16.2,2.6,6.9,0.5,1.7,8.6,Bengaluru,11,7.7,278.3,2143.21
4,8.0,19.3,3.1,0.3,5.8,3.4,5.7,Delhi,9,7.3,290.6,2121.03
5,8.1,21.7,5.7,3.6,5.7,0.9,3.5,Mumbai,2,8.9,418.2,3722.32
2,4.6,16.8,7.0,2.6,2.9,1.6,2.9,Kolkata,5,7.7,431.2,3320.26
3,8.0,12.0,5.5,4.9,4.8,0.4,3.9,Lucknow,6,7.0,391.6,2740.87
5,12.5,24.0,7.8,2.8,0.0,0.6,3.7,Mumbai,7,8.8,535.7,4714.49
5,9.8,19.9,4.9,8.3,2.7,2.6,7.7,Kolkata,5,7.9,422.7,3339.1
6,4.9,16.2,7.2,5.3,0.0,2.7,5.6,Delhi,9,7.3,481.1,3512.15
4,12.8,22.8,3.2,1.5,5.2,3.3,6.1,Delhi,1,7.3,367.0,2679.09
5,8.7,19.4,0.6,0.0,0.0,1.7,5.5,Chennai,7,8.5,196.9,1673.91
4,8.1,16.9,3.3,1.2,2.2,4.3,5.6,Lucknow,10,7.2,304.1,2189.21
2,6.8,21.1,5.2,4.6,3.4,2.7,7.9,Jaipur,7,7.5,415.2,3114.01
3,8.7,20.2,8.5,3.0,4.6,3.5,8.0,Ahmedabad,4,7.6,547.6,4162.0
3,7.3,18.2,0.8,2.4,4.1,0.0,9.6,Bengaluru,9,8.0,201.9,1615.12
5,7.0,17.7,0.8,2.1,5.3,3.0,4.2,Bengaluru,12,8.0,223.9,1791.02
5,6.7,16.9,3.3,5.2,4.6,4.2,5.2,Delhi,11,7.5,341.3,2559.41
2,9.4,22.2,3.1,2.8,5.6,0.0,6.4,Bengaluru,5,8.1,332.8,2695.76
6,9.2,16.3,10.2,2.6,0.0,3.0,9.1,Delhi,4,7.6,604.1,4590.98
6,6.6,17.6,1.4,5.5,2.0,1.8,4.6,Ahmedabad,7,7.6,239.7,1821.76
6,3.2,20.3,12.9,6.6,3.9,5.3,7.9,Delhi,4,7.3,770.4,5624.04
4,7.1,24.0,3.1,1.3,6.1,1.1,4.8,Chennai,3,8.4,331.9,2788.0
6,5.2,20.4,0.7,5.9,2.0,6.2,7.9,Jaipur,9,7.4,243.5,1802.2
3,5.8,21.8,2.1,3.3,6.9,4.9,6.2,Pune,11,8.1,305.6,2475.48
4,6.7,20.3,0.7,5.3,3.7,3.2,3.9,Hyderabad,8,8.1,243.6,1973.3
2,4.3,22.7,0.8,4.8,1.6,0.8,5.8,Jaipur,1,7.4,203.3,1504.52
3,3.0,24.0,6.3,3.5,0.7,2.3,7.2,Jaipur,7,7.5,490.3,3676.89
3,7.7,18.7,2.8,3.6,4.5,4.0,2.0,Mumbai,9,8.6,295.8,2544.28
1,7.1,20.0,5.4,4.8,1.7,3.2,7.8,Lucknow,8,7.0,404.0,2828.26
2,7.0,20.5,9.4,1.3,2.5,1.4,3.1,Lucknow,8,7.3,640.7,4676.97
2,8.3,21.6,1.1,1.2,3.3,4.7,5.6,Kolkata,6,7.7,250.5,1928.55
1,5.4,20.4,6.3,7.7,3.4,2.9,5.8,Hyderabad,11,7.9,458.9,3625.48
4,7.8,18.4,3.5,5.8,6.8,3.4,2.0,Ahmedabad,4,7.6,333.9,2537.47
6,10.3,20.0,1.7,5.5,3.8,4.5,4.8,Pune,8,8.1,258.8,2096.1
6,6.4,24.0,1.5,3.2,1.8,4.3,6.8,Pune,3,8.0,289.9,2319.03
6,11.7,20.9,2.0,0.2,1.5,4.6,9.7,Lucknow,9,7.0,266.3,1864.33
6,7.1,14.3,5.8,2.4,6.3,4.0,7.6,Jaipur,2,7.2,433.7,3122.34
6,4.9,18.8,6.4,4.3,2.0,2.0,7.8,Chennai,2,8.4,450.0,3779.74
1,9.1,20.0,1.3,5.8,4.2,2.9,2.0,Kolkata,12,7.8,251.1,1958.53
2,6.7,19.6,6.2,4.4,3.4,5.0,5.4,Delhi,12,7.6,496.8,3775.41
4,9.6,19.8,3.5,4.4,3.8,1.0,9.6,Kolkata,7,7.7,324.6,2499.51
3,8.0,20.9,2.1,3.2,5.8,1.3,8.0,Mumbai,12,8.6,284.3,2445.32
6,6.2,21.5,9.0,4.8,3.6,3.8,5.0,Kolkata,10,7.8,611.2,4767.13
1,10.8,20.8,5.5,1.7,4.6,2.9,6.2,Jaipur,4,7.2,420.4,3026.84
4,5.8,22.9,5.0,3.7,3.6,0.5,8.0,Ahmedabad,10,7.4,404.0,2989.5
4,1.6,15.5,2.4,3.0,2.1,4.0,7.9,Jaipur,8,7.6,277.9,2112.03
4,9.2,19.2,8.2,6.4,4.0,3.7,5.7,Lucknow,9,7.0,551.1,3857.76
1,7.9,21.3,3.0,0.0,1.7,7.0,5.5,Ahmedabad,7,7.4,333.2,2465.67
3,10.2,20.8,2.8,3.2,0.7,3.3,6.9,Bengaluru,5,8.0,301.8,2414.49
6,4.8,18.0,1.5,4.0,4.2,6.2,7.9,Ahmedabad,8,7.7,267.2,2057.18
4,6.4,18.4,13.2,0.0,3.9,4.5,5.2,Kolkata,4,7.7,787.9,6067.02
1,6.1,17.5,1.5,5.0,3.7,0.2,2.3,Kolkata,2,7.8,210.1,1638.44
2,9.3,22.9,5.1,3.2,3.0,3.0,5.8,Kolkata,11,7.5,385.2,2888.76
1,8.6,14.4,0.8,1.6,2.9,2.9,3.5,Bengaluru,12,7.9,166.8,1317.62
1,7.5,16.2,0.6,5.5,0.8,2.9,9.9,Lucknow,6,7.2,179.9,1295.32
1,7.6,21.3,1.0,2.0,0.0,1.7,4.1,Delhi,9,7.6,212.3,1613.41
4,4.1,21.6,1.0,5.1,4.8,4.2,5.8,Hyderabad,1,8.3,235.9,1957.65
1,8.9,15.2,2.1,3.9,4.7,2.5,4.6,Lucknow,11,7.4,266.2,1970.18
2,9.0,21.9,7.3,2.7,2.5,4.8,5.0,Kolkata,10,7.8,527.4,4113.77
4,12.7,20.5,5.8,1.5,5.9,4.5,7.7,Lucknow,12,7.4,462.2,3420.34
2,8.2,21.5,11.9,2.1,4.0,2.6,8.1,Mumbai,7,8.6,724.6,6231.73
5,8.6,20.2,4.6,5.3,3.7,2.1,7.3,Pune,10,8.1,380.6,3083.09
1,8.2,21.3,2.6,5.8,7.0,2.2,7.9,Pune,9,8.0,310.1,2480.61
6,5.3,21.4,4.1,4.9,0.5,3.0,4.9,Hyderabad,10,8.3,373.7,3101.86
6,10.1,21.4,1.8,3.4,2.9,3.5,3.8,Hyderabad,9,7.9,274.7,2170.27
4,6.9,20.7,2.1,4.9,1.3,2.3,4.5,Delhi,10,7.3,266.4,1944.85
6,6.5,19.7,3.1,4.1,2.3,2.4,6.9,Mumbai,11,9.0,343.6,3092.09
4,6.7,19.8,4.2,2.3,2.9,3.4,8.4,Jaipur,3,7.4,353.1,2612.85
1,6.8,20.7,3.2,1.7,2.9,4.5,3.5,Lucknow,11,7.2,318.0,2289.37
3,5.8,22.5,7.6,2.9,0.9,3.4,5.3,Ahmedabad,5,7.6,544.9,4141.22
3,7.5,24.0,1.8,2.2,3.1,3.0,5.5,Ahmedabad,8,7.6,281.7,2140.71
2,6.8,21.6,2.3,3.8,1.4,3.4,4.5,Jaipur,8,7.5,261.9,1963.9
1,6.5,21.1,4.5,6.7,5.4,0.3,7.2,Pune,4,8.0,390.5,3123.93
6,8.2,23.6,3.2,4.1,4.5,2.7,8.0,Jaipur,12,7.5,376.3,2821.94
1,7.2,21.2,1.4,6.4,3.7,1.1,10.9,Lucknow,11,7.2,248.7,1790.5
5,5.6,16.8,3.3,3.5,2.0,2.2,9.9,Mumbai,11,8.8,308.1,2711.26
3,5.1,17.8,6.2,3.2,3.3,1.6,7.6,Kolkata,1,7.7,426.4,3283.63
6,7.2,24.0,3.3,0.5,4.4,1.6,5.1,Bengaluru,1,8.0,349.6,2797.09
3,5.1,17.9,1.0,4.8,2.3,1.5,7.4,Kolkata,4,7.7,209.3,1611.72
1,5.0,21.7,2.5,2.2,0.0,6.5,2.1,Bengaluru,6,8.0,268.8,2150.2
6,5.0,17.0,7.0,1.8,4.4,2.9,7.3,Ahmedabad,8,7.4,443.1,3278.94
2,7.6,23.9,7.3,1.5,4.1,4.8,6.7,Hyderabad,6,7.9,566.5,4475.3
1,10.0,18.6,6.0,4.2,3.6,4.1,6.2,Lucknow,12,7.2,439.9,3167.3
2,7.9,20.2,1.1,2.3,1.5,4.0,4.4,Kolkata,9,7.9,224.6,1774.57
6,9.2,19.3,2.6,6.8,4.9,3.8,7.6,Jaipur,9,7.6,347.4,2640.59
3,6.8,21.5,3.9,5.7,5.3,6.1,4.0,Mumbai,2,9.0,435.1,3915.88
5,7.4,20.5,2.3,2.4,3.6,3.6,8.1,Mumbai,10,8.8,303.5,2671.0
4,11.1,22.7,2.1,0.0,2.2,0.3,7.2,Pune,1,8.0,286.9,2295.0
3,9.1,22.0,1.0,3.7,2.2,2.7,6.9,Mumbai,2,8.8,219.4,1930.34
2,9.3,20.8,1.4,2.9,2.2,1.4,4.0,Mumbai,5,8.6,212.4,1826.48
1,6.3,22.0,3.4,5.3,2.1,0.9,4.7,Hyderabad,4,8.2,290.7,2384.05
6,7.0,22.1,6.9,3.5,2.3,3.6,3.0,Jaipur,4,7.4,500.7,3704.83
3,8.0,18.8,3.8,5.8,3.6,0.0,7.7,Ahmedabad,9,7.8,336.0,2620.86
5,5.5,18.6,7.8,4.5,4.8,3.2,6.1,Mumbai,11,8.6,521.2,4482.14
6,1.1,24.0,4.4,0.9,5.9,0.5,4.9,Ahmedabad,8,7.7,409.8,3155.17
2,8.0,22.1,14.0,2.0,1.2,2.7,5.7,Hyderabad,6,8.1,824.3,6676.98
6,9.4,21.2,4.7,2.6,1.5,4.2,8.1,Mumbai,1,9.0,413.4,3720.69
6,7.1,17.6,1.4,3.2,4.7,2.0,3.7,Lucknow,2,7.0,242.8,1699.78
1,5.5,14.6,2.2,3.0,1.2,1.2,5.1,Pune,6,8.0,221.8,1774.48
4,6.2,19.1,2.0,4.9,0.7,2.5,2.8,Kolkata,11,7.9,252.4,1994.19
2,1.9,18.6,3.0,4.5,1.1,3.9,3.9,Lucknow,2,7.2,270.8,1949.43
1,6.2,19.1,3.1,2.7,2.6,3.5,5.5,Chennai,10,8.1,310.8,2517.23
4,4.2,22.6,1.7,4.8,6.3,2.9,8.2,Delhi,5,7.5,300.3,2252.19
1,5.3,24.0,3.3,1.2,2.7,1.7,7.3,Mumbai,5,8.8,346.3,3047.56
4,4.1,23.3,2.3,4.9,3.5,2.4,8.0,Ahmedabad,6,7.4,299.9,2219.09
4,3.8,18.2,9.9,5.2,0.6,4.0,7.3,Delhi,6,7.5,642.8,4821.29
4,4.5,21.6,4.5,4.1,5.1,2.8,4.1,Bengaluru,6,8.0,398.0,3183.75
1,8.6,18.5,4.1,4.6,4.7,3.4,9.4,Mumbai,2,9.0,367.6,3308.6
6,5.7,14.5,4.0,4.8,2.1,2.5,7.5,Chennai,10,8.3,352.8,2928.09
4,4.2,19.8,2.1,5.6,1.6,1.3,9.6,Hyderabad,3,7.9,258.8,2044.47
6,8.9,23.8,13.5,5.0,4.9,6.0,9.3,Pune,6,8.0,820.3,6562.22
2,7.3,19.0,4.2,5.9,2.5,4.2,5.8,Chennai,8,8.5,357.5,3038.56
5,1.1,22.5,2.5,0.4,1.7,3.4,5.0,Ahmedabad,12,7.6,263.8,2004.66
6,9.5,18.0,4.9,3.8,2.3,2.8,2.0,Hyderabad,11,8.1,407.2,3297.98
5,7.2,22.1,1.1,3.4,3.5,5.1,6.3,Kolkata,12,7.9,259.6,2050.67
4,8.9,19.3,4.8,3.8,4.5,1.8,5.9,Hyderabad,1,8.3,354.3,2940.55
5,6.4,24.0,3.0,5.3,3.6,4.0,4.7,Mumbai,1,8.9,344.6,3066.69
5,11.0,19.1,2.4,3.8,3.5,3.1,5.0,Delhi,11,7.5,293.8,2203.52
4,6.0,18.4,2.2,3.7,2.5,2.6,7.0,Delhi,2,7.3,263.0,1920.1
6,1.0,24.0,8.4,4.4,3.3,2.6,2.2,Ahmedabad,11,7.4,526.1,3893.03
4,4.8,18.3,1.5,0.5,2.2,5.0,8.6,Hyderabad,12,7.9,233.8,1846.76
2,8.3,20.6,8.0,6.6,2.5,0.2,7.7,Chennai,12,8.1,547.0,4430.8
3,7.4,18.3,1.2,3.3,5.8,5.5,5.3,Ahmedabad,6,7.8,230.7,1799.39
1,6.7,22.8,0.9,6.5,3.1,4.5,5.8,Pune,9,8.0,241.5,1931.68
4,4.5,23.9,9.8,1.8,2.3,3.1,6.6,Ahmedabad,4,7.7,651.4,5015.44
4,7.0,18.0,3.9,1.7,1.7,2.6,7.6,Ahmedabad,3,7.4,314.2,2325.07
5,7.0,21.6,2.4,3.0,0.0,3.0,10.1,Kolkata,12,7.9,309.0,2441.25
2,6.9,21.9,1.9,3.6,7.2,3.7,4.9,Lucknow,8,7.2,264.2,1902.05
5,8.3,20.4,6.6,2.5,7.4,4.9,8.7,Mumbai,11,9.0,498.4,4485.88
6,7.5,24.0,4.7,1.9,4.3,3.7,5.6,Kolkata,10,7.8,451.4,3520.82
4,6.4,24.0,1.4,4.2,0.9,3.4,5.2,Delhi,9,7.6,257.8,1959.45
4,4.5,17.4,1.4,6.4,8.5,3.0,5.5,Delhi,12,7.3,260.4,1901.05
5,10.4,23.6,7.1,6.8,0.2,0.2,8.2,Bengaluru,11,7.9,525.0,4147.69
4,12.0,21.5,1.7,2.9,3.8,0.5,4.9,Bengaluru,5,7.9,279.1,2204.53
6,11.4,20.7,1.5,1.3,0.0,4.7,6.2,Chennai,9,8.5,258.7,2198.64
3,8.7,19.3,7.0,3.0,0.0,3.7,5.0,Delhi,2,7.7,480.4,3699.32
1,2.8,15.6,2.7,6.9,3.5,4.2,5.1,Lucknow,3,7.4,276.2,2043.8
1,2.5,20.8,1.8,5.6,3.7,4.2,8.7,Kolkata,7,7.7,247.8,1907.73
1,5.6,20.9,4.5,4.3,3.2,3.9,6.0,Pune,7,8.0,371.5,2972.33
3,6.9,24.0,5.5,2.6,6.0,4.3,4.7,Lucknow,6,7.0,461.3,3229.22
4,6.8,18.0,4.0,5.3,2.9,1.7,5.1,Bengaluru,6,8.0,368.6,2948.49
5,7.5,15.2,0.8,8.0,4.6,3.8,6.6,Hyderabad,2,8.2,211.7,1735.63
2,3.5,16.5,4.0,3.2,1.4,3.7,5.9,Lucknow,10,7.0,351.9,2463.45
4,11.0,24.0,6.8,0.0,5.6,5.0,6.0,Lucknow,6,7.3,557.1,4066.48
3,10.8,18.7,5.2,1.4,5.8,0.0,5.4,Lucknow,4,7.3,392.1,2862.55
6,3.7,24.0,2.6,3.6,2.5,6.6,8.1,Lucknow,12,7.4,319.4,2363.24
3,2.3,20.0,5.0,3.2,3.8,4.3,7.2,Lucknow,3,7.0,396.2,2773.48
1,6.8,17.1,2.8,6.2,1.6,3.4,5.6,Bengaluru,11,7.7,302.6,2330.37
4,10.2,24.0,1.3,2.3,2.6,1.6,6.3,Delhi,2,7.6,264.4,2009.2
1,6.9,24.0,2.0,3.2,4.5,2.6,4.4,Ahmedabad,1,7.4,274.2,2029.27
2,7.6,19.5,3.2,2.2,4.0,3.5,5.9,Lucknow,11,7.4,298.4,2207.8
6,5.9,23.0,5.9,5.1,0.0,5.5,4.6,Lucknow,11,7.4,427.2,3160.92
1,7.4,20.4,9.4,1.8,0.7,5.3,6.4,Mumbai,5,8.8,596.2,5246.26
2,9.4,21.3,3.1,3.0,1.8,3.9,5.8,Delhi,2,7.5,348.8,2615.96
3,8.0,24.0,3.5,0.5,3.4,4.1,5.5,Ahmedabad,2,7.8,348.8,2720.89
1,8.4,15.4,2.2,2.4,1.2,3.3,6.3,Pune,7,8.2,249.7,2047.86
1,2.8,18.9,0.6,6.8,0.2,1.5,6.6,Pune,8,8.1,186.7,1512.45
5,12.3,20.1,1.3,7.1,0.0,1.8,8.2,Hyderabad,10,7.9,242.8,1918.35
6,2.9,21.0,3.0,4.8,7.2,4.4,7.6,Jaipur,8,7.4,366.0,2708.42
6,7.4,16.3,4.5,4.4,3.4,4.1,7.9,Kolkata,4,7.9,373.2,2948.59
3,6.6,22.8,3.1,2.2,0.1,2.1,5.3,Mumbai,1,8.6,303.4,2609.22
5,6.7,16.5,1.1,3.9,5.1,1.9,6.6,Delhi,11,7.7,226.4,1742.95
2,9.2,16.3,4.5,3.8,6.0,4.0,9.5,Delhi,7,7.7,366.6,2823.03
2,5.2,19.2,0.3,3.5,3.4,2.5,5.8,Jaipur,1,7.6,170.1,1292.82
3,5.9,24.0,6.1,5.1,4.2,1.8,6.3,Hyderabad,11,8.2,492.0,4034.3
6,4.1,24.0,6.5,1.6,5.6,3.5,6.3,Chennai,4,8.4,498.9,4190.99
2,9.8,21.5,2.9,8.6,4.2,4.0,5.8,Bengaluru,8,7.7,351.9,2709.55
3,7.7,19.3,1.5,6.7,4.3,1.3,8.6,Hyderabad,2,7.9,254.9,2013.51
2,8.6,20.5,2.0,1.9,0.0,2.5,5.1,Ahmedabad,6,7.4,248.5,1839.06
4,9.0,21.0,4.6,3.7,0.0,4.1,8.2,Hyderabad,6,8.1,400.4,3243.0
1,12.0,24.0,1.4,2.3,4.7,5.4,7.5,Jaipur,12,7.5,275.3,2064.78
6,11.5,16.3,8.8,4.8,2.6,3.4,5.9,Jaipur,9,7.5,568.1,4260.49
4,7.8,23.6,11.4,3.3,2.1,2.2,5.2,Kolkata,5,7.7,682.3,5254.09
3,7.4,15.7,6.0,0.0,4.9,1.8,5.9,Mumbai,10,8.8,437.7,3851.61
3,5.7,18.6,10.9,1.7,1.1,3.0,8.3,Lucknow,4,7.2,664.6,4785.2
4,8.9,20.0,11.9,6.2,2.9,2.9,8.2,Pune,5,8.1,740.7,5999.96
1,8.8,21.2,3.1,3.1,3.1,0.0,7.6,Jaipur,12,7.2,287.5,2070.23
1,5.2,20.0,4.2,3.0,4.4,0.5,5.8,Kolkata,12,7.5,356.8,2676.28
5,8.8,20.5,4.1,4.8,3.7,0.0,6.1,Bengaluru,10,8.0,381.8,3054.78
2,9.5,20.1,9.0,5.4,3.7,3.0,7.3,Pune,11,8.2,587.0,4813.1
5,4.2,15.4,6.2,3.3,2.2,4.6,5.5,Chennai,5,8.4,450.1,3780.96
1,7.5,21.7,5.0,0.0,2.2,4.4,7.7,Delhi,8,7.3,386.5,2821.78
4,6.8,22.4,5.8,1.9,3.7,1.1,6.3,Bengaluru,10,7.9,453.3,3580.72
2,7.0,24.0,1.9,0.0,2.0,1.6,8.0,Chennai,12,8.5,247.8,2106.34
4,4.6,24.0,3.6,0.7,1.3,1.0,3.2,Pune,8,8.0,348.6,2788.92
5,2.4,21.2,6.4,3.7,5.6,3.1,4.8,Bengaluru,2,8.0,455.7,3645.61
3,5.1,24.0,7.3,3.6,1.7,4.4,5.3,Kolkata,7,7.8,529.3,4128.7
4,4.8,20.1,5.5,6.1,2.1,4.7,6.8,Chennai,8,8.4,459.8,3862.3
5,7.9,15.6,2.0,3.4,5.5,2.0,5.2,Delhi,11,7.7,269.8,2077.3
5,7.9,22.9,1.8,1.7,1.6,3.2,10.4,Lucknow,6,7.3,286.7,2092.67
5,7.8,22.2,3.1,5.9,3.6,1.9,3.6,Kolkata,5,7.5,350.5,2628.52
3,3.5,20.0,5.9,7.0,3.8,3.0,8.0,Ahmedabad,11,7.8,483.9,3774.79
3,4.2,19.8,0.5,5.3,2.8,2.0,8.5,Delhi,9,7.3,199.4,1455.66
3,5.5,21.4,0.9,3.4,2.2,2.2,7.0,Mumbai,3,8.9,229.7,2044.25
2,7.1,19.0,1.0,2.9,0.7,1.0,5.4,Hyderabad,12,7.9,192.7,1522.19
3,6.2,21.3,4.8,1.1,4.3,0.0,6.0,Mumbai,10,8.8,375.3,3302.38
3,7.8,17.2,4.2,1.9,5.2,2.4,7.6,Jaipur,4,7.4,382.3,2828.68
3,9.4,17.6,0.3,2.6,5.0,3.5,2.8,Lucknow,9,7.3,181.9,1328.06
4,4.5,16.0,13.5,0.9,3.7,3.3,4.7,Ahmedabad,6,7.6,741.4,5634.3
3,4.6,24.0,3.6,2.8,0.0,0.8,4.9,Ahmedabad,8,7.7,331.9,2555.89
2,7.3,20.2,3.6,2.9,4.5,0.0,7.1,Hyderabad,7,7.9,322.7,2549.65
5,6.8,23.6,12.0,6.0,2.8,2.9,8.2,Chennai,11,8.5,746.6,6346.2
4,8.9,16.7,1.9,0.3,1.8,1.3,10.0,Hyderabad,2,8.2,236.5,1939.44
1,7.0,19.5,9.6,3.8,4.3,2.3,2.3,Jaipur,3,7.4,578.2,4278.68
3,11.4,21.7,4.8,0.8,3.5,1.2,3.9,Mumbai,1,9.0,399.8,3598.6
5,3.0,24.0,9.4,0.0,5.0,0.7,5.3,Ahmedabad,9,7.7,648.6,4994.35
5,9.1,18.2,1.5,2.5,3.7,4.8,7.1,Mumbai,7,9.0,255.8,2302.25
4,7.5,18.8,3.8,3.5,2.5,3.7,7.5,Delhi,1,7.3,322.4,2353.35
1,3.5,17.6,7.5,6.0,2.3,3.0,3.6,Lucknow,3,7.0,512.6,3588.29
6,1.8,19.6,4.8,3.0,4.2,4.3,6.8,Bengaluru,4,8.1,412.2,3338.82
2,4.2,16.9,2.9,2.4,0.3,3.0,2.0,Jaipur,4,7.5,259.2,1944.02
6,10.0,15.7,6.1,2.1,2.0,2.4,6.6,Bengaluru,5,8.1,461.4,3736.98
5,9.7,20.8,2.6,2.5,0.0,5.5,5.9,Jaipur,3,7.4,305.0,2256.98
6,6.7,22.0,2.7,0.0,3.8,5.6,5.8,Pune,3,8.1,335.8,2719.88
5,6.1,16.6,2.2,1.9,4.3,1.5,5.2,Lucknow,1,7.4,286.7,2121.94
6,4.9,18.0,1.9,5.1,1.5,3.4,5.8,Delhi,7,7.6,265.6,2018.84
5,6.5,19.7,7.0,0.0,0.8,3.2,6.6,Lucknow,11,7.2,502.8,3620.34
5,5.8,24.0,0.2,2.7,4.9,4.3,9.3,Chennai,10,8.4,237.9,1998.14
4,11.3,12.0,2.4,2.9,1.6,1.4,3.4,Jaipur,1,7.6,263.2,2000.32
1,3.9,21.3,1.2,4.9,4.3,4.9,5.5,Bengaluru,2,8.1,237.4,1922.86
5,8.0,22.0,2.5,3.7,3.0,1.6,7.1,Jaipur,4,7.6,305.9,2324.58
2,11.4,17.9,6.1,4.3,1.9,2.8,5.9,Chennai,4,8.1,423.1,3426.95
2,8.9,19.0,4.9,2.0,4.2,1.3,6.2,Jaipur,5,7.2,382.1,2751.09
3,4.2,21.0,4.7,0.0,3.1,2.2,4.8,Lucknow,11,7.2,370.3,2666.17
5,3.1,19.9,1.8,2.4,6.0,1.4,7.7,Kolkata,2,7.5,260.8,1956.34
5,7.7,24.0,1.6,3.2,1.5,1.6,2.0,Jaipur,4,7.2,241.9,1741.89
5,7.4,20.3,1.2,5.8,0.4,4.2,4.0,Pune,1,8.0,238.8,1910.23
6,10.1,22.6,0.7,0.6,3.0,2.9,9.9,Pune,2,8.1,235.0,1903.11
5,8.4,21.4,1.7,7.7,4.0,6.0,3.5,Ahmedabad,1,7.7,268.9,2070.16
5,5.8,22.1,2.2,3.8,2.6,2.7,4.3,Pune,10,8.0,291.7,2333.86
2,5.6,17.7,2.7,2.0,6.6,1.8,4.4,Jaipur,10,7.4,291.8,2159.48
1,3.7,20.6,1.8,1.9,5.4,2.2,4.9,Jaipur,4,7.6,243.5,1850.79
1,7.3,19.8,10.1,3.2,1.9,2.8,6.0,Kolkata,4,7.8,585.8,4569.2
3,3.5,17.9,5.9,3.4,3.1,3.5,8.2,Pune,7,7.8,428.0,3338.39
2,9.3,22.8,4.0,3.5,0.0,2.4,7.0,Mumbai,10,9.0,378.2,3403.42
5,8.5,14.0,0.1,4.8,5.1,1.1,5.5,Jaipur,11,7.5,176.1,1321.04
1,8.4,24.0,1.8,2.2,1.6,4.4,9.5,Delhi,11,7.3,275.3,2010.05
4,3.7,13.3,1.2,3.7,3.4,4.8,5.2,Delhi,9,7.3,208.1,1519.22
4,6.6,19.5,1.3,2.8,2.5,2.4,6.1,Bengaluru,9,7.9,227.3,1795.71
4,6.0,22.8,4.9,6.8,0.0,5.2,6.2,Kolkata,5,7.5,436.7,3275.2
5,7.3,16.4,1.0,0.0,4.7,2.2,7.7,Chennai,10,8.3,208.4,1729.66
5,8.3,21.3,1.7,7.8,0.9,4.6,3.7,Mumbai,1,8.6,268.3,2307.62
3,5.7,20.9,2.5,1.7,2.0,1.6,4.0,Jaipur,1,7.5,290.9,2181.73
3,5.8,21.0,1.8,1.3,4.7,6.6,7.9,Lucknow,6,7.0,272.8,1909.45
3,8.7,19.0,6.4,2.9,1.1,0.4,9.6,Hyderabad,2,8.2,462.8,3794.62
6,4.2,18.6,10.4,3.9,6.0,1.3,5.3,Hyderabad,8,8.1,663.2,5372.15
4,5.1,15.3,7.1,2.8,1.0,6.3,3.5,Chennai,9,8.5,470.1,3995.93
5,7.0,19.7,2.7,4.7,0.7,0.4,3.6,Ahmedabad,4,7.6,281.9,2142.68
4,9.2,22.8,3.8,2.6,3.1,2.6,8.1,Lucknow,5,7.4,365.6,2705.54
3,4.6,18.6,0.7,2.2,6.3,2.2,2.6,Hyderabad,11,7.9,180.2,1423.69
5,11.5,18.8,4.1,1.7,3.0,3.0,6.1,Chennai,8,8.4,388.6,3264.66
2,3.6,24.0,0.2,6.0,5.0,3.4,5.6,Hyderabad,3,7.9,196.0,1548.5
1,10.9,19.5,0.8,4.3,0.3,2.6,4.6,Kolkata,5,7.7,224.1,1725.47
1,10.0,21.1,3.8,1.2,2.3,4.1,4.3,Bengaluru,3,8.0,329.2,2633.75
3,3.4,21.6,4.7,2.6,2.4,5.1,7.4,Ahmedabad,12,7.6,403.7,3067.97
4,2.9,19.5,1.5,0.9,0.5,2.1,7.6,Kolkata,10,7.9,243.6,1924.78
2,8.8,22.0,3.2,9.0,0.0,0.3,8.3,Lucknow,3,7.2,342.4,2465.35
5,6.1,23.0,7.2,3.9,2.5,2.0,7.0,Chennai,3,8.1,511.7,4144.8
4,4.5,22.7,0.7,0.0,6.2,3.4,6.0,Mumbai,12,8.6,219.1,1884.56
3,11.5,23.0,9.8,0.8,3.4,3.2,6.3,Lucknow,7,7.0,609.8,4268.29
4,4.0,13.8,9.3,1.0,1.6,4.3,8.0,Lucknow,7,7.4,509.7,3772.05
3,5.2,16.5,6.4,4.1,0.0,5.8,2.6,Pune,7,7.8,452.6,3530.42
6,5.5,18.5,3.7,0.1,2.3,3.3,6.9,Mumbai,10,8.8,305.0,2684.41
1,1.0,17.6,3.9,0.8,2.1,2.4,4.8,Delhi,8,7.7,289.2,2226.97
1,7.2,17.8,2.4,3.0,3.8,1.9,6.8,Pune,5,8.0,268.5,2148.24
4,4.7,22.7,1.5,3.3,2.5,2.7,3.9,Chennai,5,8.4,244.2,2051.12
2,9.0,20.3,5.5,2.4,4.3,4.3,7.7,Delhi,4,7.3,440.9,3218.35
5,9.4,19.6,8.6,2.7,4.5,2.1,7.2,Hyderabad,7,8.2,620.4,5087.39
3,7.6,19.3,4.1,0.6,2.9,3.9,4.6,Hyderabad,10,7.9,345.7,2730.64
5,7.6,18.8,0.9,4.4,2.9,1.4,5.1,Lucknow,4,7.4,214.7,1588.61
1,7.4,19.3,5.5,0.0,3.1,3.0,4.9,Pune,2,8.2,433.9,3558.06
2,5.2,24.0,0.3,3.2,0.0,0.7,6.1,Jaipur,4,7.5,195.5,1466.43
2,5.5,14.7,5.0,7.1,4.4,2.1,10.1,Mumbai,8,8.9,409.3,3643.09
5,10.3,23.8,10.4,2.8,6.4,5.2,2.4,Delhi,9,7.3,707.8,5167.21
1,8.8,24.0,7.3,0.7,3.1,3.4,6.7,Mumbai,3,9.0,509.5,4585.66
5,7.5,23.8,3.3,3.3,1.4,2.8,6.9,Pune,7,7.8,342.9,2674.69
4,8.5,17.0,3.4,2.9,3.0,3.4,4.9,Lucknow,12,7.2,306.9,2209.56
2,6.8,18.5,11.0,3.9,2.1,3.8,2.7,Kolkata,9,7.7,677.8,5219.01
2,7.5,23.1,1.3,3.8,3.1,3.5,5.6,Hyderabad,11,7.9,251.6,1987.61
4,8.5,19.3,14.0,5.4,2.4,3.3,3.6,Delhi,4,7.3,836.0,6102.66
1,1.8,18.5,2.4,2.5,0.0,1.5,7.1,Delhi,10,7.3,225.0,1642.58
2,9.3,19.7,12.0,1.8,3.2,0.8,3.2,Chennai,3,8.1,732.6,5934.03
6,9.1,16.6,0.5,1.9,7.4,4.1,5.9,Delhi,5,7.6,206.7,1570.74
6,5.0,19.6,1.5,2.2,0.3,1.0,4.5,Pune,1,8.1,212.2,1719.21
6,10.1,16.4,1.7,4.1,5.2,3.5,8.2,Delhi,3,7.6,254.8,1936.17
3,1.5,22.2,6.8,0.7,3.8,4.5,9.1,Delhi,8,7.6,473.5,3598.24
3,7.9,17.5,4.1,1.6,1.2,1.5,5.3,Mumbai,11,8.8,327.9,2885.7
1,7.1,20.2,2.1,3.6,0.3,2.0,3.9,Lucknow,8,7.0,253.8,1776.85
4,6.2,18.7,4.3,5.9,3.5,2.8,9.3,Bengaluru,4,8.0,391.2,3129.41
5,7.0,21.1,10.9,1.7,3.7,1.7,5.7,Delhi,2,7.6,672.2,5108.86
1,8.5,22.5,2.1,4.2,0.0,1.6,6.6,Jaipur,8,7.6,264.9,2012.92
5,2.5,20.9,4.1,3.1,4.9,2.2,5.8,Lucknow,8,7.4,367.4,2718.66
1,9.5,17.9,6.1,4.5,2.0,1.8,5.6,Ahmedabad,10,7.4,441.6,3267.49
3,6.0,18.3,9.0,3.6,4.0,3.7,5.0,Chennai,4,8.4,607.6,5104.13
6,9.5,24.0,6.9,3.6,4.4,3.1,2.2,Mumbai,3,8.9,506.0,4503.3
4,8.6,22.8,4.7,8.6,4.8,0.8,9.5,Chennai,2,8.3,428.6,3557.47
3,5.9,19.4,2.5,9.4,1.0,5.6,6.4,Kolkata,9,7.8,326.6,2547.17
4,6.8,18.3,1.0,3.0,7.0,2.6,5.8,Delhi,1,7.3,215.0,1569.77
5,6.9,15.7,1.2,1.7,1.2,2.9,7.9,Hyderabad,7,8.3,210.1,1743.86
1,11.0,23.4,8.6,4.0,4.8,2.2,4.9,Jaipur,5,7.6,560.6,4260.83
2,4.1,17.9,2.6,4.7,2.0,3.0,6.7,Mumbai,8,8.9,263.3,2343.35
2,5.9,23.2,5.7,6.1,3.1,1.6,4.5,Chennai,4,8.3,447.4,3713.79
4,3.0,22.5,2.7,0.0,2.8,1.0,5.3,Delhi,7,7.5,306.1,2295.57
6,7.3,24.0,7.5,2.7,3.9,2.5,7.2,Hyderabad,5,7.9,596.4,4711.55
6,5.4,22.3,8.8,2.5,5.1,5.2,6.5,Hyderabad,5,8.1,599.6,4856.8
4,5.7,19.4,0.9,1.9,1.8,3.8,5.3,Kolkata,9,7.8,212.7,1658.97
3,10.7,20.0,5.7,0.5,1.2,4.8,7.5,Lucknow,9,7.0,446.5,3125.44
2,4.9,20.1,3.3,3.1,0.0,2.1,4.4,Jaipur,9,7.5,303.7,2277.78
3,6.6,19.2,2.1,4.9,3.4,1.8,4.2,Bengaluru,12,7.7,280.8,2162.53
5,5.9,15.1,4.1,1.0,2.7,2.2,5.1,Jaipur,6,7.4,331.4,2452.19
2,6.0,13.5,6.9,3.7,3.2,3.8,5.5,Kolkata,6,7.7,475.1,3658.44
5,13.9,22.3,7.1,4.3,2.8,4.5,5.3,Pune,5,8.1,528.7,4282.5
1,2.7,19.5,4.3,6.8,4.5,2.6,5.1,Lucknow,9,7.4,342.1,2531.36
3,8.6,22.9,2.1,4.8,2.0,0.9,7.8,Mumbai,10,8.8,274.4,2414.4
4,13.1,18.9,0.4,3.3,3.7,4.5,9.0,Lucknow,8,7.4,200.7,1484.96
2,9.7,20.0,3.5,4.1,2.9,4.7,5.7,Kolkata,7,7.8,362.5,2827.3
3,7.1,22.8,6.6,5.0,1.1,3.8,7.2,Kolkata,7,7.7,517.5,3985.11
4,4.1,24.0,2.2,3.7,1.6,5.1,4.5,Mumbai,6,8.8,283.3,2492.8
1,10.3,19.1,4.0,5.1,4.8,0.1,5.8,Mumbai,5,9.0,340.2,3061.43
2,9.3,17.0,2.6,2.8,4.6,1.6,6.9,Mumbai,4,8.9,275.0,2447.94
5,3.2,23.6,0.9,5.9,4.5,3.0,4.3,Lucknow,3,7.4,245.9,1819.69
1,6.2,19.1,3.2,2.5,2.7,1.4,7.5,Delhi,3,7.5,288.6,2164.61
6,4.0,18.5,2.1,2.1,0.0,4.4,4.5,Chennai,6,8.1,264.6,2143.37
4,1.0,18.8,6.2,2.6,0.0,1.2,8.0,Ahmedabad,4,7.6,424.9,3229.46
2,3.9,17.8,7.5,1.6,2.5,5.0,7.7,Mumbai,12,9.0,518.8,4669.0
2,7.3,22.3,4.1,5.0,0.0,1.7,8.2,Chennai,12,8.1,380.4,3081.28
1,8.5,16.0,1.3,0.4,5.3,5.1,8.0,Ahmedabad,6,7.8,206.3,1609.18
2,6.2,20.3,2.9,2.6,1.4,1.8,9.9,Lucknow,3,7.0,282.7,1978.75
4,10.4,20.7,3.8,4.1,2.5,0.0,7.0,Chennai,4,8.1,362.2,2933.61
1,9.6,18.2,3.1,3.5,6.5,3.2,3.1,Mumbai,9,9.0,308.7,2778.71
5,6.7,24.0,9.1,3.4,5.1,4.0,6.3,Bengaluru,5,8.1,653.6,5294.21
1,6.4,22.7,1.0,3.2,3.7,1.4,5.1,Kolkata,7,7.5,226.6,1699.58
1,8.0,18.6,3.4,3.8,3.4,5.4,3.3,Chennai,10,8.1,312.3,2529.49
5,7.0,19.7,1.6,1.5,1.5,5.1,8.6,Hyderabad,2,8.1,273.2,2212.81
6,3.4,22.7,0.8,2.5,4.5,2.7,5.4,Hyderabad,5,8.3,222.9,1849.87
4,6.3,20.2,6.4,3.0,3.4,3.5,3.0,Chennai,9,8.3,436.1,3619.43
6,8.7,24.0,3.9,4.4,2.7,3.0,4.7,Mumbai,11,8.9,383.9,3416.96
6,10.3,21.7,3.3,5.4,4.3,4.0,10.5,Jaipur,3,7.6,360.4,2739.1
6,9.4,20.8,0.8,3.2,4.3,4.3,8.7,Mumbai,9,8.9,257.3,2290.31
3,7.8,20.7,1.2,5.0,1.1,0.5,7.5,Lucknow,11,7.3,221.8,1618.8
6,10.6,24.0,1.7,3.7,4.8,5.5,7.3,Mumbai,6,9.0,316.4,2847.67
3,8.1,16.9,4.6,3.4,2.8,4.8,4.2,Lucknow,4,7.3,369.8,2699.63
5,6.8,16.7,2.9,5.1,3.2,1.4,4.0,Jaipur,7,7.2,279.3,2011.29
4,10.7,19.3,1.9,0.6,0.4,5.2,7.1,Bengaluru,8,7.9,270.7,2138.39
6,8.8,24.0,7.7,4.4,0.4,5.9,9.2,Lucknow,6,7.0,595.4,4167.74
2,10.3,12.6,3.8,2.1,0.1,0.4,4.0,Pune,5,8.1,299.1,2423.09
5,4.0,14.3,4.2,5.6,7.8,4.0,5.8,Hyderabad,6,7.9,357.5,2824.59
3,4.8,18.8,6.9,2.2,7.5,4.4,6.5,Kolkata,5,7.9,527.7,4169.22
4,5.0,24.0,1.0,2.9,0.0,3.5,5.0,Hyderabad,8,8.2,240.8,1974.16
1,7.5,20.1,0.7,0.4,0.0,4.8,5.6,Lucknow,1,7.4,194.9,1442.34
4,11.6,16.5,3.1,4.2,2.0,3.3,3.9,Pune,11,8.1,282.3,2287.03
4,4.2,22.5,3.4,2.7,5.2,3.7,6.6,Delhi,7,7.6,332.7,2528.25
6,9.3,24.0,1.9,2.4,4.3,0.1,6.3,Bengaluru,10,8.1,288.4,2336.43
6,4.0,18.1,3.4,3.6,7.3,2.0,7.2,Bengaluru,10,8.0,346.9,2775.09
3,12.3,21.4,3.1,0.2,2.4,4.9,5.6,Delhi,11,7.5,340.5,2553.39
3,3.0,20.5,1.2,2.1,1.6,2.0,7.4,Kolkata,2,7.9,208.0,1642.9
6,8.9,21.7,2.3,3.1,3.1,2.9,6.7,Jaipur,9,7.5,311.8,2338.58
6,9.2,18.6,2.2,6.4,2.7,1.3,8.5,Ahmedabad,1,7.6,279.8,2126.55
2,8.6,21.9,3.0,3.9,2.9,2.0,5.5,Pune,11,8.0,330.7,2645.78
2,4.8,22.5,0.8,4.3,3.2,3.5,7.9,Lucknow,10,7.3,212.2,1548.83
5,4.4,22.1,3.5,3.6,7.2,2.8,5.6,Ahmedabad,6,7.6,375.7,2855.25
6,10.2,15.1,1.5,10.0,3.2,0.3,7.3,Kolkata,9,7.8,260.8,2033.88
1,9.6,15.7,4.7,5.3,0.9,1.9,8.7,Jaipur,1,7.5,365.9,2744.36
2,9.6,17.9,5.9,0.0,2.4,5.1,8.3,Bengaluru,4,8.0,440.8,3526.25
3,9.9,20.8,14.0,3.9,4.5,4.6,5.6,Lucknow,4,7.3,801.1,5848.05
4,3.2,21.7,6.9,5.7,4.2,3.0,4.9,Lucknow,9,7.2,498.8,3591.63
5,3.1,16.8,2.3,0.6,4.1,3.5,7.9,Jaipur,11,7.2,253.1,1822.65
2,5.3,21.0,2.1,3.7,0.0,2.0,5.1,Hyderabad,5,8.3,262.3,2177.08
4,5.8,22.8,4.2,2.4,0.0,5.1,8.0,Pune,5,7.8,375.4,2928.09
4,5.5,22.0,14.0,1.8,2.7,2.6,3.6,Jaipur,6,7.5,799.1,5992.96
2,7.7,18.6,4.5,6.2,3.9,1.2,6.9,Mumbai,1,8.9,380.5,3386.43
1,9.8,18.9,1.6,2.2,1.3,0.4,5.3,Mumbai,1,8.9,220.8,1965.03
1,6.3,16.1,3.8,2.2,6.0,0.4,2.7,Jaipur,9,7.2,343.3,2472.11
5,5.0,24.0,7.8,1.7,4.1,1.8,4.5,Bengaluru,3,8.1,535.4,4337.11
1,9.0,21.4,2.7,1.3,2.0,5.5,5.2,Jaipur,4,7.2,310.2,2233.09
5,6.3,15.2,3.1,2.4,8.6,7.0,9.8,Chennai,1,8.5,309.9,2634.08
3,7.3,23.7,12.0,2.3,2.1,4.6,2.0,Kolkata,9,7.8,651.8,5083.97
2,6.2,22.0,3.4,1.1,2.3,0.4,5.3,Mumbai,8,8.8,321.5,2829.42
4,7.8,23.6,1.4,3.4,2.2,1.3,5.3,Ahmedabad,2,7.6,268.4,2039.82
5,4.5,18.3,1.1,0.0,3.1,1.3,4.1,Jaipur,8,7.2,216.6,1559.18
1,8.8,18.7,2.2,3.7,0.9,2.6,5.2,Mumbai,7,8.8,272.7,2399.63
5,6.9,17.6,2.9,5.5,4.5,1.7,5.7,Kolkata,11,7.7,308.7,2376.72
6,5.1,24.0,5.0,2.4,4.7,3.9,4.7,Kolkata,6,7.9,442.0,3491.5
5,8.3,18.5,3.9,4.2,4.3,2.6,6.7,Ahmedabad,1,7.7,353.1,2718.87
1,5.1,17.1,1.7,3.0,2.1,4.3,9.2,Lucknow,7,7.2,227.1,1635.03
6,5.2,18.1,1.0,8.2,2.1,3.9,5.9,Chennai,10,8.4,237.5,1994.64
6,4.0,19.0,6.9,5.4,4.2,5.0,4.6,Jaipur,7,7.5,503.7,3777.92
1,2.7,24.0,1.7,1.8,3.4,1.9,5.8,Delhi,9,7.6,240.7,1829.12
6,8.3,20.8,6.1,6.1,1.4,4.4,5.3,Jaipur,1,7.5,480.9,3607.06
2,9.9,23.7,4.4,8.3,0.0,1.9,8.2,Lucknow,2,7.2,423.0,3045.9
4,5.9,20.9,7.0,3.1,2.2,2.9,5.1,Pune,11,7.8,471.6,3678.75
2,5.0,19.5,4.4,4.5,4.0,1.7,7.0,Hyderabad,9,8.1,378.3,3063.87
2,2.5,16.9,0.6,5.5,4.0,3.5,6.6,Bengaluru,9,7.7,176.3,1357.87
1,1.6,24.0,6.5,1.3,0.0,5.0,6.2,Lucknow,6,7.0,425.5,2978.25
1,8.8,23.0,5.2,0.0,4.7,4.8,3.7,Kolkata,6,7.8,419.6,3273.15
4,2.1,23.2,11.4,3.8,6.7,3.5,4.8,Delhi,4,7.5,702.8,5270.86
5,4.1,22.8,12.2,1.9,2.3,2.8,5.6,Bengaluru,4,8.1,736.0,5961.75
2,7.7,17.9,4.4,3.1,2.6,3.0,3.6,Mumbai,5,8.6,358.6,3083.81
6,7.2,20.8,1.7,5.5,2.0,5.3,4.0,Jaipur,3,7.2,286.1,2059.77
4,7.8,23.3,1.0,4.6,2.3,1.7,5.0,Bengaluru,1,7.9,244.2,1928.88
2,7.0,22.8,1.0,4.6,5.4,3.7,6.7,Mumbai,1,9.0,247.7,2229.01
5,6.1,20.5,7.9,3.2,1.4,4.7,8.8,Hyderabad,12,8.3,578.1,4798.3
6,4.2,24.0,3.6,2.2,3.5,3.0,6.5,Mumbai,7,8.6,377.3,3244.51
2,5.4,21.6,5.6,2.1,2.4,4.4,6.3,Delhi,1,7.5,429.7,3222.83
3,6.3,24.0,1.9,7.0,3.4,6.3,6.1,Kolkata,1,7.9,312.1,2465.32
4,2.3,20.6,3.8,8.0,2.4,2.9,5.3,Lucknow,3,7.3,350.2,2556.59
1,5.0,18.9,3.3,5.7,4.6,2.6,5.8,Ahmedabad,10,7.8,315.7,2462.8
2,6.1,22.9,0.6,2.9,5.1,3.3,7.1,Lucknow,4,7.0,229.1,1603.43
6,5.3,22.2,5.5,1.3,3.7,3.7,7.9,Lucknow,4,7.3,441.1,3219.83
6,6.1,21.0,4.0,8.9,2.6,5.0,2.0,Mumbai,2,9.0,390.3,3512.74
4,8.7,17.5,3.4,4.4,4.6,4.9,7.4,Jaipur,1,7.6,343.7,2612.11
4,9.0,23.0,5.0,4.4,1.5,3.5,5.4,Bengaluru,3,8.1,428.1,3467.23
6,10.8,17.6,4.0,2.3,3.9,0.0,7.0,Ahmedabad,11,7.4,390.0,2885.78
6,3.2,22.3,8.5,4.9,2.0,0.8,6.7,Ahmedabad,4,7.7,568.9,4380.16
6,5.9,16.7,1.8,3.1,3.4,4.5,5.7,Bengaluru,3,7.7,275.5,2121.3
2,10.1,17.5,2.8,1.4,1.1,2.1,7.1,Bengaluru,8,8.1,269.4,2182.04
6,2.6,20.9,10.6,2.8,5.4,4.6,6.6,Kolkata,10,7.7,669.4,5154.45
1,4.1,21.7,7.6,4.3,0.5,4.2,5.9,Delhi,1,7.6,507.4,3855.93
6,5.5,20.7,2.6,6.6,2.7,2.7,5.8,Hyderabad,2,8.1,326.9,2647.67
1,12.1,18.4,2.0,0.4,0.0,1.8,4.0,Delhi,7,7.3,225.9,1648.8
2,4.6,23.3,3.4,1.0,5.3,2.7,6.0,Bengaluru,4,8.0,339.7,2717.73
4,9.7,20.4,4.9,2.6,6.1,3.3,2.0,Jaipur,8,7.5,426.4,3198.19
1,6.9,20.6,3.2,1.6,0.6,0.9,6.6,Chennai,11,8.5,295.6,2512.67
2,4.1,19.5,6.6,3.5,3.6,4.4,7.5,Chennai,3,8.1,456.7,3699.02
6,14.0,17.8,0.8,2.5,2.4,4.1,3.1,Hyderabad,6,8.3,220.0,1825.86
2,7.5,23.4,2.0,3.7,4.0,3.3,5.4,Bengaluru,9,8.1,288.5,2336.82
6,7.9,18.1,6.5,3.8,6.2,3.3,8.8,Chennai,1,8.1,455.0,3685.78
2,8.3,24.0,0.7,0.8,3.8,5.1,10.4,Hyderabad,1,8.3,218.3,1811.93
4,8.1,17.5,0.9,3.1,1.5,1.9,5.8,Ahmedabad,8,7.4,208.5,1543.1
1,12.4,21.0,2.7,1.9,1.6,2.5,6.1,Hyderabad,3,8.1,306.1,2479.03
4,11.5,20.2,2.4,5.8,2.3,3.1,5.9,Ahmedabad,5,7.8,311.5,2429.79
3,4.7,19.7,1.9,2.1,1.5,2.1,6.3,Kolkata,1,7.8,255.3,1991.26
6,12.0,22.0,5.6,2.5,4.5,2.8,8.5,Chennai,5,8.4,445.8,3744.37
1,5.2,22.4,3.3,1.7,4.7,0.6,6.0,Hyderabad,11,8.1,293.0,2373.02
4,7.8,21.6,3.7,3.4,5.5,2.4,3.3,Hyderabad,6,8.2,371.9,3049.21
1,3.4,16.8,2.0,3.2,2.2,2.8,6.5,Hyderabad,8,8.1,220.7,1787.89
3,9.6,16.5,1.4,6.5,5.3,1.9,5.2,Jaipur,3,7.4,246.0,1820.67
5,6.2,16.3,1.1,3.4,6.4,4.9,3.8,Hyderabad,3,8.3,207.9,1725.67
6,4.1,19.3,3.1,6.2,0.3,3.7,3.8,Jaipur,12,7.2,328.9,2368.18
6,10.0,24.0,10.5,6.6,2.0,2.8,5.8,Lucknow,11,7.2,693.0,4989.43
2,10.6,19.9,1.8,2.8,2.8,2.1,7.3,Kolkata,11,7.8,272.6,2126.19
6,10.7,24.0,6.3,3.1,4.6,0.7,7.1,Lucknow,10,7.3,516.2,3768.06
6,3.2,19.9,3.4,2.4,5.7,2.0,8.4,Pune,9,7.8,335.1,2613.56
4,10.9,20.5,5.3,1.0,0.0,3.1,4.5,Lucknow,4,7.4,402.5,2978.21
6,6.2,21.8,8.7,8.2,1.7,2.9,5.3,Bengaluru,4,8.0,605.0,4840.28
6,12.1,19.1,1.5,2.4,5.3,1.9,7.3,Ahmedabad,12,7.8,261.9,2042.55
3,8.6,20.7,8.4,1.7,1.3,5.5,7.4,Bengaluru,7,7.9,479.0,3783.93
3,7.6,14.9,3.6,1.4,4.6,4.6,5.0,Delhi,2,7.6,311.3,2365.66
1,7.0,17.3,4.4,2.2,4.1,2.3,4.6,Lucknow,8,7.2,338.5,2436.88
1,7.0,15.0,5.9,2.9,4.6,3.9,6.9,Chennai,6,8.4,407.4,3422.13
6,5.3,22.2,5.4,6.0,4.6,4.9,7.8,Mumbai,3,8.9,464.8,4137.13
6,4.3,15.9,3.4,7.1,2.1,3.5,5.5,Lucknow,9,7.0,344.5,2411.27
2,6.1,24.0,8.8,0.0,2.5,2.8,6.9,Kolkata,5,7.7,622.1,4790.3
1,10.0,21.1,3.0,6.7,2.3,0.3,6.0,Lucknow,8,7.0,327.5,2292.15
4,3.5,22.9,4.6,6.9,3.5,2.9,4.7,Jaipur,7,7.2,390.3,2810.47
6,10.4,18.1,4.2,2.3,0.0,1.9,7.5,Delhi,8,7.3,382.5,2792.3
4,7.4,16.6,5.3,1.7,4.0,2.1,5.5,Hyderabad,7,7.9,372.5,2942.41
6,9.0,19.0,1.4,4.5,6.4,2.5,3.0,Delhi,3,7.7,250.1,1925.66
4,9.1,23.2,3.9,2.2,3.4,2.7,4.7,Delhi,2,7.7,368.1,2834.61
5,9.3,24.0,4.9,6.5,2.8,2.4,2.0,Ahmedabad,7,7.8,390.6,3046.7
4,7.1,21.5,0.6,4.5,3.1,1.0,11.4,Mumbai,3,8.8,228.8,2013.71
1,7.1,16.1,1.6,2.0,4.1,0.4,8.6,Delhi,3,7.7,213.6,1644.52
6,9.2,17.1,1.5,4.1,5.3,4.2,3.4,Ahmedabad,2,7.6,258.9,1967.83
1,4.4,15.5,3.4,3.6,2.9,5.5,4.8,Hyderabad,4,8.2,295.6,2424.12
4,4.0,19.6,3.1,0.0,2.7,3.2,6.5,Bengaluru,8,8.1,293.0,2373.42
3,5.8,19.2,2.7,1.5,0.3,1.4,9.2,Hyderabad,12,8.2,269.8,2212.44
3,7.7,19.6,4.3,2.2,3.1,4.5,7.4,Chennai,1,8.5,374.0,3179.27
3,11.8,16.8,3.0,4.3,0.6,6.1,6.4,Delhi,1,7.3,321.6,2347.81
6,7.1,16.5,4.4,4.6,1.9,4.8,4.8,Delhi,12,7.7,387.1,2980.8
2,12.0,20.3,12.3,5.9,4.8,5.0,7.0,Bengaluru,5,7.9,765.1,6044.15
5,8.3,21.5,2.7,2.1,5.0,1.2,6.9,Kolkata,11,7.8,324.3,2529.78
4,5.9,16.4,5.2,0.5,3.9,2.2,6.1,Delhi,5,7.3,388.0,2832.33
2,9.9,21.4,1.7,1.8,5.4,4.8,5.8,Mumbai,11,9.0,261.1,2349.59
3,6.4,22.8,4.8,2.1,0.0,1.2,5.1,Pune,12,7.8,410.3,3200.67
4,7.6,13.0,3.0,1.9,6.3,2.2,8.6,Delhi,1,7.6,284.4,2161.2
2,3.7,24.0,1.7,3.5,1.3,3.3,2.6,Pune,6,8.0,267.1,2136.46
1,3.2,22.1,0.3,4.9,3.6,3.8,6.6,Hyderabad,1,8.3,197.2,1636.8
3,8.4,22.9,4.0,2.7,1.7,2.6,6.0,Lucknow,5,7.3,364.5,2660.5
2,9.8,16.9,2.2,4.5,3.6,3.0,2.1,Kolkata,9,7.8,249.2,1943.83
6,11.9,22.4,1.0,5.4,3.0,3.2,5.2,Ahmedabad,12,7.6,264.6,2010.91
1,5.0,22.7,6.5,3.5,5.3,2.7,4.0,Jaipur,5,7.5,472.1,3540.68
3,10.7,18.0,4.2,1.2,7.9,2.2,3.9,Kolkata,6,7.5,388.0,2909.72
5,10.3,22.3,2.3,2.9,4.8,2.8,4.4,Jaipur,8,7.6,291.2,2213.21
3,5.8,19.6,5.0,5.5,2.8,2.2,8.5,Hyderabad,11,8.2,427.9,3509.17
6,10.5,18.1,1.3,4.8,6.1,4.3,5.9,Kolkata,1,7.9,278.2,2197.84
5,9.4,19.4,2.0,1.4,0.0,3.5,7.5,Ahmedabad,2,7.8,260.4,2031.4
5,9.9,20.5,6.6,5.9,1.8,2.9,3.6,Jaipur,9,7.4,507.3,3754.01
5,12.4,19.1,3.0,2.8,2.5,2.6,4.8,Bengaluru,3,8.1,343.9,2785.79
4,9.8,17.6,6.1,1.4,2.4,4.6,5.1,Mumbai,6,8.8,475.1,4181.25
4,1.7,21.2,6.0,3.4,1.5,2.4,6.3,Kolkata,5,7.8,463.1,3611.9
5,7.8,21.7,7.3,0.5,4.4,4.1,7.1,Hyderabad,11,8.2,563.4,4620.01
1,3.1,20.4,4.1,4.8,3.0,4.8,6.5,Delhi,2,7.6,358.1,2721.49
5,7.4,15.1,0.9,5.8,2.7,3.7,4.4,Ahmedabad,7,7.8,211.1,1646.87
2,7.2,18.2,5.3,1.5,5.8,0.6,7.5,Jaipur,4,7.6,432.9,3290.03
5,5.5,17.5,4.2,3.2,2.1,2.4,4.8,Jaipur,1,7.2,317.3,2284.42
4,4.4,24.0,5.7,5.2,5.1,1.7,6.5,Mumbai,4,9.0,454.4,4089.57
4,5.7,20.4,6.5,0.8,2.5,1.2,3.3,Jaipur,6,7.4,440.1,3256.83
2,6.2,19.2,2.9,1.1,2.5,4.6,5.5,Pune,7,7.8,295.1,2301.48
2,6.7,18.3,1.1,3.0,1.5,3.6,7.0,Chennai,7,8.5,215.1,1828.17
3,7.3,19.6,6.2,2.9,0.1,0.0,6.2,Pune,7,7.8,452.4,3528.79
1,8.5,22.3,4.0,3.6,1.7,3.0,4.4,Jaipur,3,7.6,356.9,2712.16
1,6.2,14.5,3.8,3.3,0.0,2.0,7.1,Ahmedabad,6,7.8,310.8,2424.3
1,10.2,20.7,10.2,0.8,3.5,4.4,4.4,Kolkata,8,7.5,659.1,4943.3
6,6.9,18.5,1.6,0.3,2.4,2.0,2.5,Hyderabad,4,8.1,228.8,1853.45
4,9.3,21.3,2.7,0.9,5.2,3.5,8.1,Delhi,8,7.5,313.4,2350.5
1,6.2,22.4,4.6,4.5,1.5,3.5,4.0,Kolkata,2,7.9,368.2,2908.54
3,13.9,17.9,2.5,5.4,2.5,1.8,7.6,Bengaluru,10,7.7,300.5,2313.67
3,8.2,15.9,2.6,3.3,5.4,1.5,5.5,Kolkata,9,7.7,261.1,2010.36
1,11.1,19.1,2.3,4.9,4.8,6.0,7.3,Kolkata,9,7.7,311.0,2394.82
2,5.3,23.9,0.9,2.3,3.3,3.6,4.4,Hyderabad,8,8.1,229.1,1855.35
3,5.9,22.5,7.6,2.8,0.9,3.1,7.7,Mumbai,10,8.9,499.3,4443.85
2,6.4,18.9,1.0,5.3,4.2,4.8,4.9,Jaipur,10,7.4,235.0,1739.28
4,13.2,18.1,2.0,4.4,2.4,5.6,5.5,Mumbai,1,9.0,280.8,2527.26
6,6.5,18.3,1.3,3.9,2.0,5.3,2.0,Bengaluru,2,8.1,229.1,1855.6
3,4.9,16.1,1.8,3.2,5.7,0.9,2.8,Lucknow,6,7.2,235.3,1694.25
2,10.3,22.4,3.3,1.2,5.9,3.0,7.5,Delhi,10,7.5,319.0,2392.14
1,7.1,22.9,4.9,3.7,1.2,2.6,4.7,Pune,5,7.8,388.9,3033.33
4,6.5,18.8,6.0,4.1,6.4,5.8,2.1,Delhi,12,7.6,461.3,3505.89
5,5.5,18.5,1.7,7.9,2.8,4.1,4.8,Jaipur,9,7.6,288.5,2192.25
5,8.2,17.9,2.1,3.3,4.6,1.1,7.1,Delhi,5,7.6,257.8,1958.98
1,9.7,18.6,1.1,2.8,6.7,0.2,3.6,Chennai,2,8.1,205.9,1667.55
4,9.0,17.8,2.7,4.1,2.7,5.4,8.1,Pune,10,8.0,306.5,2451.85
4,5.8,19.5,2.3,6.4,3.5,3.0,4.9,Bengaluru,4,7.9,283.0,2235.43
4,4.5,22.4,4.4,4.2,4.4,2.9,5.2,Jaipur,9,7.5,400.3,3002.35
4,1.0,22.1,1.7,3.1,6.2,2.5,4.5,Ahmedabad,1,7.8,276.3,2154.76
5,4.6,17.5,3.2,1.9,3.0,1.8,2.2,Bengaluru,11,7.9,313.6,2477.61
2,6.1,20.5,2.7,1.8,4.6,3.1,5.4,Chennai,1,8.4,286.6,2407.23
4,6.9,21.9,0.3,5.1,1.5,4.2,5.8,Pune,12,7.8,220.6,1720.7
2,6.3,17.2,5.8,2.9,0.0,3.0,6.7,Hyderabad,7,8.2,412.4,3381.58
4,14.0,20.4,7.2,7.5,1.6,4.6,4.4,Chennai,11,8.4,544.9,4577.14
3,8.2,23.6,1.7,3.7,1.6,4.0,2.7,Bengaluru,3,8.1,271.5,2198.88
6,3.9,19.3,2.2,4.5,5.0,4.4,9.4,Jaipur,10,7.5,299.1,2243.27
3,8.6,13.9,2.4,2.4,2.9,3.3,6.3,Lucknow,2,7.3,271.3,1980.19
6,8.0,12.4,4.4,1.9,1.8,2.8,5.8,Jaipur,9,7.5,359.4,2695.79
3,4.4,20.9,6.4,5.0,1.2,1.3,8.1,Pune,3,8.2,478.9,3927.31
4,7.7,20.3,3.8,5.9,2.2,4.5,4.0,Lucknow,2,7.0,351.5,2460.16
2,8.3,20.6,5.3,1.5,4.8,3.4,3.7,Mumbai,12,9.0,396.0,3563.91
6,9.6,21.5,1.1,2.0,1.2,2.6,7.2,Pune,8,8.0,254.6,2036.96
5,2.6,15.6,2.8,2.2,2.7,1.3,9.5,Pune,10,8.0,285.9,2287.48
1,8.6,17.6,3.3,4.9,2.2,4.9,3.1,Chennai,6,8.4,325.7,2735.53
6,10.5,21.3,1.8,4.2,3.7,3.0,5.9,Jaipur,6,7.4,281.8,2085.38
6,11.7,22.2,5.3,3.3,6.7,5.8,6.6,Bengaluru,10,8.1,479.0,3880.07
5,3.9,19.2,9.8,1.9,1.7,0.0,6.8,Hyderabad,11,8.2,593.4,4866.09
4,6.6,15.7,4.6,6.7,3.6,3.5,5.3,Delhi,7,7.7,375.3,2889.43
3,6.9,21.0,3.9,5.5,3.0,1.0,4.1,Kolkata,7,7.7,374.9,2887.05
3,8.7,20.2,2.1,0.0,2.1,1.9,2.0,Hyderabad,11,8.1,267.1,2163.59
2,6.6,16.8,1.0,5.2,3.1,2.6,9.9,Delhi,6,7.7,217.2,1672.55
4,5.2,14.0,3.1,2.9,6.6,3.9,9.1,Mumbai,4,9.0,301.7,2715.72
5,7.5,21.7,0.4,2.3,2.9,3.4,4.6,Bengaluru,11,7.9,206.9,1634.16
4,6.2,18.1,7.9,5.0,2.9,2.2,5.9,Jaipur,9,7.4,531.8,3935.03
4,8.4,20.6,2.4,4.2,2.2,2.0,4.7,Ahmedabad,6,7.8,285.1,2223.6
3,5.0,20.4,1.1,3.7,3.8,0.4,5.3,Pune,4,8.2,224.6,1841.93
5,4.4,16.6,0.9,1.7,1.0,2.1,5.6,Hyderabad,12,7.9,186.6,1474.06
1,10.3,21.3,3.0,5.5,3.2,1.9,3.4,Delhi,3,7.7,339.9,2617.05
6,12.7,17.4,4.7,1.0,3.9,4.8,5.7,Ahmedabad,4,7.7,366.2,2819.76
3,11.6,15.5,1.8,5.0,1.3,2.4,6.1,Hyderabad,3,8.3,240.4,1995.23
5,6.8,15.1,2.6,3.7,6.2,2.4,2.6,Bengaluru,2,8.0,290.5,2324.08
2,9.6,20.0,7.0,3.4,6.1,3.3,4.4,Jaipur,5,7.2,536.4,3861.82
6,5.3,24.0,2.1,2.4,7.5,5.1,3.1,Lucknow,2,7.0,298.0,2085.67
6,8.3,20.1,2.0,3.8,4.1,5.0,3.8,Hyderabad,6,7.9,283.5,2239.6
3,5.5,24.0,0.9,0.7,3.8,6.6,5.4,Hyderabad,3,8.3,240.1,1993.21
2,10.1,24.0,0.6,6.0,2.8,0.9,5.6,Jaipur,6,7.2,234.7,1689.88
3,9.8,21.5,3.0,2.7,3.1,3.2,5.6,Mumbai,11,8.6,324.8,2793.49
4,12.2,24.0,2.2,2.1,4.9,2.8,10.1,Chennai,10,8.4,328.2,2756.97
5,6.4,24.0,3.1,3.1,3.0,0.3,6.5,Hyderabad,9,8.3,339.0,2813.55
2,10.9,23.5,1.1,2.8,2.7,1.2,6.7,Jaipur,1,7.2,245.1,1765.06
6,8.3,14.3,5.1,6.0,4.1,4.4,6.1,Chennai,6,8.4,436.7,3668.38
3,7.2,19.3,2.9,0.0,1.7,3.8,3.0,Jaipur,9,7.5,287.4,2155.54
6,7.8,17.9,3.0,3.4,6.2,3.8,5.6,Jaipur,11,7.6,320.7,2437.68
2,11.2,23.5,3.0,6.7,3.0,3.7,5.9,Mumbai,4,8.8,340.3,2994.77
6,6.7,19.1,0.6,3.6,4.5,0.5,7.4,Jaipur,11,7.4,208.5,1542.7
3,6.8,24.0,4.5,3.9,1.4,1.4,3.7,Bengaluru,12,8.1,384.8,3116.79
3,1.8,20.3,6.5,3.4,2.9,2.2,4.8,Hyderabad,2,8.1,444.4,3599.53
1,6.6,19.9,5.0,2.2,2.2,4.2,3.7,Delhi,4,7.3,395.1,2884.54
6,7.7,18.9,2.2,4.6,2.3,3.2,4.6,Delhi,1,7.3,292.4,2134.82
1,5.1,19.4,1.7,3.1,0.7,4.4,5.3,Delhi,3,7.7,237.8,1831.2
1,4.5,20.8,6.1,3.8,5.1,5.9,3.5,Jaipur,10,7.4,457.6,3386.44
6,2.4,19.8,1.8,4.6,4.0,0.6,7.6,Ahmedabad,9,7.4,271.4,2008.43
2,5.5,18.6,3.1,4.4,0.2,2.8,3.9,Chennai,10,8.3,280.1,2324.83
4,10.6,18.8,8.4,3.7,2.6,2.8,7.3,Chennai,5,8.4,570.4,4791.12
3,3.3,24.0,6.7,5.3,2.6,1.8,5.0,Jaipur,11,7.5,521.9,3914.36
5,9.0,24.0,3.6,5.5,3.8,3.7,5.0,Bengaluru,6,8.1,367.3,2975.14
1,9.2,18.6,3.0,5.1,2.7,7.3,7.6,Bengaluru,3,8.0,358.0,2863.76
2,13.1,22.5,4.1,5.6,5.2,1.6,7.2,Pune,5,8.1,389.9,3158.03
6,9.6,17.5,1.9,6.2,4.9,3.9,6.8,Jaipur,11,7.4,288.5,2134.76
2,9.4,19.0,3.6,1.1,7.4,1.4,2.5,Kolkata,8,7.8,333.4,2600.85
2,7.9,16.7,3.0,9.0,0.0,0.3,8.4,Mumbai,6,9.0,284.6,2561.4
6,7.0,23.1,4.3,3.8,5.7,2.1,8.9,Delhi,4,7.6,392.7,2984.56
5,9.1,21.5,0.9,3.0,4.6,3.4,5.4,Mumbai,2,8.6,245.4,2110.8
6,10.1,22.0,2.9,3.8,2.6,3.6,4.0,Delhi,9,7.7,329.9,2540.52
5,7.4,22.7,11.3,0.5,2.5,5.7,3.5,Lucknow,12,7.4,671.1,4965.88
6,10.2,17.4,1.9,4.0,2.8,3.4,5.3,Lucknow,1,7.4,288.0,2130.86
1,14.0,19.0,2.1,1.9,3.5,3.0,3.7,Jaipur,1,7.5,269.8,2023.68
5,7.2,21.3,12.4,3.6,1.9,4.2,5.5,Lucknow,4,7.3,746.0,5446.14
1,7.2,19.0,5.1,3.8,0.0,3.4,4.8,Ahmedabad,7,7.8,429.2,3347.49
5,6.8,20.2,2.5,2.3,2.0,3.0,3.3,Pune,1,8.0,273.7,2189.47
5,7.3,17.6,0.2,0.0,2.5,2.7,4.6,Bengaluru,9,8.1,159.9,1295.4
6,10.1,24.0,1.0,4.0,4.1,4.0,6.1,Ahmedabad,4,7.4,262.4,1942.13
5,7.2,22.8,3.4,3.5,0.6,3.8,4.1,Mumbai,3,8.6,347.5,2988.49
1,7.5,23.7,6.3,3.9,4.3,2.6,5.2,Mumbai,1,8.6,482.5,4149.85
6,6.4,22.0,1.0,2.7,0.6,5.2,7.7,Lucknow,10,7.0,233.0,1631.23
3,8.2,16.7,12.6,2.2,3.8,4.3,4.4,Bengaluru,4,8.1,686.5,5560.49
1,5.7,18.6,1.7,3.1,4.1,4.4,4.1,Pune,9,8.2,242.9,1991.65
3,3.9,17.9,1.8,3.8,2.7,1.6,6.2,Delhi,10,7.7,233.1,1795.09
2,8.1,19.2,3.8,4.8,3.1,2.2,8.3,Ahmedabad,6,7.8,348.8,2720.26
6,11.9,23.2,0.8,1.9,4.4,5.3,6.8,Pune,6,8.2,258.7,2121.58
2,6.3,15.6,7.8,5.1,1.8,4.6,4.6,Hyderabad,1,8.1,528.0,4277.14
6,4.4,18.2,4.7,4.8,3.6,0.9,4.6,Chennai,10,8.3,377.0,3128.69
6,11.8,18.8,1.6,4.5,2.3,3.5,5.0,Lucknow,2,7.2,286.8,2065.0
1,7.1,16.1,2.4,7.2,6.1,4.4,5.3,Delhi,11,7.7,277.5,2136.38
3,9.4,20.6,6.0,0.0,4.1,1.5,10.9,Hyderabad,6,8.2,427.0,3501.76
6,5.2,19.0,4.4,7.4,0.9,4.5,6.2,Delhi,2,7.7,373.3,2874.71
3,7.0,23.3,2.2,2.2,6.6,3.1,9.6,Delhi,3,7.3,290.3,2119.0
6,10.5,19.2,6.2,4.0,5.0,5.3,7.6,Lucknow,4,7.4,470.2,3479.67
3,7.3,21.4,1.1,3.6,0.6,2.8,2.0,Delhi,11,7.3,222.2,1622.2
2,7.4,20.3,4.9,0.8,0.0,0.8,5.0,Pune,5,8.0,390.9,3126.95
1,3.3,12.6,6.4,4.6,0.5,3.8,5.9,Pune,9,7.8,373.4,2912.67
6,9.0,15.7,1.0,5.2,1.0,1.3,6.3,Hyderabad,12,8.3,223.9,1858.59
4,5.0,21.2,1.7,4.3,3.3,2.1,6.1,Mumbai,4,8.9,276.8,2463.9
3,9.8,21.0,1.0,0.5,3.2,0.3,2.5,Bengaluru,11,7.7,230.7,1776.13
3,7.5,19.8,2.5,1.0,4.5,1.8,2.5,Ahmedabad,9,7.7,285.0,2194.28
4,7.7,24.0,2.1,2.1,2.4,5.0,5.9,Ahmedabad,11,7.8,271.4,2116.71
1,8.9,21.5,0.7,6.0,2.5,3.2,5.2,Kolkata,10,7.9,203.2,1605.39
3,7.9,24.0,2.5,3.7,3.2,2.7,8.5,Lucknow,3,7.0,325.8,2280.73
1,11.3,12.6,1.3,0.0,5.3,1.7,6.0,Jaipur,8,7.2,197.1,1419.37
3,10.9,24.0,1.1,7.6,0.0,3.3,7.5,Jaipur,12,7.4,256.0,1894.53
5,4.0,18.2,1.9,6.5,2.5,2.7,7.3,Hyderabad,1,8.2,249.8,2048.12
3,6.6,20.1,4.0,1.3,5.6,6.6,5.9,Delhi,11,7.3,347.2,2534.22
5,9.1,23.6,1.0,2.7,3.1,3.0,8.2,Delhi,9,7.7,261.1,2010.67
6,4.6,13.7,3.6,2.9,2.4,3.7,5.1,Lucknow,9,7.0,320.9,2246.45
1,3.1,19.2,1.1,4.5,1.4,2.0,5.9,Chennai,10,8.5,212.3,1804.52
3,5.1,23.0,0.4,3.9,4.8,3.0,6.1,Mumbai,2,8.8,224.4,1974.69
2,6.7,18.1,1.0,2.1,2.0,3.7,4.3,Kolkata,4,7.8,193.7,1510.96
2,1.0,22.7,1.7,6.1,2.0,1.6,3.7,Pune,8,8.1,257.6,2086.61
4,4.2,22.0,1.2,7.0,5.7,3.9,3.4,Delhi,7,7.5,244.7,1835.55
2,2.6,20.5,7.2,3.4,0.9,3.2,3.9,Kolkata,1,7.5,479.6,3597.23
5,9.9,21.8,7.3,2.4,6.3,0.0,5.7,Ahmedabad,5,7.7,506.8,3902.05
2,9.3,23.9,5.6,6.7,3.3,4.2,6.6,Chennai,7,8.3,476.6,3955.64
2,7.7,21.8,14.0,0.0,3.0,3.7,3.5,Pune,4,8.0,779.2,6233.96
2,7.3,22.8,2.3,1.7,3.6,3.4,6.1,Lucknow,1,7.2,295.2,2125.51
3,8.4,17.4,11.2,5.5,3.0,2.0,5.5,Kolkata,9,7.7,690.4,5316.46
4,4.5,21.7,9.6,6.3,1.9,6.7,7.9,Hyderabad,5,8.1,665.2,5387.77
1,10.1,21.5,11.0,2.9,3.7,2.1,5.0,Pune,11,8.2,694.3,5692.89
4,7.2,23.4,1.2,8.1,2.0,0.0,9.2,Lucknow,2,7.0,282.5,1977.32
5,9.3,16.5,2.4,0.0,3.9,3.8,7.5,Jaipur,8,7.5,272.3,2042.4
3,9.2,23.2,3.3,5.7,7.6,2.8,5.3,Lucknow,11,7.2,372.4,2681.42
6,8.3,17.4,1.5,3.7,4.3,0.8,4.9,Lucknow,2,7.4,251.4,1860.47
3,7.8,24.0,6.6,2.5,2.6,2.6,7.8,Pune,3,7.8,476.5,3716.9
2,7.6,17.3,6.5,5.3,3.5,2.9,5.3,Chennai,10,8.1,482.8,3910.8
2,6.8,16.5,3.0,2.7,2.4,1.9,6.1,Pune,1,8.2,298.5,2447.82
5,8.2,19.1,6.4,1.3,2.6,3.2,5.0,Bengaluru,11,7.9,452.1,3571.67
6,7.5,23.1,3.8,3.7,2.8,3.5,4.9,Mumbai,2,8.9,347.0,3088.26
3,5.8,21.1,4.8,3.4,4.0,2.9,3.6,Chennai,7,8.3,391.5,3249.62
6,8.5,24.0,5.0,1.9,4.8,1.6,8.7,Hyderabad,10,8.3,424.1,3519.89
1,7.7,19.1,2.1,2.4,7.2,3.7,5.2,Chennai,2,8.3,272.0,2257.67
4,10.0,18.5,13.9,2.7,4.3,0.6,6.3,Ahmedabad,6,7.7,802.3,6177.44
3,2.5,17.8,3.6,0.2,0.8,3.6,7.0,Hyderabad,3,8.3,334.0,2772.27
6,7.1,18.4,3.9,0.1,0.4,3.5,8.7,Jaipur,4,7.4,336.5,2489.89
1,5.2,15.8,2.7,5.4,2.9,2.7,4.9,Pune,11,7.8,280.3,2186.44
1,5.7,18.1,4.0,0.7,5.0,2.2,2.0,Lucknow,8,7.4,307.1,2272.25
4,8.4,16.4,2.4,3.5,2.6,1.2,6.2,Pune,3,7.8,258.4,2015.49
1,3.4,22.2,1.8,0.0,2.6,2.2,7.0,Ahmedabad,10,7.7,235.2,1810.94
5,7.3,24.0,1.4,6.5,4.8,1.8,4.9,Kolkata,6,7.8,267.3,2085.23
1,7.1,20.7,0.1,3.0,2.9,1.5,7.1,Ahmedabad,1,7.6,178.8,1358.51
6,4.4,18.0,2.0,5.7,5.1,1.2,6.0,Bengaluru,7,7.7,270.5,2083.01
5,7.4,22.2,2.9,7.7,0.0,5.0,5.3,Lucknow,8,7.0,347.1,2429.79
1,5.1,19.9,3.9,0.9,4.0,4.1,8.7,Lucknow,11,7.2,325.3,2342.47
2,12.5,23.0,2.3,2.1,0.0,6.7,5.4,Delhi,8,7.6,299.0,2272.22
1,10.0,17.2,1.7,5.2,3.5,3.4,9.3,Kolkata,3,7.5,245.1,1838.37
5,7.2,17.4,5.1,2.2,4.8,4.1,6.1,Delhi,10,7.3,431.3,3148.74
1,5.9,22.2,3.3,4.1,0.0,2.9,4.3,Jaipur,1,7.4,304.2,2251.24
1,8.3,19.9,3.3,3.7,0.0,5.3,2.2,Mumbai,9,8.9,288.7,2569.84
1,8.9,22.8,4.6,0.0,4.7,2.9,8.4,Mumbai,6,8.8,382.3,3364.51
5,7.6,17.4,9.3,5.4,3.9,4.5,7.9,Pune,11,7.8,578.5,4511.92
1,4.5,21.3,4.9,3.2,0.8,3.3,7.6,Mumbai,9,8.8,388.0,3414.73
4,6.5,21.6,3.2,1.1,3.5,5.8,8.6,Lucknow,7,7.2,344.8,2482.7
6,7.2,15.4,4.4,6.6,1.9,2.3,9.6,Ahmedabad,1,7.7,391.4,3013.54
4,7.7,20.0,4.3,2.1,2.6,4.7,2.0,Kolkata,12,7.7,330.9,2547.85
5,7.8,14.0,5.0,2.0,2.5,2.8,2.5,Pune,12,8.2,383.6,3145.49
2,8.8,24.0,7.1,0.0,0.3,1.7,5.4,Pune,1,8.2,498.6,4088.23
4,10.4,16.0,1.0,4.7,4.8,2.9,8.0,Kolkata,6,7.9,236.1,1865.56
6,9.5,19.4,5.6,3.6,0.9,0.0,6.6,Lucknow,5,7.0,454.1,3178.64
3,8.5,20.0,2.5,0.0,3.2,4.4,6.6,Jaipur,9,7.2,279.0,2008.95
6,3.9,17.1,1.4,4.0,4.3,4.0,5.1,Jaipur,2,7.5,226.4,1697.69
4,10.0,24.0,2.9,5.2,1.3,5.8,4.3,Pune,8,8.0,345.9,2767.18
3,9.0,17.9,0.6,4.4,2.5,1.6,5.8,Jaipur,11,7.5,208.6,1564.3
5,6.4,19.2,8.7,6.1,2.0,1.9,5.5,Lucknow,5,7.2,543.7,3914.66
6,7.1,17.9,3.4,2.3,6.4,1.1,5.1,Bengaluru,2,8.0,333.0,2664.25
2,7.2,17.9,2.9,7.0,4.8,3.5,7.3,Bengaluru,10,7.9,307.0,2424.93
3,5.9,19.7,0.9,3.5,4.5,2.4,6.0,Delhi,11,7.7,213.2,1641.75
3,2.6,22.1,1.2,5.1,7.4,1.8,6.9,Chennai,11,8.4,243.4,2044.45
6,4.2,20.5,7.4,6.1,3.7,3.6,5.8,Hyderabad,12,8.1,542.3,4392.28
4,4.7,17.7,2.2,8.8,2.3,4.7,7.4,Mumbai,6,9.0,293.9,2645.18
3,2.1,20.0,6.9,1.3,0.1,3.2,3.8,Jaipur,10,7.2,441.3,3177.64
5,4.2,15.9,4.9,2.0,1.6,2.3,3.2,Bengaluru,8,7.9,343.5,2713.77
6,9.9,23.5,1.3,3.9,3.3,4.8,5.3,Ahmedabad,4,7.6,286.9,2180.19
5,8.2,18.5,1.3,2.8,4.9,2.6,7.5,Kolkata,2,7.7,253.3,1950.21
6,4.6,18.6,5.3,1.9,1.7,2.6,5.3,Chennai,12,8.4,430.5,3616.37
5,5.3,14.2,3.4,0.5,6.2,3.8,10.1,Delhi,11,7.3,323.3,2360.19
4,10.1,18.5,5.3,3.8,0.0,2.0,4.0,Hyderabad,5,8.2,433.5,3554.52
6,10.0,24.0,6.0,5.1,2.2,4.5,5.6,Bengaluru,12,7.7,437.5,3368.61
2,7.2,21.8,1.6,4.2,3.8,1.6,2.3,Delhi,2,7.6,246.0,1869.3
4,9.9,23.3,1.7,0.2,3.3,2.1,9.0,Chennai,2,8.3,264.0,2190.92
5,5.1,20.3,4.6,0.3,4.0,1.3,5.8,Kolkata,6,7.7,412.5,3176.46
6,7.6,12.1,1.7,3.6,3.3,4.3,2.0,Mumbai,11,8.9,214.7,1910.68
4,3.3,20.2,2.4,3.0,4.3,5.0,5.4,Bengaluru,10,7.9,268.0,2117.13
5,6.1,20.6,1.4,2.9,2.5,2.8,2.0,Kolkata,9,7.8,232.3,1812.17
1,7.1,22.7,3.1,2.9,2.4,3.7,8.4,Hyderabad,4,8.2,315.6,2587.55
1,2.8,19.9,3.2,2.5,1.4,3.6,4.2,Jaipur,6,7.2,291.6,2099.83
3,8.5,17.7,3.7,3.8,7.3,3.4,6.1,Chennai,7,8.3,365.9,3036.84
2,8.9,19.7,9.7,5.7,2.8,1.3,4.5,Hyderabad,11,8.1,655.9,5312.83
1,9.5,19.0,3.7,1.6,3.9,2.0,5.6,Mumbai,6,8.8,345.3,3038.77
5,12.8,21.6,4.2,4.4,2.6,4.1,7.6,Kolkata,8,7.8,449.1,3503.35
4,8.0,19.7,2.1,3.7,6.2,4.8,5.2,Lucknow,4,7.0,305.8,2140.65
6,6.8,17.0,2.3,0.0,3.0,4.4,7.1,Mumbai,12,8.8,268.3,2360.95
4,3.0,21.7,3.0,2.2,3.7,3.0,2.0,Pune,1,8.2,304.7,2498.35
3,8.0,17.8,9.0,3.5,1.3,4.2,3.5,Bengaluru,7,8.0,587.2,4697.46
4,8.4,19.1,5.7,7.8,6.5,0.7,6.1,Jaipur,3,7.4,430.6,3186.51
1,3.6,18.6,8.7,2.0,3.4,0.0,4.6,Chennai,6,8.1,526.1,4261.03
4,6.4,20.7,2.6,2.3,6.6,0.9,8.3,Ahmedabad,2,7.7,312.8,2408.93
1,7.0,15.9,7.2,4.3,1.8,7.2,7.7,Kolkata,9,7.8,529.2,4127.51
1,8.3,20.1,2.4,3.3,2.1,6.1,8.7,Lucknow,1,7.3,289.8,2115.7
2,9.1,23.2,13.2,1.0,1.9,0.6,6.2,Ahmedabad,6,7.7,776.7,5980.81
3,5.7,20.3,3.4,0.0,2.4,2.7,4.5,Bengaluru,6,8.1,320.3,2594.54
5,7.5,18.0,3.2,0.0,4.3,2.4,7.2,Bengaluru,5,7.7,292.3,2250.48
1,8.4,18.9,2.0,5.2,0.0,4.9,3.9,Chennai,5,8.4,250.5,2104.17
6,6.5,20.9,3.6,1.4,2.9,4.0,5.4,Lucknow,1,7.3,335.5,2449.11
3,5.9,21.7,4.5,8.2,1.4,2.4,6.8,Bengaluru,10,8.0,408.0,3263.79
5,8.8,24.0,1.8,2.4,1.2,3.8,4.6,Ahmedabad,12,7.4,276.7,2047.8
6,6.6,15.1,4.6,5.0,3.9,4.2,10.8,Lucknow,5,7.2,412.4,2969.09
4,4.0,20.8,3.3,1.2,3.6,0.2,7.4,Ahmedabad,2,7.8,322.4,2514.54
3,10.4,20.6,6.5,3.9,4.7,3.8,4.2,Mumbai,7,9.0,479.1,4311.81
6,4.3,19.8,4.8,6.3,3.8,3.0,7.9,Hyderabad,3,8.3,400.7,3325.4
3,6.8,21.1,2.4,2.8,3.4,1.3,9.3,Lucknow,4,7.2,281.0,2022.84
3,7.8,19.3,1.5,1.3,1.9,2.1,3.0,Delhi,3,7.3,243.0,1773.75
4,8.1,17.0,4.5,2.8,1.1,3.4,8.6,Hyderabad,3,7.9,336.9,2661.47
4,7.4,20.6,2.6,3.1,4.2,3.2,3.5,Hyderabad,4,8.3,300.7,2495.4
3,1.0,21.9,6.9,1.5,2.5,2.7,6.0,Lucknow,5,7.4,476.1,3522.99
6,5.2,19.9,9.7,6.8,3.8,2.5,6.4,Jaipur,1,7.5,567.0,4252.44
2,7.7,23.2,8.0,3.5,3.0,3.1,4.7,Bengaluru,4,7.7,582.1,4482.22
1,6.7,19.3,1.7,6.1,0.0,0.6,4.7,Mumbai,12,8.8,236.7,2082.71
4,8.3,21.4,2.1,5.6,4.0,5.6,4.3,Jaipur,12,7.4,304.2,2250.98
2,9.6,15.3,4.8,6.9,1.7,2.5,4.9,Jaipur,11,7.4,391.0,2893.44
4,8.3,24.0,8.2,1.0,4.7,3.8,4.0,Delhi,8,7.3,587.9,4291.52
3,5.2,19.3,3.1,4.8,0.0,5.4,8.2,Kolkata,10,7.9,328.9,2598.48
2,5.7,18.5,1.6,2.5,6.8,4.7,3.1,Lucknow,7,7.4,251.5,1861.06
6,11.1,19.2,9.0,3.2,1.8,3.5,9.6,Ahmedabad,9,7.4,612.7,4534.03
6,6.6,17.2,3.2,1.3,3.9,2.8,5.7,Bengaluru,5,8.1,328.3,2658.86
5,6.8,16.5,2.9,8.2,1.6,3.0,2.0,Jaipur,10,7.5,340.5,2553.85
1,8.3,20.1,5.5,2.0,1.8,0.6,7.5,Mumbai,4,8.9,395.2,3516.84
1,10.1,20.3,1.9,4.8,4.4,1.2,5.2,Kolkata,8,7.8,273.7,2135.23
4,4.7,20.7,1.7,0.9,2.6,3.4,3.6,Delhi,9,7.6,252.6,1919.38
1,5.8,19.9,0.9,3.0,2.7,2.4,5.3,Pune,7,8.1,189.5,1535.02
5,3.0,19.8,1.0,5.6,4.7,0.8,4.5,Bengaluru,7,7.7,242.3,1866.05
6,6.3,16.4,1.5,4.2,3.4,3.4,8.6,Pune,5,8.0,254.2,2033.2
2,8.4,18.5,3.3,1.6,3.9,4.1,4.4,Hyderabad,4,8.3,317.8,2637.58
2,6.1,20.5,2.5,2.1,1.8,4.7,3.4,Jaipur,10,7.5,274.4,2058.33
6,11.4,18.4,8.3,3.8,4.3,3.8,4.6,Chennai,1,8.4,591.1,4964.85
3,7.3,20.9,1.8,3.5,3.2,2.1,4.0,Bengaluru,10,7.9,247.3,1953.28
6,6.7,19.6,1.0,0.9,3.9,4.0,8.2,Ahmedabad,10,7.6,252.0,1915.06
2,6.1,19.6,6.0,2.7,3.7,3.4,6.4,Kolkata,7,7.7,460.0,3542.22
4,3.6,20.6,4.3,3.2,5.3,1.6,3.1,Mumbai,1,8.8,364.0,3202.92
5,6.8,21.5,1.6,4.6,4.0,1.6,3.9,Bengaluru,1,7.7,281.7,2169.47
6,7.9,22.1,3.4,5.5,0.7,4.3,5.1,Ahmedabad,5,7.8,327.3,2553.28
3,6.7,24.0,0.5,4.8,1.8,3.5,2.3,Lucknow,9,7.2,205.2,1477.31
4,7.6,22.6,12.4,4.2,3.5,3.4,3.8,Pune,6,8.2,753.2,6176.13
6,5.3,15.6,12.0,4.2,3.8,3.1,6.6,Lucknow,3,7.3,714.8,5218.08
4,3.9,16.7,7.3,4.5,0.4,3.9,9.6,Kolkata,3,7.7,504.2,3882.27
6,6.7,19.2,2.4,5.4,1.0,2.2,2.3,Delhi,7,7.6,290.1,2204.7
4,7.6,17.7,13.4,6.9,5.2,2.8,11.5,Jaipur,6,7.2,845.1,6084.88
1,6.6,21.2,2.8,1.6,6.9,4.1,6.7,Bengaluru,9,8.0,285.7,2285.85
4,7.5,21.5,4.1,2.6,0.0,3.1,3.7,Chennai,6,8.1,329.4,2668.28
1,8.9,18.5,0.9,5.5,3.5,1.9,9.1,Pune,5,8.1,204.5,1656.52
2,8.9,23.6,2.8,1.5,3.1,2.0,6.8,Pune,10,8.2,295.5,2422.87
1,9.1,24.0,3.0,0.9,5.0,3.1,7.7,Bengaluru,7,7.7,327.1,2518.79
4,9.5,14.6,2.8,2.2,4.0,0.0,7.7,Hyderabad,1,8.1,280.8,2274.33
5,8.2,15.7,12.0,3.6,4.7,5.6,8.2,Lucknow,12,7.0,734.2,5139.11
5,7.9,23.3,7.1,2.5,0.0,2.7,3.5,Pune,7,8.0,517.0,4136.18
2,11.9,22.6,4.8,4.2,3.0,3.7,7.6,Ahmedabad,3,7.4,425.7,3149.98
4,9.0,21.5,2.4,2.9,1.2,4.0,6.1,Mumbai,9,8.8,277.9,2445.92
1,4.9,20.0,2.6,2.8,1.2,3.4,7.2,Jaipur,6,7.2,275.0,1980.1
5,2.3,19.7,3.5,0.2,0.5,1.0,4.6,Pune,9,8.1,301.0,2438.4
6,6.4,21.6,9.0,4.7,3.5,1.4,4.7,Ahmedabad,5,7.7,633.1,4875.08
3,8.6,20.5,4.9,4.7,3.7,0.8,4.8,Kolkata,7,7.8,408.5,3185.95
4,9.4,23.9,2.4,3.1,4.3,4.6,7.5,Kolkata,4,7.7,350.6,2699.37
6,3.9,18.0,5.2,3.8,2.2,0.7,5.8,Jaipur,7,7.5,382.9,2871.53
6,8.8,20.1,0.7,3.8,5.8,2.0,4.9,Hyderabad,1,8.3,227.6,1888.76
4,9.8,22.7,6.1,5.6,1.1,5.0,5.3,Chennai,7,8.5,500.3,4252.27
3,8.5,20.5,2.1,3.9,0.1,1.3,8.5,Jaipur,8,7.5,266.6,1999.85
5,8.0,22.0,1.1,0.8,3.4,3.2,7.0,Delhi,5,7.3,246.2,1797.06
3,6.7,22.0,1.3,7.3,1.6,4.1,6.9,Hyderabad,2,8.2,251.8,2064.69
2,5.8,18.7,6.8,6.1,4.1,2.9,6.5,Pune,5,8.0,506.4,4051.08
1,9.0,16.9,3.2,3.6,1.7,3.2,8.1,Jaipur,6,7.4,288.1,2131.95
1,8.5,17.8,5.0,3.8,1.8,3.8,3.9,Lucknow,12,7.4,417.4,3088.75
6,6.2,16.7,1.2,4.1,1.7,5.7,7.8,Kolkata,2,7.5,242.1,1815.6
5,13.4,14.4,4.3,2.0,1.5,1.6,6.2,Ahmedabad,6,7.6,364.6,2771.07
3,3.2,23.3,4.0,5.7,3.0,2.3,4.1,Jaipur,6,7.4,373.4,2763.45
6,6.4,14.3,1.9,5.5,3.5,3.9,6.0,Lucknow,1,7.4,249.7,1847.64
4,5.1,24.0,3.2,3.3,1.5,2.7,5.5,Hyderabad,1,7.9,345.6,2729.95
6,8.0,18.4,2.0,4.8,0.7,2.2,6.7,Delhi,11,7.7,267.0,2055.9
4,2.1,19.2,5.6,5.6,4.0,4.5,7.8,Ahmedabad,10,7.7,392.2,3019.89
4,10.2,15.5,3.0,4.0,3.8,0.0,3.7,Mumbai,3,8.6,297.8,2560.75
2,9.5,21.2,1.1,1.4,4.4,4.7,9.4,Delhi,10,7.3,233.3,1702.82
2,7.7,19.2,5.7,4.9,0.9,5.4,2.6,Pune,10,8.1,429.3,3476.99
4,6.2,20.2,3.0,3.6,1.3,2.7,4.5,Lucknow,12,7.0,310.1,2170.73
5,8.8,17.6,1.4,1.3,4.6,1.0,9.9,Jaipur,3,7.6,226.6,1722.23
2,7.8,21.4,8.8,5.6,4.8,3.3,3.0,Jaipur,4,7.6,626.9,4764.47
2,9.4,17.5,2.2,4.0,2.2,3.7,4.8,Bengaluru,2,7.9,257.8,2036.87
1,6.7,20.2,1.4,3.0,1.1,0.5,4.4,Kolkata,9,7.9,230.0,1816.7
6,6.5,21.4,1.6,7.6,1.6,3.1,2.0,Pune,10,8.2,260.8,2138.42
1,9.7,24.0,1.5,2.4,1.1,5.9,5.8,Lucknow,12,7.0,262.1,1834.37
5,8.6,22.4,2.1,1.6,4.6,4.9,6.9,Jaipur,11,7.6,301.2,2289.11
2,6.6,20.3,5.3,3.8,4.4,3.8,6.9,Mumbai,7,9.0,383.9,3455.51
2,7.9,20.0,3.7,3.2,3.2,3.6,4.8,Ahmedabad,7,7.7,332.2,2557.74
3,7.5,20.9,8.2,2.4,1.6,3.1,2.0,Pune,6,8.1,547.3,4432.78
5,8.2,22.3,3.1,6.3,1.2,3.2,4.6,Hyderabad,3,7.9,342.6,2706.85
6,10.2,17.8,1.9,1.3,1.8,2.9,4.2,Mumbai,6,8.9,261.8,2330.39
6,6.1,22.7,0.3,4.1,1.2,3.3,6.5,Ahmedabad,12,7.8,221.8,1729.95
6,5.4,17.2,3.9,3.7,3.5,0.6,4.8,Chennai,8,8.1,330.3,2675.65
5,7.7,21.4,4.3,3.5,4.5,0.0,6.8,Kolkata,8,7.9,388.7,3070.56
3,5.7,21.6,2.2,5.8,4.6,1.9,2.1,Pune,11,8.0,264.8,2118.62
3,4.7,18.0,0.9,7.6,1.2,4.5,7.2,Lucknow,9,7.2,212.7,1531.26
1,9.5,15.4,1.9,3.5,1.8,3.9,7.0,Delhi,1,7.6,254.6,1935.1
5,6.3,19.2,5.0,5.3,1.9,4.3,3.7,Ahmedabad,1,7.8,408.1,3183.16
5,2.3,12.1,0.2,3.6,5.0,3.1,4.5,Hyderabad,3,8.2,149.6,1226.98
3,9.1,19.5,8.1,3.7,0.3,4.8,5.3,Jaipur,3,7.2,522.6,3762.43
4,5.9,16.3,7.6,4.4,3.0,5.0,8.1,Delhi,10,7.7,483.4,3721.96
4,8.4,24.0,1.0,3.8,1.3,4.8,5.3,Mumbai,8,8.8,259.4,2282.67
1,9.7,23.2,4.9,1.7,2.6,2.0,6.6,Kolkata,10,7.8,442.0,3447.76
4,7.5,20.2,3.0,6.2,4.4,3.1,5.9,Lucknow,1,7.4,325.8,2410.86
4,1.9,24.0,5.1,4.4,2.4,2.3,7.8,Delhi,2,7.7,386.0,2972.58
4,2.1,22.1,0.3,3.4,1.5,5.2,6.3,Hyderabad,2,8.1,210.3,1703.19
2,5.3,16.5,1.6,2.2,4.5,4.7,3.5,Ahmedabad,3,7.4,216.3,1600.73
1,6.9,18.1,2.2,4.1,3.3,3.7,5.4,Lucknow,6,7.2,267.7,1927.38
3,10.0,23.1,1.8,3.0,4.0,4.0,7.9,Chennai,1,8.1,294.3,2383.69
4,7.7,17.1,2.7,3.9,3.5,3.4,6.6,Jaipur,2,7.5,310.2,2326.62
6,13.5,21.2,4.1,3.1,0.6,1.6,3.5,Kolkata,1,7.8,374.9,2924.31
2,3.3,22.0,3.1,1.8,5.6,4.6,9.5,Delhi,5,7.6,334.0,2538.61
4,7.3,19.2,4.6,6.7,2.6,6.0,4.7,Kolkata,7,7.8,394.8,3079.23
2,5.9,20.5,8.3,1.6,4.7,3.8,7.8,Kolkata,8,7.5,501.9,3764.31
1,7.6,22.5,1.1,1.9,2.3,2.8,8.8,Kolkata,10,7.5,225.8,1693.5
6,11.4,22.4,3.8,4.9,4.1,1.9,8.1,Ahmedabad,1,7.7,396.6,3053.59
6,11.5,21.3,4.8,4.1,5.0,2.6,4.2,Kolkata,7,7.8,404.1,3152.04
6,7.1,20.0,3.3,4.8,4.8,1.1,8.2,Chennai,5,8.5,346.9,2948.85
4,9.2,21.8,3.0,4.5,3.2,1.6,6.5,Mumbai,10,9.0,334.9,3013.83
2,7.5,13.9,2.5,2.0,2.3,2.7,3.3,Hyderabad,1,8.1,264.9,2145.46
6,4.3,24.0,3.7,4.8,0.2,3.5,5.8,Lucknow,3,7.0,349.1,2443.41
5,7.0,19.6,2.9,2.2,0.5,0.8,4.0,Chennai,7,8.3,297.4,2468.21
5,5.7,17.8,4.4,5.6,5.2,3.3,6.8,Lucknow,10,7.0,367.7,2574.0
2,6.8,21.8,1.9,1.5,1.4,5.4,7.6,Hyderabad,1,7.9,240.3,1898.37
4,4.9,21.7,3.6,1.9,4.6,3.7,8.2,Mumbai,7,8.9,344.4,3065.26
4,7.4,17.1,2.0,2.0,4.8,3.7,5.8,Pune,5,8.1,254.6,2062.15
1,7.8,20.2,6.1,4.1,3.9,3.6,4.2,Lucknow,1,7.2,454.5,3272.63
1,8.8,20.1,8.1,3.4,3.8,0.6,3.6,Lucknow,1,7.3,560.3,4089.96
6,7.8,19.9,1.8,3.7,0.7,0.7,7.3,Mumbai,1,8.9,268.1,2386.42
3,11.1,24.0,12.0,3.3,0.3,3.9,7.9,Delhi,11,7.6,721.5,5483.28
1,12.5,19.9,10.3,3.4,1.7,4.1,7.1,Chennai,9,8.5,623.1,5296.7
4,6.0,19.6,3.8,2.5,6.3,4.6,4.3,Delhi,11,7.3,370.8,2707.06
3,9.4,18.0,1.8,0.5,5.7,5.0,4.7,Delhi,3,7.6,261.5,1987.17
1,12.3,17.5,6.7,0.7,3.1,2.2,4.9,Delhi,5,7.6,442.3,3361.46
2,9.5,21.2,6.7,1.9,5.6,4.5,3.0,Kolkata,11,7.5,457.0,3427.19
5,8.8,18.6,5.6,2.9,1.1,4.4,7.0,Jaipur,10,7.4,417.1,3086.34
1,2.4,19.4,6.1,6.4,2.3,5.3,5.7,Lucknow,12,7.4,462.0,3419.12
1,5.6,20.6,5.7,1.5,6.2,5.4,8.9,Delhi,9,7.7,418.0,3218.22
2,6.0,20.2,2.9,1.3,7.2,2.4,4.1,Chennai,6,8.5,307.3,2611.79
4,10.5,20.4,5.0,0.0,4.5,2.9,5.7,Jaipur,12,7.6,439.6,3341.22
6,5.2,20.4,6.3,4.5,0.0,3.3,3.5,Jaipur,9,7.5,444.9,3336.45
2,6.8,21.9,2.6,3.1,5.7,1.8,5.2,Delhi,8,7.6,292.6,2224.1
6,9.1,24.0,2.1,0.9,2.5,4.7,7.6,Ahmedabad,8,7.4,302.1,2235.29
1,5.1,23.7,0.8,3.4,4.4,2.7,6.1,Delhi,1,7.7,204.7,1576.01
4,7.7,18.9,1.6,2.3,3.2,4.8,4.1,Ahmedabad,9,7.8,239.1,1865.04
3,7.4,23.6,4.8,6.1,5.0,5.3,3.0,Delhi,6,7.6,424.4,3225.24
1,9.2,16.8,5.6,2.2,3.1,2.6,5.3,Chennai,9,8.5,388.1,3299.26
2,8.6,18.3,5.5,6.9,8.5,0.4,6.4,Ahmedabad,3,7.7,477.5,3676.78
3,8.6,22.1,1.2,3.8,4.9,3.0,7.6,Kolkata,12,7.5,247.8,1858.84
5,7.5,22.0,1.4,2.7,0.5,5.0,4.5,Jaipur,3,7.4,250.9,1856.39
3,2.8,21.8,2.9,3.0,0.0,5.0,4.5,Delhi,6,7.3,291.4,2127.23
2,7.3,18.2,5.4,4.1,0.0,2.8,10.2,Jaipur,9,7.5,407.0,3052.83
3,7.1,18.2,5.3,3.0,4.2,3.2,6.0,Delhi,7,7.5,395.2,2964.16
2,8.9,20.4,0.3,1.6,4.9,2.8,7.9,Lucknow,3,7.0,176.0,1232.06
1,5.9,19.2,0.8,4.8,0.0,2.1,3.5,Lucknow,3,7.3,186.8,1363.43
4,7.1,22.7,4.2,5.5,5.4,0.4,6.6,Bengaluru,2,8.0,421.2,3369.41
5,7.2,19.2,3.9,5.6,3.7,3.8,7.5,Delhi,9,7.5,394.9,2962.09
4,5.2,19.1,5.0,3.2,6.2,2.3,6.1,Bengaluru,3,7.9,385.9,3048.91
4,4.1,15.1,1.3,5.7,1.1,3.3,2.5,Mumbai,11,9.0,193.4,1740.95
4,8.0,22.6,1.9,4.1,3.6,4.0,4.2,Mumbai,5,8.9,259.1,2305.55
2,9.5,21.0,1.9,2.9,3.6,4.4,6.7,Jaipur,9,7.4,262.7,1943.75
2,5.4,13.1,0.8,2.4,1.5,2.0,2.8,Ahmedabad,8,7.7,155.9,1200.7
5,6.5,21.3,2.6,5.3,0.5,1.5,11.1,Delhi,2,7.5,319.3,2395.09
2,9.1,18.8,1.0,0.1,4.9,3.9,8.3,Hyderabad,3,7.9,212.1,1675.84
6,9.3,22.3,1.5,6.3,3.5,4.0,3.0,Delhi,2,7.7,291.3,2242.89
2,7.6,19.7,4.3,3.8,3.8,2.2,6.5,Delhi,8,7.7,380.8,2932.42
2,8.0,17.6,4.2,2.3,5.7,4.5,6.2,Hyderabad,6,7.9,364.1,2876.5
2,8.3,24.0,4.4,2.1,2.9,2.9,8.2,Mumbai,6,9.0,389.9,3508.68
1,8.8,24.0,2.1,2.6,3.6,1.9,2.0,Bengaluru,12,7.9,286.9,2266.34
5,4.3,19.4,6.4,4.9,3.7,1.5,6.3,Jaipur,9,7.4,481.9,3565.73
6,11.8,21.1,2.2,4.1,3.8,3.7,3.6,Mumbai,8,9.0,286.9,2582.1
2,7.7,18.6,14.0,2.6,0.2,3.4,6.9,Hyderabad,4,8.2,810.8,6648.25
5,8.8,14.9,1.2,2.4,3.0,3.6,3.8,Delhi,12,7.6,209.1,1588.99
3,5.1,24.0,1.3,4.1,5.3,1.3,8.7,Mumbai,4,8.9,269.4,2397.81
1,6.5,17.6,2.5,9.0,2.7,0.0,6.6,Chennai,9,8.1,287.6,2329.73
2,7.9,23.8,3.5,9.0,2.1,3.9,2.4,Lucknow,1,7.0,387.2,2710.44
6,2.5,22.1,1.1,5.6,4.9,4.8,2.0,Delhi,2,7.3,223.1,1628.88
1,4.7,20.9,1.5,2.0,3.0,0.6,7.0,Pune,2,8.0,231.2,1849.25
6,5.2,19.9,5.2,5.0,1.7,2.4,4.6,Hyderabad,6,8.3,402.7,3342.73
